code	b_d	c_d	d_d	a_u	b_u	c_u	d_u	error	actual	trial	session
uzap	82.9	318.3	424.3	116.6	208.2	0.0	0.0	0		1	20260724-legacy
paco	68.2	260.3	344.2	107.3	171.8	0.0	0.0	0		2	20260724-legacy
xhzu	108.8	277.3	342.0	86.3	188.9	0.0	0.0	0		3	20260724-legacy
bjwf	97.2	290.7	461.0	82.1	190.4	382.4	0.0	0		4	20260724-legacy
rrny	172.8	325.4	510.8	0.0	0.0	0.0	0.0	0		5	20260724-legacy
rmmi	160.5	292.3	1616.5	0.0	0.0	0.0	0.0	1	rrmm	6	20260724-legacy
rbxt	206.3	279.8	498.6	79.1	282.8	490.4	0.0	0		7	20260724-legacy
nwzl	28.4	261.5	288.6	91.2	117.6	0.0	0.0	1	nwxl	8	20260724-legacy
fvxm	256.6	799.0	887.1	99.8	398.1	856.9	0.0	0		9	20260724-legacy
gcuy	63.4	129.5	297.5	120.5	170.8	214.3	0.0	0		10	20260724-legacy
scwf	163.9	343.9	517.2	100.5	257.3	438.2	0.0	0		11	20260724-legacy
kdeu	62.5	267.0	399.4	110.3	141.5	355.5	0.0	0		12	20260724-legacy
bqfd	68.1	295.4	492.6	148.4	202.5	381.8	0.0	0		13	20260724-legacy
yccw	143.2	296.5	511.5	0.0	0.0	0.0	0.0	0		14	20260724-legacy
ycrp	67.6	210.4	374.9	91.5	212.4	320.3	0.0	0		15	20260724-legacy
vwoc	48.1	199.6	315.7	126.1	135.6	296.8	0.0	1	vwos	16	20260724-legacy
rqln	66.5	153.0	240.7	141.0	187.2	0.0	0.0	0		17	20260724-legacy
xgxk	107.5	261.5	349.6	0.0	0.0	0.0	0.0	0		18	20260724-legacy
jcij	85.1	247.9	541.9	0.0	0.0	0.0	0.0	0		19	20260724-legacy
fhtd	73.9	211.5	448.5	86.4	159.2	291.4	0.0	0		20	20260724-legacy
wfsj	84.6	275.8	350.8	124.0	195.0	0.0	0.0	0		21	20260724-legacy
ford	82.3	186.9	410.9	85.3	175.8	288.0	0.0	0		22	20260724-legacy
yjkk	267.1	466.6	606.6	0.0	0.0	0.0	0.0	1	jykk	23	20260724-legacy
ratb	65.0	270.0	510.8	142.7	198.0	359.7	0.0	1	ratv	24	20260724-legacy
odxa	66.0	261.2	576.1	92.5	152.4	357.0	0.0	0		25	20260724-legacy
nupc	214.3	372.5	498.8	85.4	298.8	467.9	0.0	0		26	20260724-legacy
drbk	67.9	325.7	534.7	113.6	163.8	418.4	0.0	0		27	20260724-legacy
exmx	215.1	449.6	568.1	0.0	0.0	0.0	0.0	0		28	20260724-legacy
cpdu	83.6	223.2	294.1	86.6	159.1	0.0	0.0	0		29	20260724-legacy
ghwy	69.7	194.6	311.6	88.0	152.9	309.6	0.0	0		30	20260724-legacy
rxwm	165.2	384.5	458.1	84.6	249.3	0.0	0.0	0		31	20260724-legacy
aukc	72.7	267.5	375.1	101.7	170.6	0.0	0.0	0		32	20260724-legacy
bseu	63.4	300.7	353.2	117.4	154.7	0.0	0.0	0		33	20260724-legacy
amds	110.2	223.1	597.4	128.2	217.1	318.2	0.0	0		34	20260724-legacy
wbzv	211.3	581.5	843.2	107.4	289.0	695.9	0.0	0		35	20260724-legacy
gfaw	214.4	415.9	610.7	101.5	324.1	525.1	0.0	0		36	20260724-legacy
nxym	50.8	239.5	463.2	93.4	165.0	308.1	0.0	0		37	20260724-legacy
wbip	80.8	213.1	353.0	93.8	185.7	344.4	0.0	0		38	20260724-legacy
bhbk	65.9	218.3	332.2	0.0	0.0	0.0	0.0	0		39	20260724-legacy
kosz	38.5	170.4	402.0	137.3	154.7	277.1	0.0	0		40	20260724-legacy
boif	47.8	97.1	217.2	78.7	174.3	182.6	0.0	0		41	20260724-legacy
mnlx	146.8	328.4	467.9	78.4	250.4	429.2	0.0	1	nmlx	42	20260724-legacy
vdiu	70.8	153.9	219.1	134.6	196.4	0.0	0.0	0		43	20260724-legacy
xnxi	97.6	188.7	277.9	0.0	0.0	0.0	0.0	0		44	20260724-legacy
fqts	39.6	244.7	343.2	115.4	145.4	341.2	0.0	0		45	20260724-legacy
prly	66.0	238.0	314.6	101.0	153.5	0.0	0.0	0		46	20260724-legacy
cafm	88.6	266.6	358.8	116.4	202.1	0.0	0.0	0		47	20260724-legacy
jqwl	45.3	232.7	309.6	87.6	151.2	0.0	0.0	0		48	20260724-legacy
fnkf	92.0	261.3	479.4	112.0	169.4	358.7	0.0	1	fnkd	49	20260724-legacy
hvpz	67.1	240.8	329.8	86.1	190.1	0.0	0.0	0		50	20260724-legacy
uhfa	190.4	419.0	571.6	100.3	278.9	0.0	0.0	0		51	20260724-legacy
uesx	31.7	260.7	475.6	111.3	113.3	350.1	0.0	0		52	20260724-legacy
iqua	49.6	217.2	298.2	84.9	151.6	0.0	0.0	0		53	20260724-legacy
mpaf	33.2	180.1	342.5	135.6	144.9	291.1	0.0	0		54	20260724-legacy
vyso	67.2	215.4	321.5	97.5	145.8	0.0	0.0	0		55	20260724-legacy
wftf	81.5	311.1	533.0	0.0	0.0	0.0	0.0	0		56	20260724-legacy
dlry	105.6	212.5	299.2	89.6	204.0	0.0	0.0	0		57	20260724-legacy
gknf	126.7	203.4	374.8	99.8	234.6	341.2	0.0	0		58	20260724-legacy
erkf	59.1	194.4	322.2	134.0	149.0	284.6	0.0	0		59	20260724-legacy
cptg	87.3	222.8	439.3	85.3	161.1	305.1	0.0	0		60	20260724-legacy
qqct	149.3	386.3	551.4	0.0	0.0	0.0	0.0	0		61	20260724-legacy
oqvf	45.2	285.9	722.4	121.5	153.6	496.7	0.0	0		62	20260724-legacy
kbpq	71.4	525.5	601.7	117.6	158.8	0.0	0.0	0		63	20260724-legacy
bqms	69.8	216.9	345.1	147.8	177.4	325.7	0.0	0		64	20260724-legacy
fczb	85.5	372.4	560.4	148.9	201.7	472.9	0.0	0		65	20260724-legacy
wnlu	70.3	262.7	338.9	116.8	151.4	0.0	0.0	0		66	20260724-legacy
pigp	42.8	188.2	364.2	0.0	0.0	0.0	0.0	0		67	20260724-legacy
fgtq	176.1	358.7	525.6	95.1	268.6	459.5	0.0	0		68	20260724-legacy
newh	122.3	175.5	363.0	96.1	237.2	322.0	0.0	0		69	20260724-legacy
msfc	76.7	232.6	551.3	117.1	256.3	360.3	0.0	0		70	20260724-legacy
jsdy	24.2	197.3	295.0	89.4	128.2	278.9	0.0	0		71	20260724-legacy
ymxy	227.2	545.0	591.2	0.0	0.0	0.0	0.0	0		72	20260724-legacy
ihpe	66.6	280.4	452.3	151.2	168.3	384.7	0.0	0		73	20260724-legacy
jwku	97.8	277.7	377.2	93.8	213.5	0.0	0.0	0		74	20260724-legacy
jhxb	177.7	447.8	722.8	91.2	272.1	539.6	0.0	0		75	20260724-legacy
dwqv	192.7	436.1	891.0	95.8	288.4	535.0	0.0	0		76	20260724-legacy
pynh	74.6	296.8	483.3	159.5	164.3	368.1	0.0	1	pynj	77	20260724-legacy
fjom	93.9	228.1	316.0	91.9	178.2	0.0	0.0	0		78	20260724-legacy
pemv	78.2	234.1	411.7	114.0	163.2	355.0	0.0	0		79	20260724-legacy
clbf	94.7	483.2	702.0	90.5	208.3	556.8	0.0	0		80	20260724-legacy
qlhu	81.5	202.8	395.6	109.4	200.8	294.7	0.0	0		81	20260724-legacy
hmhy	1038.8	1241.6	1408.5	0.0	0.0	0.0	0.0	1	ihmh	82	20260724-legacy
dlov	84.8	295.2	402.8	90.0	163.0	387.0	0.0	0		83	20260724-legacy
evtw	113.7	358.9	457.2	131.0	220.6	0.0	0.0	0		84	20260724-legacy
bjrm	99.5	259.4	350.8	88.0	193.2	347.8	0.0	0		85	20260724-legacy
whct	70.7	243.8	417.4	78.9	155.1	340.8	0.0	0		86	20260724-legacy
wfgi	56.6	383.4	474.2	119.0	183.0	470.7	0.0	0		87	20260724-legacy
gtbj	202.2	424.4	485.4	93.6	260.3	0.0	0.0	0		88	20260724-legacy
ylmh	67.0	280.6	503.5	112.5	179.9	352.1	0.0	0		89	20260724-legacy
bqgz	83.4	498.7	592.9	162.5	197.0	0.0	0.0	0		90	20260724-legacy
lxlc	82.8	233.1	468.4	0.0	0.0	0.0	0.0	0		91	20260724-legacy
ydry	66.9	286.1	370.0	0.0	0.0	0.0	0.0	0		92	20260724-legacy
dmwq	100.8	402.9	562.1	79.0	247.3	499.8	0.0	0		93	20260724-legacy
lmmy	219.9	354.1	566.0	0.0	0.0	0.0	0.0	0		94	20260724-legacy
omer	2900.6	3071.0	3140.7	0.0	0.0	0.0	0.0	1	mmer	95	20260724-legacy
tklu	82.9	262.4	309.6	103.1	152.6	0.0	0.0	0		96	20260724-legacy
pbpf	99.1	234.1	365.6	0.0	0.0	0.0	0.0	0		97	20260724-legacy
dlrx	83.8	229.2	488.4	86.8	183.1	321.4	0.0	0		98	20260724-legacy
uftf	95.6	393.5	849.3	0.0	0.0	0.0	0.0	0		99	20260724-legacy
ujrg	209.7	307.8	519.1	97.2	305.8	397.0	0.0	0		100	20260724-legacy
tljd	59.1	182.2	311.6	85.2	227.6	318.6	393.7	0		1	20260724-212038
bqqo	211.5	357.8	593.7	0.0	0.0	0.0	0.0	0		2	20260724-212038
kqzv	36.0	352.7	870.1	98.0	151.0	468.3	954.6	0		3	20260724-212038
yptj	77.6	185.0	302.1	147.1	202.3	280.2	406.4	0		4	20260724-212038
hzun	67.1	197.9	396.0	87.0	192.7	273.8	480.1	0		5	20260724-212038
gawc	56.3	295.7	542.9	158.9	194.3	369.6	619.5	0		6	20260724-212038
qjsz	79.8	248.9	491.9	116.9	175.5	351.0	598.4	0		7	20260724-212038
itso	62.1	203.7	316.9	88.9	164.1	312.4	412.6	0		8	20260724-212038
pfsc	74.8	260.9	567.5	93.0	188.6	382.9	660.2	0		9	20260724-212038
hqot	46.9	215.3	320.0	103.1	159.3	324.0	414.8	0		10	20260724-212038
vszg	60.4	330.1	633.5	149.1	177.9	459.6	719.9	0		11	20260724-212038
jhcf	154.3	327.7	529.5	67.9	245.5	410.9	618.9	0		12	20260724-212038
nxco	104.8	377.6	472.8	87.7	201.4	464.8	569.1	0		13	20260724-212038
xvhe	50.9	246.4	357.9	134.8	182.6	345.4	436.1	0		14	20260724-212038
gysr	73.8	222.1	325.1	97.1	146.7	358.6	425.4	0		15	20260724-212038
thcu	38.4	245.3	311.8	94.7	119.4	346.0	396.8	0		16	20260724-212038
kwmx	63.9	452.1	565.0	98.2	163.3	545.9	661.9	0		17	20260724-212038
ejbd	91.7	342.6	603.9	111.3	196.0	440.4	699.1	0		18	20260724-212038
xgkc	211.6	374.3	514.0	96.1	302.9	477.6	614.7	0		19	20260724-212038
kkox	143.9	330.1	501.6	0.0	0.0	0.0	0.0	0		20	20260724-212038
ngtl	77.8	276.2	360.2	89.4	168.1	382.2	474.2	0		21	20260724-212038
zpsz	78.8	260.9	529.0	0.0	0.0	0.0	0.0	0		22	20260724-212038
bmhi	127.5	345.4	427.9	79.9	221.7	503.6	529.8	0		23	20260724-212038
qnxa	129.5	360.5	560.9	114.5	224.1	435.6	655.6	0		24	20260724-212038
twij	59.2	242.0	463.9	141.5	198.6	337.1	551.7	0		25	20260724-212038
xmuc	115.1	368.9	581.1	101.3	213.3	461.1	667.6	0		26	20260724-212038
snro	97.1	294.4	395.6	101.1	213.7	397.7	514.3	0		27	20260724-212038
lmtf	62.2	277.4	572.8	130.2	191.7	374.7	679.8	0		28	20260724-212038
qhrb	141.3	303.3	570.4	125.0	238.0	397.4	675.0	0		29	20260724-212038
nrej	91.9	492.0	609.0	107.4	180.5	598.0	712.8	0		30	20260724-212038
oxir	95.6	242.0	391.9	111.1	216.7	358.6	492.1	0		31	20260724-212038
sluy	142.0	216.6	425.4	93.8	292.8	307.8	516.4	0		32	20260724-212038
prbw	99.9	392.1	580.2	103.3	185.3	483.0	671.2	0		33	20260724-212038
nlhm	124.3	311.8	663.9	84.0	243.6	409.5	0.0	1	nljh	34	20260724-212038
zdof	209.1	328.5	441.7	120.3	274.6	424.4	535.8	0		35	20260724-212038
uqyx	79.7	285.7	527.3	106.7	192.5	369.3	636.7	0		36	20260724-212038
tnbr	131.4	346.2	579.8	92.1	228.4	436.2	671.3	0		37	20260724-212038
dfbv	87.0	377.8	603.4	168.9	206.0	442.9	704.3	0		38	20260724-212038
waio	218.0	305.7	484.2	95.4	329.0	405.1	590.0	0		39	20260724-212038
ekxt	120.3	263.8	465.8	85.4	208.2	359.7	552.5	0		40	20260724-212038
prow	108.5	258.3	365.7	102.8	204.7	347.7	461.9	0		41	20260724-212038
qbuw	338.2	502.3	749.4	104.6	407.1	590.4	834.4	0		42	20260724-212038
yhnm	703.8	1000.6	1194.7	81.4	779.0	1064.6	1280.3	0		43	20260724-212038
ohea	58.9	243.1	338.2	128.0	160.8	392.7	474.2	0		44	20260724-212038
opee	89.0	232.2	378.9	0.0	0.0	0.0	0.0	0		45	20260724-212038
sume	87.3	302.1	377.0	94.3	161.3	393.2	456.9	0		46	20260724-212038
zklg	163.7	353.4	430.7	122.9	245.3	0.0	0.0	1	zklh	47	20260724-212038
dide	92.6	189.2	394.9	0.0	0.0	0.0	0.0	0		48	20260724-212038
ptdt	100.5	316.4	455.9	0.0	0.0	0.0	0.0	0		49	20260724-212038
xvjt	64.0	232.9	352.9	148.0	170.7	337.9	440.1	0		50	20260724-212038
ujdy	202.3	333.8	426.8	82.0	289.1	403.8	505.1	0		1	20260724-212631
tqxu	33.4	290.3	368.5	133.3	146.8	400.0	454.4	0		2	20260724-212631
jdez	88.6	284.4	537.8	109.6	171.2	386.6	665.4	0		3	20260724-212631
sqrs	133.1	367.0	507.9	0.0	0.0	0.0	0.0	0		4	20260724-212631
tqzd	59.2	530.9	787.6	158.8	179.7	630.2	859.9	0		5	20260724-212631
nyyz	229.6	382.6	487.5	0.0	0.0	0.0	0.0	0		6	20260724-212631
ohjx	59.9	278.5	449.8	163.3	165.3	376.6	544.8	0		7	20260724-212631
errv	249.3	393.1	643.7	0.0	0.0	0.0	0.0	0		8	20260724-212631
kdfm	103.8	334.2	450.4	106.8	194.3	424.9	538.0	0		9	20260724-212631
lxib	103.7	294.3	470.9	111.7	200.1	384.3	544.5	0		10	20260724-212631
yizl	77.1	268.1	372.5	182.1	218.8	386.7	489.1	0		11	20260724-212631
zgnb	228.7	600.7	834.8	108.9	300.7	692.6	909.8	0		12	20260724-212631
kpcd	263.6	593.6	807.0	112.6	363.3	671.4	881.9	0		13	20260724-212631
ivsz	100.7	398.5	665.6	81.5	229.3	486.1	771.5	0		14	20260724-212631
wfrm	167.6	400.5	494.5	118.4	262.0	485.9	587.2	0		15	20260724-212631
naoo	115.1	318.7	476.9	0.0	0.0	0.0	0.0	0		16	20260724-212631
iqzq	90.9	372.4	616.0	0.0	0.0	0.0	0.0	0		17	20260724-212631
thuw	93.2	295.1	412.1	96.4	173.5	384.4	0.0	1	thuq	18	20260724-212631
qbbt	296.1	460.4	693.4	0.0	0.0	0.0	0.0	0		19	20260724-212631
mhsf	202.2	349.0	570.8	88.5	283.9	446.9	654.4	0		20	20260724-212631
kvwq	115.9	358.1	656.0	92.0	233.0	463.7	757.0	0		21	20260724-212631
iluw	177.8	370.2	600.8	101.6	293.9	490.4	682.4	0		22	20260724-212631
rego	102.0	377.5	465.4	183.5	225.2	469.7	582.0	0		23	20260724-212631
gahe	63.3	233.7	332.4	145.7	181.7	318.2	420.3	0		24	20260724-212631
gele	66.4	190.3	296.0	0.0	0.0	0.0	0.0	0		25	20260724-212631
rjwz	99.1	275.7	554.5	92.1	196.5	383.6	665.9	0		26	20260724-212631
tvxd	255.6	530.0	731.0	86.0	357.6	620.0	807.3	0		27	20260724-212631
ccki	124.3	266.1	440.1	0.0	0.0	0.0	0.0	0		28	20260724-212631
gdul	228.7	426.5	592.5	91.9	299.8	521.9	709.0	0		29	20260724-212631
ipra	80.8	252.7	388.1	173.6	210.3	357.5	522.6	0		30	20260724-212631
jetv	102.8	311.6	543.8	100.8	177.6	392.0	646.5	0		31	20260724-212631
cfll	187.6	312.8	464.3	0.0	0.0	0.0	0.0	0		32	20260724-212631
hpqd	75.2	432.4	670.4	150.2	210.3	530.2	750.3	0		33	20260724-212631
rzlk	254.1	1590.4	1729.2	86.9	379.2	1716.5	0.0	1	rxzl	34	20260724-212631
aslo	83.9	206.1	390.0	183.3	236.9	284.0	468.2	0		1	20260724-214325
nsff	101.8	302.7	439.0	0.0	0.0	0.0	0.0	0		2	20260724-214325
yflf	249.6	447.1	572.1	0.0	0.0	0.0	0.0	0		3	20260724-214325
plsg	200.7	385.1	614.0	109.0	323.8	492.4	694.8	0		4	20260724-214325
grlf	199.7	401.7	503.4	79.5	283.5	513.4	606.5	0		5	20260724-214325
hgwd	92.9	292.6	514.5	143.1	180.7	398.3	608.7	0		6	20260724-214325
rmxp	117.7	348.7	473.7	98.0	251.6	453.8	581.6	0		7	20260724-214325
srej	196.4	371.6	550.2	98.1	276.9	484.8	646.9	0		8	20260724-214325
gokx	63.4	283.4	392.4	98.6	172.8	376.0	490.3	0		9	20260724-214325
daoy	174.6	293.2	426.2	76.0	290.2	415.2	550.6	0		10	20260724-214325
jans	124.2	260.7	391.0	99.3	226.4	365.4	490.3	0		11	20260724-214325
bpyo	108.5	285.8	398.4	80.7	221.7	428.8	531.1	0		12	20260724-214325
yjwq	207.0	322.6	568.2	84.6	311.6	429.6	674.2	0		13	20260724-214325
hyhg	197.4	408.9	527.6	0.0	0.0	0.0	0.0	0		14	20260724-214325
ivqd	134.6	354.0	602.0	107.8	252.1	465.6	693.9	0		15	20260724-214325
azqa	229.2	512.8	747.9	0.0	0.0	0.0	0.0	0		16	20260724-214325
uyzo	194.5	383.4	468.4	90.8	266.2	497.1	576.7	0		17	20260724-214325
nsdq	113.9	337.6	532.1	104.7	209.2	424.7	679.2	0		18	20260724-214325
vemp	97.7	228.8	382.9	171.1	206.8	419.9	500.4	0		19	20260724-214325
nivi	89.2	289.8	378.4	0.0	0.0	0.0	0.0	0		20	20260724-214325
pfof	124.7	330.9	446.6	0.0	0.0	0.0	0.0	0		21	20260724-214325
laxp	92.6	355.8	464.2	122.2	189.6	455.2	555.4	0		22	20260724-214325
uvqd	117.7	428.5	687.4	122.4	243.2	526.3	780.3	0		23	20260724-214325
wjkw	113.7	273.0	349.5	0.0	0.0	0.0	0.0	0		24	20260724-214325
lndb	92.5	287.3	552.8	190.0	202.0	387.2	636.8	0		25	20260724-214325
gjuz	111.4	282.0	372.7	104.4	190.3	401.8	477.4	0		26	20260724-214325
braa	295.6	536.7	716.7	0.0	0.0	0.0	0.0	0		27	20260724-214325
zdjn	204.7	423.4	636.1	117.0	291.4	514.6	714.4	0		28	20260724-214325
sgmc	203.6	378.6	583.9	91.5	292.0	497.3	670.2	0		29	20260724-214325
yvkh	122.5	514.8	679.9	87.5	244.6	620.3	774.0	0		30	20260724-214325
bzmw	193.4	421.3	559.7	82.3	318.5	527.6	658.8	0		31	20260724-214325
xnrl	152.7	323.1	475.1	111.3	250.2	417.2	582.5	0		32	20260724-214325
gusq	101.2	259.3	482.2	97.2	208.8	370.4	583.2	0		33	20260724-214325
qwbb	195.7	487.4	632.2	0.0	0.0	0.0	0.0	0		34	20260724-214325
gevd	68.6	368.7	525.8	149.4	212.9	587.1	610.5	0		35	20260724-214325
ynbp	267.2	675.2	869.2	81.9	358.8	750.9	953.0	0		36	20260724-214325
acbf	235.7	557.6	844.2	117.4	360.3	648.5	931.4	0		37	20260724-214325
coiv	132.8	330.9	498.9	88.0	212.6	428.3	609.3	0		38	20260724-214325
ssdi	152.9	361.3	492.2	0.0	0.0	0.0	0.0	0		39	20260724-214325
ijou	80.5	304.6	366.3	149.3	202.5	462.5	490.7	0		40	20260724-214325
wrqy	151.1	396.1	577.5	139.2	253.4	516.0	654.4	0		41	20260724-214325
fqsu	68.9	310.8	388.8	167.2	199.6	427.8	493.7	0		42	20260724-214325
kgkt	97.5	244.1	367.8	0.0	0.0	0.0	0.0	0		43	20260724-214325
lhds	78.0	252.3	344.1	171.8	186.6	375.9	479.6	0		44	20260724-214325
jxvn	143.8	377.2	569.5	90.9	233.2	487.2	674.4	0		45	20260724-214325
ekut	149.9	214.2	405.3	89.5	307.3	348.0	501.8	0		46	20260724-214325
kkxz	156.9	329.0	568.4	0.0	0.0	0.0	0.0	0		47	20260724-214325
ckme	103.1	288.5	377.8	93.0	171.6	384.0	461.5	0		48	20260724-214325
rmgw	103.0	342.9	428.7	89.5	227.1	495.8	554.1	0		49	20260724-214325
lhzf	42.7	164.0	326.7	140.6	150.2	305.3	434.3	0		50	20260724-214325
smag	118.5	242.9	429.5	103.4	229.4	356.6	538.5	0		51	20260724-214325
blmr	97.1	258.7	342.1	86.7	174.1	363.1	431.2	0		52	20260724-214325
fzkc	63.1	281.3	381.6	146.9	204.0	366.2	468.3	0		53	20260724-214325
dqku	63.5	235.7	301.7	112.4	187.9	381.0	455.7	0		54	20260724-214325
wirs	104.0	217.5	353.3	88.5	193.8	364.3	448.2	0		55	20260724-214325
igxb	97.3	606.5	844.0	110.9	184.1	686.0	932.0	0		56	20260724-214325
proh	74.5	232.2	348.2	100.9	162.3	405.2	459.3	0		57	20260724-214325
pqgi	60.9	261.0	327.6	97.9	167.1	366.0	410.2	0		58	20260724-214325
xgzl	58.0	286.1	359.3	154.2	156.2	405.6	458.4	0		59	20260724-214325
lwyv	90.2	262.1	514.0	119.0	214.2	349.9	613.1	0		60	20260724-214325
kgih	99.1	215.7	352.5	106.1	214.7	378.3	492.3	0		61	20260724-214325
ccge	147.1	381.4	475.2	0.0	0.0	0.0	0.0	0		62	20260724-214325
wbij	311.2	0.0	0.0	135.0	0.0	0.0	0.0	1	wi	63	20260724-214325
twmm	74.9	208.2	339.2	0.0	0.0	0.0	0.0	0		64	20260724-214325
lkie	95.9	323.2	453.3	177.2	202.5	395.9	531.1	0		65	20260724-214325
ncxs	136.8	291.5	582.3	90.2	322.3	411.5	0.0	1	ncxz	66	20260724-214325
gnhf	99.9	292.0	411.8	109.3	172.8	381.1	503.0	0		67	20260724-214325
arbl	62.8	318.2	420.0	147.9	155.9	401.1	529.3	0		68	20260724-214325
muwb	184.4	441.2	685.1	73.5	265.2	521.9	755.6	0		69	20260724-214325
xero	257.8	332.5	539.8	85.2	408.0	432.5	625.5	0		70	20260724-214325
cpxg	110.0	494.4	667.4	95.4	202.5	579.1	759.3	0		71	20260724-214325
utym	122.1	328.3	572.6	110.1	217.7	415.2	675.4	0		72	20260724-214325
uect	117.8	357.9	531.0	94.9	193.8	460.2	630.9	0		73	20260724-214325
bzfs	193.9	474.6	793.1	83.4	311.0	556.0	931.8	0		74	20260724-214325
fqmo	60.2	211.8	296.1	150.2	187.8	377.8	415.8	0		75	20260724-214325
bpaw	78.3	217.1	455.3	87.3	159.1	331.7	539.9	0		76	20260724-214325
cnyu	113.4	356.6	517.6	100.4	198.8	427.7	606.9	0		77	20260724-214325
codp	114.2	252.0	418.5	84.9	198.3	326.7	501.9	0		78	20260724-214325
vilv	103.0	339.9	502.9	0.0	0.0	0.0	0.0	0		79	20260724-214325
swcr	234.2	537.5	737.5	103.8	325.9	625.5	816.0	0		80	20260724-214325
jire	64.7	277.8	369.1	161.8	215.5	418.7	538.0	0		81	20260724-214325
ovmn	108.2	323.4	0.0	93.0	223.5	0.0	0.0	1	ovn	82	20260724-214325
jodb	68.9	209.6	422.9	133.3	162.9	314.5	500.6	0		83	20260724-214325
bldk	126.5	317.8	508.3	80.0	227.4	404.7	592.7	0		84	20260724-214325
vzem	82.1	323.3	428.2	144.2	202.4	410.8	541.6	0		85	20260724-214325
rcvu	255.0	551.0	652.6	82.3	341.3	645.6	737.9	0		86	20260724-214325
xmxl	388.9	534.5	656.4	0.0	0.0	0.0	0.0	0		87	20260724-214325
lfab	113.6	336.4	577.9	98.2	213.9	437.3	652.7	0		88	20260724-214325
ebzx	222.4	496.9	743.9	91.7	314.3	609.2	844.5	0		89	20260724-214325
hazk	99.7	343.3	456.9	89.4	200.5	448.7	543.2	0		90	20260724-214325
magi	79.0	287.0	341.0	109.1	173.6	383.3	454.0	0		91	20260724-214325
gzex	75.0	294.2	511.8	151.6	204.9	378.2	621.8	0		92	20260724-214325
obtz	62.9	313.8	581.5	84.5	151.0	397.0	689.7	0		93	20260724-214325
imck	189.2	335.8	417.1	93.1	279.6	426.1	516.3	0		94	20260724-214325
heze	63.6	311.8	533.6	0.0	0.0	0.0	0.0	0		95	20260724-214325
bqpm	104.0	351.7	457.3	154.3	224.3	500.7	599.9	0		96	20260724-214325
gjbg	105.3	321.5	573.1	0.0	0.0	0.0	0.0	0		97	20260724-214325
wech	211.7	442.1	550.9	104.8	270.0	535.9	639.1	0		98	20260724-214325
hfcw	91.6	374.5	575.1	94.1	192.4	460.6	656.6	0		99	20260724-214325
tjbf	104.5	309.3	553.5	72.7	203.7	415.8	636.4	0		100	20260724-214325
jpxs	64.4	250.7	471.2	139.7	183.6	353.2	561.4	0		101	20260724-214325
nvad	96.8	335.1	460.0	104.8	199.9	470.2	565.0	0		102	20260724-214325
ugyl	118.0	287.3	426.4	91.2	195.7	424.4	538.3	0		103	20260724-214325
yqvs	58.6	420.3	511.0	91.4	189.5	588.0	621.6	0		104	20260724-214325
cvie	191.5	423.1	498.3	91.3	312.4	514.2	579.4	0		105	20260724-214325
nzwg	58.4	312.2	550.1	87.4	181.9	409.4	632.7	0		106	20260724-214325
oxzj	88.6	467.7	552.8	113.8	188.3	565.5	657.9	0		107	20260724-214325
ithw	130.9	279.5	387.7	91.4	205.5	370.0	500.3	0		108	20260724-214325
gzqd	86.4	375.8	615.8	146.0	218.0	458.7	702.0	0		109	20260724-214325
bpox	118.3	318.9	445.6	124.0	197.6	429.3	536.3	0		110	20260724-214325
wsio	191.0	396.1	502.8	86.8	289.9	558.9	669.4	0		111	20260724-214325
iouq	193.2	268.1	503.9	91.0	360.1	401.0	621.7	0		112	20260724-214325
gjgn	82.8	198.1	332.9	0.0	0.0	0.0	0.0	0		113	20260724-214325
qqmq	169.6	302.5	406.0	0.0	0.0	0.0	0.0	0		114	20260724-214325
uocz	88.7	330.3	543.0	164.3	209.2	419.8	652.0	0		115	20260724-214325
ixvu	120.5	416.0	544.7	86.4	206.5	524.3	629.8	0		116	20260724-214325
sooc	196.3	345.0	458.6	0.0	0.0	0.0	0.0	0		117	20260724-214325
cpma	92.5	287.3	360.4	90.5	170.8	395.0	471.5	0		118	20260724-214325
imis	187.1	352.6	529.3	0.0	0.0	0.0	0.0	0		119	20260724-214325
fnmw	179.4	382.0	529.2	107.8	268.9	489.2	625.9	0		120	20260724-214325
xouj	198.6	257.5	477.3	95.4	329.7	359.8	571.3	0		121	20260724-214325
darr	179.3	388.1	551.2	0.0	0.0	0.0	0.0	0		122	20260724-214325
xmaj	145.8	249.6	435.6	90.1	244.6	347.8	541.2	0		123	20260724-214325
kmhi	98.0	336.6	487.8	157.0	200.2	564.4	573.9	0		124	20260724-214325
arhj	166.8	453.6	788.7	123.4	264.2	609.4	908.0	0		125	20260724-214325
exgj	230.5	717.1	815.0	85.3	312.3	817.4	914.2	0		126	20260724-214325
fsbl	82.3	330.7	441.3	146.1	201.6	429.3	538.4	0		127	20260724-214325
kcby	63.9	317.8	493.5	90.0	154.7	407.3	562.8	0		128	20260724-214325
cdhx	184.7	327.1	481.2	73.9	265.8	416.9	581.0	0		129	20260724-214325
kjth	47.5	192.8	309.7	142.1	172.7	289.7	408.7	0		130	20260724-214325
bpqi	86.9	224.5	297.6	97.3	183.9	326.9	405.8	0		131	20260724-214325
vmjp	130.4	355.8	442.3	144.6	225.3	507.6	553.0	0		132	20260724-214325
ktcp	133.7	368.6	433.1	98.6	210.7	469.0	536.1	0		133	20260724-214325
ntvu	98.7	345.7	443.6	123.1	184.9	479.0	547.8	0		134	20260724-214325
wtow	86.0	291.9	487.5	0.0	0.0	0.0	0.0	0		135	20260724-214325
rony	95.2	249.9	459.7	82.2	200.2	330.4	550.2	0		136	20260724-214325
cexp	192.4	431.6	567.6	84.2	280.8	535.2	668.8	0		137	20260724-214325
dhsa	106.0	414.9	476.7	102.0	198.1	540.0	602.5	0		138	20260724-214325
xuay	104.5	262.6	351.1	91.6	193.9	358.6	430.7	0		139	20260724-214325
qnnb	158.3	326.9	469.8	0.0	0.0	0.0	0.0	0		140	20260724-214325
avzf	205.6	371.6	543.3	110.1	271.0	500.9	641.7	0		141	20260724-214325
nxci	97.0	385.9	455.2	100.0	201.1	451.9	550.9	0		142	20260724-214325
swrj	341.8	579.8	764.0	99.8	440.9	677.1	847.3	0		143	20260724-214325
hpgr	119.1	401.9	601.4	176.2	253.0	478.1	696.8	0		144	20260724-214325
dknv	120.1	254.1	553.9	91.4	213.7	381.6	655.3	0		145	20260724-214325
llaw	163.7	531.4	833.9	0.0	0.0	0.0	0.0	0		146	20260724-214325
hpft	81.1	270.1	486.2	151.7	221.8	356.0	573.0	0		147	20260724-214325
eggr	253.3	404.0	626.3	0.0	0.0	0.0	0.0	0		148	20260724-214325
jlnk	82.8	395.6	626.4	141.0	228.4	474.0	705.7	0		149	20260724-214325
itnr	183.2	355.5	492.5	102.6	286.6	457.4	587.3	0		150	20260724-214325
wtln	210.7	382.9	551.0	97.3	303.5	557.4	686.2	0		151	20260724-214325
yxel	107.6	341.8	438.8	90.5	198.4	430.3	563.6	0		152	20260724-214325
gbnx	212.9	469.3	765.1	84.9	293.5	554.1	860.7	0		153	20260724-214325
hijx	102.8	320.2	553.1	165.8	213.6	430.8	658.6	0		154	20260724-214325
rsts	85.5	346.6	467.0	0.0	0.0	0.0	0.0	0		155	20260724-214325
epdu	114.2	249.2	329.1	75.0	204.9	332.6	456.8	0		156	20260724-214325
miii	201.2	358.5	517.4	0.0	0.0	0.0	0.0	0		157	20260724-214325
dgml	183.9	752.1	897.7	81.9	292.2	867.8	1001.2	0		158	20260724-214325
wzqd	494.0	934.2	1185.4	103.1	598.8	1026.6	1255.6	0		159	20260724-214325
oebj	69.7	343.6	449.1	106.9	162.0	426.6	542.5	0		160	20260724-214325
udij	106.2	240.4	465.6	113.2	201.8	340.0	568.8	0		161	20260724-214325
ezdn	318.5	582.2	778.6	72.0	425.7	660.9	881.2	0		162	20260724-214325
cady	156.8	356.5	452.6	78.0	257.8	444.5	531.2	0		163	20260724-214325
pbjr	123.0	336.4	440.5	92.5	212.7	424.5	542.3	0		164	20260724-214325
kksx	135.7	343.1	568.9	0.0	0.0	0.0	0.0	0		165	20260724-214325
tlnf	125.9	350.5	462.5	98.5	232.9	427.9	560.9	0		166	20260724-214325
ltkd	125.2	294.7	422.9	116.2	212.8	386.2	512.0	0		167	20260724-214325
jfes	134.6	323.2	541.7	102.0	234.9	416.5	647.4	0		168	20260724-214325
smfa	142.8	608.3	689.0	135.1	257.7	777.8	828.4	0		169	20260724-214325
cbun	158.9	344.5	552.0	134.9	227.1	432.1	633.9	0		170	20260724-214325
bvjg	208.1	576.1	737.7	86.9	301.2	659.0	829.2	0		171	20260724-214325
qwro	344.4	629.8	766.4	115.1	450.8	716.8	858.1	0		172	20260724-214325
kgin	104.4	263.3	413.4	88.7	215.9	375.8	523.6	0		173	20260724-214325
dkgv	155.4	625.4	950.0	74.3	245.5	699.5	1058.3	0		174	20260724-214325
qrlo	92.6	313.7	496.8	160.5	215.4	375.9	581.1	0		175	20260724-214325
buol	109.6	185.5	417.0	85.5	263.2	294.4	516.5	0		176	20260724-214325
ikqj	204.7	446.7	605.9	90.0	317.5	565.6	704.6	0		177	20260724-214325
phcl	72.0	264.0	356.4	153.5	175.5	354.4	468.3	0		179	20260724-214325
zrtb	199.5	420.9	701.5	89.6	291.4	496.4	0.0	1	zrtv	180	20260724-214325
zfum	93.9	225.8	438.9	167.7	218.4	302.9	530.1	0		181	20260724-214325
vlsd	115.8	273.2	363.4	120.3	217.1	442.5	500.1	0		182	20260724-214325
uohy	55.4	277.0	454.1	126.1	183.6	355.0	534.9	0		183	20260724-214325
plja	218.5	409.1	671.4	112.0	321.6	520.0	746.6	0		184	20260724-214325
rpwr	110.4	486.8	582.0	0.0	0.0	0.0	0.0	0		185	20260724-214325
otbd	86.0	567.1	804.3	88.0	176.1	653.0	890.4	0		186	20260724-214325
same	178.1	304.8	417.0	88.6	273.9	400.2	516.8	0		187	20260724-214325
tgti	207.5	408.7	469.0	0.0	0.0	0.0	0.0	0		188	20260724-214325
nqak	77.5	431.1	505.0	85.7	190.0	548.0	588.0	0		189	20260724-214325
rtxk	206.9	441.3	535.6	100.2	287.0	546.4	626.0	0		190	20260724-214325
pnvw	190.0	565.2	653.2	101.2	298.0	728.8	830.6	0		191	20260724-214325
nfsi	111.5	326.6	401.7	114.5	214.8	456.9	527.8	0		192	20260724-214325
cdhi	200.0	359.0	474.0	78.1	283.6	536.0	598.9	0		193	20260724-214325
fqfn	49.5	268.8	351.1	0.0	0.0	0.0	0.0	0		194	20260724-214325
snlg	120.6	367.1	534.1	113.3	216.5	469.6	621.8	0		195	20260724-214325
uebq	70.5	361.0	572.2	90.4	163.4	451.6	669.1	0		196	20260724-214325
nnlf	156.6	353.1	459.1	0.0	0.0	0.0	0.0	0		197	20260724-214325
ekma	125.8	320.5	400.7	75.1	206.4	420.2	500.1	0		198	20260724-214325
robc	114.0	313.9	579.5	78.6	229.0	398.3	662.5	0		199	20260724-214325
yogf	83.4	512.5	744.0	130.7	234.6	600.3	828.9	0		200	20260724-214325
nayl	81.0	262.0	454.9	84.0	208.1	341.5	559.8	0		201	20260724-214325
ffpd	153.5	312.5	406.0	0.0	0.0	0.0	0.0	0		202	20260724-214325
urrv	108.0	244.1	537.2	0.0	0.0	0.0	0.0	0		203	20260724-214325
drmm	116.5	258.9	411.5	0.0	0.0	0.0	0.0	0		204	20260724-214325
teca	97.7	395.0	483.5	160.9	208.3	495.5	602.1	0		205	20260724-214325
qvgr	108.0	416.5	630.3	148.9	237.2	499.5	707.1	0		206	20260724-214325
dpio	115.0	387.9	483.0	88.9	205.5	611.0	612.0	0		207	20260724-214325
lkeb	72.2	283.0	510.0	158.8	212.3	374.4	599.2	0		208	20260724-214325
wqjw	48.4	412.0	550.0	0.0	0.0	0.0	0.0	0		209	20260724-214325
ydzf	110.5	414.0	562.2	89.6	190.4	534.3	658.1	0		210	20260724-214325
ecaf	278.8	503.4	743.1	80.3	352.9	613.5	836.1	0		211	20260724-214325
ddok	130.1	247.6	422.5	0.0	0.0	0.0	0.0	0		212	20260724-214325
tmfu	90.1	287.6	438.7	78.3	202.9	390.2	526.1	0		213	20260724-214325
thht	178.4	329.5	411.5	0.0	0.0	0.0	0.0	0		214	20260724-214325
anzr	112.6	435.7	581.9	81.7	210.4	555.7	675.7	0		215	20260724-214325
bcra	0.0	0.0	0.0	0.0	0.0	0.0	0.0	1	c	216	20260724-214325
lmtc	74.0	317.7	554.4	146.9	204.7	412.2	638.3	0		217	20260724-214325
xbbn	301.9	456.5	612.4	0.0	0.0	0.0	0.0	0		218	20260724-214325
xxnz	150.6	345.0	588.4	0.0	0.0	0.0	0.0	0		219	20260724-214325
hiyw	87.2	306.7	630.3	169.8	208.4	384.8	716.3	0		220	20260724-214325
vfcc	240.5	506.5	657.1	0.0	0.0	0.0	0.0	0		221	20260724-214325
scqe	219.9	426.8	711.1	105.9	308.9	505.2	785.2	0		222	20260724-214325
zxkq	241.7	439.1	634.3	123.6	331.8	545.2	730.8	0		223	20260724-214325
asdu	226.2	411.2	526.7	108.3	304.5	485.6	612.5	0		224	20260724-214325
kbnz	129.3	360.5	592.5	84.7	211.6	456.7	701.0	0		225	20260724-214325
ydfp	129.1	423.7	572.9	96.1	227.5	521.4	659.7	0		226	20260724-214325
ghcg	113.0	291.9	493.8	0.0	0.0	0.0	0.0	0		227	20260724-214325
olyx	197.2	401.8	591.0	74.9	288.8	480.0	699.5	0		228	20260724-214325
sdzo	101.9	366.9	466.7	168.9	211.2	489.5	559.2	0		229	20260724-214325
cjil	132.4	209.0	399.6	110.3	270.1	408.8	523.3	0		230	20260724-214325
xywa	98.6	311.2	647.8	101.1	181.9	409.7	745.9	0		231	20260724-214325
fobk	99.1	305.1	424.6	101.8	211.2	397.6	516.6	0		232	20260724-214325
favu	86.4	304.8	459.9	154.0	200.0	432.9	553.1	0		233	20260724-214325
xzee	216.9	463.6	642.1	0.0	0.0	0.0	0.0	0		234	20260724-214325
fevz	96.3	366.7	607.9	165.5	253.0	498.5	722.1	0		235	20260724-214325
fgdq	189.4	361.8	568.1	85.8	283.5	469.9	678.4	0		236	20260724-214325
jabp	104.1	412.1	699.9	106.1	208.0	492.1	784.6	0		237	20260724-214325
bhuo	156.6	386.7	499.7	112.7	245.7	533.3	662.6	0		238	20260724-214325
jphw	72.7	269.8	397.5	161.0	222.3	385.6	509.4	0		239	20260724-214325
svrh	224.3	469.1	545.7	99.5	314.1	549.7	635.9	0		240	20260724-214325
rtkp	205.9	400.9	585.3	93.8	294.6	491.2	681.2	0		241	20260724-214325
wsdf	403.8	670.0	939.7	100.8	501.9	754.9	1036.7	0		242	20260724-214325
wpdg	112.4	317.5	580.7	98.9	211.7	422.5	667.7	0		243	20260724-214325
srwd	213.8	683.3	0.0	101.5	283.7	0.0	0.0	1	sre	244	20260724-214325
rtem	225.2	430.5	519.7	93.8	300.5	506.7	622.0	0		245	20260724-214325
imqu	109.5	319.2	389.2	107.5	215.4	430.8	487.4	0		246	20260724-214325
unrr	202.1	323.9	461.3	0.0	0.0	0.0	0.0	0		247	20260724-214325
ibbj	209.6	363.1	467.2	0.0	0.0	0.0	0.0	0		248	20260724-214325
itll	86.8	224.0	375.5	0.0	0.0	0.0	0.0	0		249	20260724-214325
zlbk	100.9	332.9	448.4	117.0	206.9	417.6	538.4	0		250	20260724-214325
jvpo	85.2	290.4	396.3	128.7	194.2	460.2	539.3	0		1	20260724-215407
aqco	197.4	468.4	592.5	85.2	295.4	557.4	689.5	0		2	20260724-215407
tfzd	209.0	447.2	658.2	89.8	321.9	561.2	743.0	0		3	20260724-215407
xmqn	126.7	288.9	426.4	94.3	240.1	395.2	520.2	0		4	20260724-215407
bdyx	215.0	425.4	698.6	90.4	300.0	518.3	783.7	0		5	20260724-215407
ffaw	156.9	492.8	758.2	0.0	0.0	0.0	0.0	0		6	20260724-215407
kext	75.2	315.4	508.2	101.2	157.0	398.0	591.8	0		7	20260724-215407
bgls	200.7	370.9	486.8	76.0	280.5	481.8	592.5	0		8	20260724-215407
rivh	87.9	260.9	383.8	72.8	190.6	373.8	480.5	0		9	20260724-215407
mwed	103.2	284.7	511.2	95.7	224.8	368.0	605.6	0		10	20260724-215407
hvgv	107.1	378.0	573.4	0.0	0.0	0.0	0.0	0		11	20260724-215407
bair	188.3	285.9	399.3	101.1	288.9	383.9	494.6	0		12	20260724-215407
npjo	135.9	369.9	484.1	189.9	282.0	549.9	642.2	0		13	20260724-215407
zgvw	198.0	412.7	0.0	102.4	288.0	0.0	0.0	1	zgw	14	20260724-215407
ejkq	124.2	302.1	489.8	91.4	214.1	397.1	591.5	0		15	20260724-215407
arbn	83.8	387.1	493.6	138.0	187.9	447.7	591.8	0		16	20260724-215407
fuxl	103.5	452.4	534.5	101.5	206.3	546.3	642.0	0		17	20260724-215407
qtij	84.5	297.8	514.7	153.9	203.0	395.8	623.5	0		18	20260724-215407
oyjv	75.5	358.3	790.1	145.0	180.7	458.2	895.9	0		19	20260724-215407
buzv	101.8	330.6	547.9	90.8	203.5	440.8	664.4	0		20	20260724-215407
mgzo	121.9	340.9	430.7	130.9	218.4	462.0	534.1	0		21	20260724-215407
vwnk	64.5	195.3	362.3	159.4	193.3	442.3	495.5	0		22	20260724-215407
xzby	103.6	108.3	0.0	0.0	0.0	0.0	0.0	1	xza	23	20260724-215407
xdsf	200.4	378.0	597.9	96.5	276.0	483.0	710.2	0		24	20260724-215407
vtjl	236.1	414.2	532.1	95.9	316.6	569.2	658.9	0		25	20260724-215407
wvsf	92.5	403.4	597.4	175.8	249.3	524.9	723.6	0		26	20260724-215407
peku	85.7	346.1	440.3	104.0	173.8	531.0	586.3	0		27	20260724-215407
yghs	105.1	304.1	409.9	86.2	204.1	422.6	521.9	0		28	20260724-215407
haew	96.7	340.1	557.4	94.7	201.2	440.3	650.6	0		29	20260724-215407
kypp	93.2	309.3	477.0	0.0	0.0	0.0	0.0	0		30	20260724-215407
glye	93.4	285.4	349.2	97.4	193.4	377.9	428.0	0		31	20260724-215407
gkxp	82.3	267.1	398.3	101.3	176.1	384.3	498.5	0		32	20260724-215407
othr	198.5	311.9	498.3	110.1	301.4	397.2	586.9	0		33	20260724-215407
bgfw	431.5	819.9	939.9	94.0	533.2	988.0	1086.9	0		34	20260724-215407
uaaq	100.8	242.2	685.2	0.0	0.0	0.0	0.0	0		35	20260724-215407
bouz	137.0	213.8	312.9	94.7	297.8	315.9	427.1	0		36	20260724-215407
bcms	99.7	366.9	497.4	164.2	206.5	471.4	597.1	0		37	20260724-215407
xkyd	108.3	333.3	526.3	110.3	203.2	422.0	613.8	0		38	20260724-215407
nywj	208.1	436.7	539.3	85.2	285.0	533.1	634.8	0		39	20260724-215407
zmfz	145.2	488.3	865.5	0.0	0.0	0.0	0.0	0		40	20260724-215407
ovmr	95.5	279.5	440.6	85.3	196.6	393.7	533.4	0		41	20260724-215407
jzky	79.2	280.3	399.2	101.9	208.4	467.6	519.0	0		42	20260724-215407
kysi	71.6	243.5	308.6	150.2	195.0	352.7	471.4	0		43	20260724-215407
kycw	53.9	593.6	796.1	153.6	180.1	686.3	884.1	0		44	20260724-215407
iryo	78.3	310.5	416.7	91.7	175.2	459.9	555.4	0		45	20260724-215407
icxs	168.3	566.1	938.9	103.2	259.1	667.6	1021.3	0		46	20260724-215407
ehay	132.3	304.2	425.7	82.1	224.1	400.5	516.1	0		47	20260724-215407
viyd	98.3	336.4	522.3	135.3	185.1	426.0	610.8	0		48	20260724-215407
zprw	101.8	297.5	465.5	116.9	203.3	397.0	577.6	0		49	20260724-215407
gmes	124.2	279.5	491.5	102.2	226.4	351.6	596.8	0		50	20260724-215407
qdyb	210.4	410.4	539.6	105.1	314.3	503.1	625.1	0		51	20260724-215407
myba	200.1	393.8	609.1	68.1	289.7	546.2	0.0	1	mybs	52	20260724-215407
uzyc	91.0	287.8	504.3	98.5	221.5	377.3	583.2	0		53	20260724-215407
ypjc	92.0	359.2	623.3	169.7	216.8	482.4	721.9	0		54	20260724-215407
ucsi	143.2	329.7	415.0	96.8	239.5	433.1	521.3	0		55	20260724-215407
bhyk	114.9	405.3	500.5	93.1	189.5	587.5	646.3	0		56	20260724-215407
odpi	109.4	381.7	510.2	96.8	229.3	612.2	698.7	0		57	20260724-215407
bhvl	133.2	359.6	457.2	89.8	217.0	488.4	567.5	0		58	20260724-215407
tefz	100.5	358.2	531.5	177.9	234.2	509.9	685.5	0		59	20260724-215407
ofgp	145.5	480.0	645.5	143.5	255.0	572.5	758.1	0		60	20260724-215407
ngcq	81.6	307.8	538.9	100.2	185.0	419.2	641.2	0		61	20260724-215407
okoc	439.5	732.9	937.3	0.0	0.0	0.0	0.0	0		62	20260724-215407
tmhp	79.6	301.6	439.2	87.2	164.4	405.3	567.6	0		63	20260724-215407
yqlb	73.7	269.1	523.4	83.0	167.5	370.9	614.2	0		64	20260724-215407
azwr	271.6	727.3	829.2	118.8	387.8	842.7	942.3	0		65	20260724-215407
rbax	292.1	557.8	1055.5	95.7	394.2	674.8	1139.7	0		66	20260724-215407
qfcz	87.2	389.8	684.3	171.1	225.8	511.9	792.1	0		67	20260724-215407
jiop	743.9	827.0	1116.1	105.3	913.2	978.7	1203.7	0		68	20260724-215407
idyl	106.1	303.2	470.3	112.0	215.6	515.6	624.7	0		69	20260724-215407
vjad	121.3	406.0	524.6	143.2	239.9	514.8	609.6	0		70	20260724-215407
hbcc	99.5	361.7	540.4	0.0	0.0	0.0	0.0	0		71	20260724-215407
lxtr	82.7	325.8	514.5	114.3	175.6	404.8	615.0	0		72	20260724-215407
ujwx	210.9	513.3	786.8	94.4	300.0	604.2	883.2	0		73	20260724-215407
iezq	80.8	356.1	590.3	111.5	164.6	455.4	684.0	0		74	20260724-215407
dahp	57.9	241.8	411.7	115.9	179.6	387.0	529.3	0		75	20260724-215407
rqkn	79.7	255.2	334.1	161.6	249.2	0.0	0.0	1	rqkm	76	20260724-215407
ilit	606.2	656.9	886.3	0.0	0.0	0.0	0.0	0		77	20260724-215407
famq	92.4	238.4	359.3	158.8	178.5	350.4	457.1	0		78	20260724-215407
klai	202.9	312.3	395.0	86.1	292.5	424.2	507.2	0		79	20260724-215407
bnqx	89.3	299.2	687.4	68.3	193.4	406.1	793.7	0		80	20260724-215407
dybd	103.4	358.8	430.1	0.0	0.0	0.0	0.0	1	dybb	81	20260724-215407
xhaz	90.5	558.4	839.3	97.1	180.3	652.7	947.2	0		82	20260724-215407
qywo	96.3	304.0	389.9	125.2	186.9	419.4	506.4	0		83	20260724-215407
woba	103.6	320.5	756.3	107.9	208.5	444.8	850.2	0		84	20260724-215407
hpzh	93.6	288.7	401.9	0.0	0.0	0.0	0.0	0		85	20260724-215407
bwyb	44.5	248.0	512.1	0.0	0.0	0.0	0.0	0		86	20260724-215407
yysg	152.5	179.7	476.6	0.0	0.0	0.0	0.0	0		87	20260724-215407
fslt	83.9	223.7	394.9	160.8	199.5	343.4	496.0	0		88	20260724-215407
altv	96.6	272.3	502.0	99.6	212.3	357.8	631.4	0		89	20260724-215407
bhvt	121.5	283.2	536.2	94.6	211.5	396.9	628.0	0		90	20260724-215407
pkxb	201.8	381.5	582.7	111.5	332.2	474.2	659.6	0		91	20260724-215407
xlyq	124.8	426.9	644.5	107.6	233.5	519.1	735.6	0		92	20260724-215407
xyog	117.6	281.5	503.3	116.3	180.3	397.2	590.5	0		93	20260724-215407
zilj	116.0	295.1	481.0	114.0	190.4	385.1	594.0	0		94	20260724-215407
yafj	58.9	274.2	357.4	84.2	148.6	375.8	452.1	0		95	20260724-215407
npqa	120.0	458.4	719.8	162.6	251.7	563.2	808.1	0		96	20260724-215407
ihtf	84.0	492.1	716.7	155.1	174.6	591.7	816.5	0		97	20260724-215407
zuaa	94.0	254.4	432.1	0.0	0.0	0.0	0.0	0		98	20260724-215407
hcdt	79.3	323.7	620.9	95.4	179.0	416.4	792.5	0		99	20260724-215407
igsk	74.6	217.8	308.6	96.7	154.6	344.7	417.1	0		100	20260724-215407
iwvy	86.3	381.5	520.3	102.1	191.1	509.9	598.2	0		101	20260724-215407
fbcv	251.0	509.5	727.1	91.3	326.3	601.2	834.9	0		102	20260724-215407
azqc	206.7	457.5	726.9	90.7	315.9	539.5	819.4	0		103	20260724-215407
dsml	204.9	371.1	488.1	95.1	313.9	507.6	603.8	0		104	20260724-215407
mlut	180.5	383.0	0.0	97.5	306.8	0.0	0.0	1	mlt	105	20260724-215407
ialt	101.4	218.2	386.1	95.4	222.2	344.7	490.7	0		106	20260724-215407
fgiw	226.8	347.4	498.5	112.5	317.2	442.4	612.2	0		107	20260724-215407
tdon	316.1	377.5	482.9	103.4	397.0	571.4	590.3	0		108	20260724-215407
qumb	76.7	332.1	499.8	99.8	177.3	384.1	596.3	0		109	20260724-215407
kmnn	400.3	590.2	738.7	0.0	0.0	0.0	0.0	0		110	20260724-215407
mnnv	233.7	376.5	515.0	0.0	0.0	0.0	0.0	0		111	20260724-215407
xpck	75.8	240.5	308.7	101.7	172.2	351.5	424.5	0		112	20260724-215407
minq	62.7	248.4	431.2	116.5	180.0	353.1	537.9	0		113	20260724-215407
vnlu	99.5	317.6	395.0	129.5	195.5	451.1	517.4	0		114	20260724-215407
ghfs	114.7	336.9	430.4	100.7	196.7	487.7	583.7	0		115	20260724-215407
oald	79.3	230.6	382.5	82.5	191.6	361.5	482.5	0		116	20260724-215407
cxjg	176.7	412.6	546.5	89.9	290.0	526.6	657.6	0		117	20260724-215407
ttwr	153.4	299.3	420.2	0.0	0.0	0.0	0.0	0		118	20260724-215407
qarc	567.3	645.1	915.3	104.6	758.1	774.0	1005.3	0		119	20260724-215407
hzbv	73.4	486.7	667.0	98.1	188.6	546.0	793.4	0		120	20260724-215407
tmxg	431.8	737.2	959.7	118.9	540.2	831.3	1047.2	0		121	20260724-215407
sccn	231.6	391.7	514.7	0.0	0.0	0.0	0.0	0		122	20260724-215407
kwpq	114.9	498.3	688.4	94.3	210.5	595.1	791.7	0		123	20260724-215407
wqco	82.4	393.9	489.3	172.8	226.4	501.9	600.9	0		124	20260724-215407
iomm	357.0	613.4	734.5	0.0	0.0	0.0	0.0	0		125	20260724-215407
horz	99.6	302.6	653.9	90.7	230.6	403.9	769.5	0		126	20260724-215407
scpn	216.6	339.5	512.5	100.6	317.0	451.9	630.5	0		127	20260724-215407
dvig	206.3	318.5	460.6	69.4	316.5	425.3	585.7	0		128	20260724-215407
gees	246.6	406.2	664.5	0.0	0.0	0.0	0.0	0		129	20260724-215407
agye	480.5	660.8	769.4	97.1	566.1	745.7	0.0	1	agyw	130	20260724-215407
wdbs	78.2	450.8	688.2	166.7	237.2	529.7	784.7	0		131	20260724-215407
oehm	88.2	286.1	492.3	123.1	192.8	363.8	583.2	0		132	20260724-215407
fqfi	70.9	311.9	389.7	0.0	0.0	0.0	0.0	0		133	20260724-215407
pnmt	207.4	375.6	509.3	100.9	258.6	507.3	601.7	0		134	20260724-215407
rhkw	121.4	267.9	391.9	82.9	212.8	386.8	484.8	0		135	20260724-215407
ppmw	150.4	384.9	508.3	0.0	0.0	0.0	0.0	0		136	20260724-215407
lpqu	208.6	476.0	558.8	103.7	329.5	578.5	663.9	0		137	20260724-215407
yssn	171.0	342.4	484.7	0.0	0.0	0.0	0.0	0		138	20260724-215407
zwhl	262.3	399.5	500.7	120.3	358.3	509.3	631.5	0		139	20260724-215407
agyu	209.2	308.0	513.4	132.9	315.4	383.3	619.2	0		140	20260724-215407
qmvb	101.8	957.0	1187.8	122.1	219.6	1056.0	1262.6	0		141	20260724-215407
jjfx	136.8	290.7	436.3	0.0	0.0	0.0	0.0	0		142	20260724-215407
jvoq	108.0	278.8	499.9	101.0	241.2	392.8	598.4	0		143	20260724-215407
bply	127.6	395.6	509.3	94.2	226.4	570.2	619.8	0		144	20260724-215407
winz	127.9	225.8	658.2	100.1	309.0	344.2	773.2	0		145	20260724-215407
tgxx	371.4	665.4	832.3	0.0	0.0	0.0	0.0	0		146	20260724-215407
qbkh	211.1	539.3	646.5	129.7	307.1	698.6	745.5	0		147	20260724-215407
dthx	155.4	351.4	565.8	99.7	256.4	460.0	655.4	0		148	20260724-215407
xgjl	114.7	389.5	527.1	133.2	222.9	534.0	647.2	0		149	20260724-215407
akde	130.5	273.1	470.5	102.8	228.6	363.0	571.8	0		150	20260724-215407
pkdk	197.5	406.7	491.6	0.0	0.0	0.0	0.0	0		151	20260724-215407
lvvt	154.2	335.0	592.5	0.0	0.0	0.0	0.0	0		152	20260724-215407
vzfg	82.7	356.9	565.7	183.8	215.4	451.5	662.0	0		153	20260724-215407
fqmo	73.7	325.0	402.4	156.1	201.2	477.2	499.0	0		154	20260724-215407
mmxc	145.2	317.5	639.4	0.0	0.0	0.0	0.0	0		155	20260724-215407
yxxm	172.6	330.4	466.8	0.0	0.0	0.0	0.0	0		156	20260724-215407
yacv	74.5	337.3	549.1	71.2	177.0	424.6	664.8	0		157	20260724-215407
bqkh	75.9	312.6	532.3	126.9	208.3	456.1	647.1	0		158	20260724-215407
xmup	115.3	325.3	498.8	105.3	192.8	452.7	600.3	0		159	20260724-215407
ukyu	115.2	402.6	571.7	0.0	0.0	0.0	0.0	0		160	20260724-215407
yjts	279.0	502.3	741.2	77.2	325.1	592.7	832.1	0		161	20260724-215407
jotg	73.1	396.1	818.3	205.5	218.5	498.7	926.4	0		162	20260724-215407
knci	82.1	297.6	361.8	136.3	177.5	396.1	477.1	0		163	20260724-215407
ycql	67.2	318.6	412.4	93.2	157.0	435.8	521.0	0		164	20260724-215407
svnz	98.5	318.0	539.8	152.9	251.3	436.2	657.3	0		165	20260724-215407
snks	131.5	277.2	495.5	0.0	0.0	0.0	0.0	0		166	20260724-215407
fmje	109.8	331.5	429.3	100.8	208.0	445.8	524.8	0		167	20260724-215407
fbut	199.4	298.3	450.6	74.8	289.7	389.3	539.5	0		168	20260724-215407
ssdx	156.1	318.6	551.5	0.0	0.0	0.0	0.0	0		169	20260724-215407
uern	123.0	184.2	345.0	96.1	259.7	325.8	442.2	0		170	20260724-215407
xgiv	251.1	362.0	516.7	91.0	343.2	452.7	641.5	0		171	20260724-215407
grey	384.4	455.9	634.2	89.0	514.5	582.5	728.5	0		172	20260724-215407
epem	83.8	188.5	0.0	87.8	0.0	0.0	0.0	1	epm	173	20260724-215407
tcwo	200.1	403.8	479.8	101.4	298.3	512.0	580.5	0		174	20260724-215407
gckt	128.6	333.8	433.0	103.6	244.2	431.5	517.9	0		175	20260724-215407
csrl	212.8	331.1	515.7	86.7	356.0	439.5	626.5	0		176	20260724-215407
xvmd	81.4	314.5	427.7	154.7	213.3	423.7	510.2	0		177	20260724-215407
xbwg	67.8	301.6	530.1	99.6	157.9	415.5	620.9	0		178	20260724-215407
omkh	177.6	340.3	625.1	92.8	265.4	441.8	713.7	0		179	20260724-215407
ybez	85.4	295.3	512.1	88.4	175.3	368.7	612.9	0		180	20260724-215407
kjmc	89.9	327.5	459.5	155.6	202.6	454.4	543.7	0		181	20260724-215407
hpcc	81.9	274.6	422.7	0.0	0.0	0.0	0.0	0		182	20260724-215407
vkie	110.5	311.7	398.4	118.4	198.7	411.4	490.2	0		183	20260724-215407
ovtn	86.8	374.8	447.7	96.0	207.9	467.8	542.4	0		184	20260724-215407
uuys	125.8	324.8	494.3	0.0	0.0	0.0	0.0	0		185	20260724-215407
znrh	143.2	311.3	460.5	121.8	239.8	398.0	551.5	0		186	20260724-215407
kyzo	128.9	353.4	420.3	173.7	242.2	487.9	561.1	0		187	20260724-215407
lobz	182.6	382.2	585.9	88.5	302.5	469.2	720.2	0		188	20260724-215407
jtnj	101.8	283.7	511.1	0.0	0.0	0.0	0.0	0		189	20260724-215407
hazk	107.8	0.0	0.0	88.3	0.0	0.0	0.0	1	hz	190	20260724-215407
lbsx	124.1	315.9	540.4	101.0	197.8	427.0	636.2	0		191	20260724-215407
qsug	217.3	389.3	478.7	127.4	317.4	485.2	580.3	0		192	20260724-215407
tbyc	248.3	542.5	715.2	79.6	335.1	617.6	801.1	0		193	20260724-215407
vzjo	63.1	245.3	324.3	148.6	179.9	388.7	458.8	0		194	20260724-215407
uers	131.8	193.0	401.8	92.9	259.3	301.3	519.7	0		195	20260724-215407
vtug	243.1	345.9	574.3	110.8	327.9	442.1	672.0	0		196	20260724-215407
nfot	133.4	248.2	367.1	85.9	230.1	345.2	473.2	0		197	20260724-215407
oayy	88.1	228.3	371.3	0.0	0.0	0.0	0.0	0		198	20260724-215407
atzr	171.9	388.4	555.7	82.3	265.9	489.8	664.2	0		199	20260724-215407
ykqs	126.9	346.5	589.5	183.1	260.4	457.5	715.3	0		200	20260724-215407
smty	147.9	377.5	500.0	101.1	248.0	470.8	568.8	0		201	20260724-215407
dpym	155.2	246.1	508.8	93.4	317.8	343.6	618.5	0		202	20260724-215407
enud	113.9	315.2	456.6	83.8	196.5	426.6	541.2	0		203	20260724-215407
uzei	127.0	438.4	513.7	103.9	222.6	533.3	624.0	0		204	20260724-215407
ugkr	133.5	393.7	524.4	106.4	231.3	490.6	610.1	0		205	20260724-215407
tfoo	233.1	389.0	526.3	0.0	0.0	0.0	0.0	0		206	20260724-215407
ejda	102.9	302.6	407.9	79.9	204.5	436.9	517.2	0		207	20260724-215407
jiwa	99.9	304.1	556.7	186.3	199.6	428.8	687.7	0		208	20260724-215407
drou	153.0	261.1	330.9	71.1	238.2	407.0	455.7	0		209	20260724-215407
bmdw	119.7	336.0	530.5	44.3	220.6	440.2	653.4	0		210	20260724-215407
viyr	148.5	396.4	0.0	146.5	243.5	0.0	0.0	1	vir	211	20260724-215407
qnex	114.4	236.0	482.9	126.5	204.5	335.5	588.2	0		212	20260724-215407
bkrg	116.0	281.1	484.1	104.4	212.9	371.1	590.4	0		213	20260724-215407
kxsr	110.9	368.5	626.2	108.9	204.2	459.3	695.6	0		214	20260724-215407
xzms	68.1	340.5	624.1	168.4	210.7	455.3	733.6	0		215	20260724-215407
ewem	503.3	687.1	791.1	0.0	0.0	0.0	0.0	0		216	20260724-215407
tqht	61.7	203.6	309.2	0.0	0.0	0.0	0.0	0		217	20260724-215407
xyhu	78.6	273.5	447.6	80.5	148.8	357.8	552.5	0		218	20260724-215407
wjlf	127.3	229.7	432.7	101.1	252.4	347.9	539.4	0		219	20260724-215407
ikyb	204.6	393.2	513.3	80.8	281.7	483.6	598.9	0		220	20260724-215407
yuzf	164.8	529.9	633.4	84.5	274.8	678.7	744.4	0		221	20260724-215407
lsca	73.3	364.8	417.2	100.3	181.5	461.0	543.0	0		222	20260724-215407
ryfr	112.8	272.4	509.1	0.0	0.0	0.0	0.0	0		223	20260724-215407
rzqq	182.1	445.3	614.1	0.0	0.0	0.0	0.0	0		224	20260724-215407
xdog	202.8	358.7	462.4	90.2	283.8	448.0	560.7	0		225	20260724-215407
crzz	221.4	519.1	687.3	0.0	0.0	0.0	0.0	0		226	20260724-215407
xtmc	200.8	452.0	699.6	78.2	286.2	544.7	767.0	0		227	20260724-215407
jdhh	111.9	299.8	443.1	0.0	0.0	0.0	0.0	0		228	20260724-215407
gbin	679.1	773.3	845.2	94.3	760.2	920.4	938.8	0		229	20260724-215407
gqcu	60.2	318.4	382.8	142.7	165.5	432.3	487.3	0		230	20260724-215407
lmep	68.7	268.0	376.1	158.7	218.9	361.9	491.1	0		231	20260724-215407
yqxt	59.8	303.9	460.5	89.0	155.1	427.3	554.0	0		232	20260724-215407
iinh	139.2	314.7	560.3	0.0	0.0	0.0	0.0	0		233	20260724-215407
ffql	156.1	294.0	398.1	0.0	0.0	0.0	0.0	0		234	20260724-215407
ssbt	159.3	365.2	582.2	0.0	0.0	0.0	0.0	0		235	20260724-215407
fypf	113.8	239.2	464.6	0.0	0.0	0.0	0.0	0		236	20260724-215407
oegw	102.3	413.4	492.1	113.6	169.0	554.2	591.2	0		237	20260724-215407
yjfo	188.2	376.3	450.1	66.7	280.7	478.1	559.1	0		238	20260724-215407
nxnw	106.7	254.7	449.7	0.0	0.0	0.0	0.0	0		239	20260724-215407
lzoq	136.8	339.7	557.0	114.8	250.0	447.3	665.3	0		240	20260724-215407
qslm	204.6	396.8	482.2	108.0	301.6	542.6	620.7	0		241	20260724-215407
tpuq	102.8	267.7	468.5	93.1	205.6	389.4	579.0	0		242	20260724-215407
guwj	135.0	507.0	596.2	105.2	231.0	613.2	708.6	0		243	20260724-215407
bjjw	129.1	248.6	400.4	0.0	0.0	0.0	0.0	0		244	20260724-215407
nybv	185.5	397.1	595.4	70.4	266.6	471.9	703.6	0		245	20260724-215407
stmd	129.2	279.0	374.2	130.2	227.9	392.7	458.8	0		246	20260724-215407
fpof	173.2	311.1	594.3	0.0	0.0	0.0	0.0	0		247	20260724-215407
oirl	55.6	282.2	355.5	157.1	190.0	358.5	474.4	0		248	20260724-215407
bomj	72.3	218.4	421.4	89.4	175.7	325.4	545.5	0		249	20260724-215407
cloa	67.2	251.1	277.7	85.6	143.2	345.3	392.0	0		250	20260724-215407
cfrm	210.1	813.0	1126.5	95.5	301.0	885.2	1219.9	0		251	20260724-215407
wccr	261.7	422.6	625.5	0.0	0.0	0.0	0.0	0		252	20260724-215407
yioz	330.0	0.0	0.0	85.1	0.0	0.0	0.0	1	yo	253	20260724-215407
tppm	147.9	305.3	467.7	0.0	0.0	0.0	0.0	0		254	20260724-215407
kobj	223.6	424.5	0.0	0.0	0.0	0.0	0.0	1	kok	255	20260724-215407
dmez	153.7	333.5	559.4	110.8	268.5	421.4	676.9	0		256	20260724-215407
egzg	47.0	398.6	495.8	0.0	0.0	0.0	0.0	0		257	20260724-215407
ilon	258.4	455.3	537.2	104.3	339.2	595.7	649.3	0		258	20260724-215407
otut	133.7	362.2	483.4	0.0	0.0	0.0	0.0	0		259	20260724-215407
kuih	201.8	276.0	479.1	84.5	354.1	405.4	574.2	0		260	20260724-215407
cduh	182.5	470.7	679.7	74.9	286.6	569.4	763.4	0		261	20260724-215407
sjox	113.0	272.9	380.5	110.5	204.8	383.5	493.5	0		262	20260724-215407
aeqj	252.9	565.1	813.6	106.8	344.9	673.6	906.2	0		263	20260724-215407
tyqn	87.0	522.3	568.0	84.0	169.4	624.8	677.6	0		264	20260724-215407
wcjv	234.3	408.1	646.6	0.0	0.0	0.0	0.0	1	wcjc	265	20260724-215407
hbpw	136.9	288.9	394.7	91.0	217.5	392.7	509.1	0		266	20260724-215407
plsd	212.7	389.4	664.7	92.8	321.3	493.4	738.6	0		267	20260724-215407
xczv	179.8	443.6	492.9	109.4	272.3	577.7	666.5	0		268	20260724-215407
dhev	81.6	233.4	408.2	78.6	161.8	337.2	557.7	0		269	20260724-215407
wybv	105.3	333.5	598.9	95.7	186.6	428.4	696.6	0		270	20260724-215407
zhmc	170.1	398.2	527.4	121.6	245.8	510.3	627.4	0		271	20260724-215407
pmjz	86.7	299.0	871.1	183.2	199.3	428.6	1008.2	0		272	20260724-215407
husa	170.4	376.9	602.5	74.1	260.3	466.0	714.3	0		273	20260724-215407
hqrj	134.6	270.6	435.6	78.7	259.9	388.4	535.7	0		274	20260724-215407
atzi	139.3	381.1	463.6	82.3	225.5	475.6	553.1	0		275	20260724-215407
tdhu	211.6	724.0	880.0	100.3	310.8	796.8	985.5	0		276	20260724-215407
wqgo	0.0	0.0	0.0	0.0	0.0	0.0	0.0	1	q	277	20260724-215407
ccjb	149.5	262.7	438.2	0.0	0.0	0.0	0.0	0		278	20260724-215407
uqdh	84.9	297.4	389.3	101.9	201.2	404.9	484.9	0		279	20260724-215407
eisl	96.8	233.0	306.3	82.1	171.2	335.8	414.2	0		280	20260724-215407
ebcv	223.4	908.7	0.0	85.9	306.8	0.0	0.0	1	ebx	281	20260724-215407
mxuu	91.1	266.0	399.3	0.0	0.0	0.0	0.0	0		282	20260724-215407
vxdr	70.4	320.8	416.2	162.8	175.8	449.5	535.4	0		283	20260724-215407
nbfr	82.7	357.7	558.3	92.8	162.3	445.4	643.7	0		284	20260724-215407
fjyn	120.7	320.5	531.0	90.5	212.0	398.5	627.3	0		285	20260724-215407
rrze	143.7	372.4	565.4	0.0	0.0	0.0	0.0	0		286	20260724-215407
mlzs	95.6	401.1	637.5	180.4	249.4	519.6	724.6	0		287	20260724-215407
ohms	58.2	274.5	337.3	151.3	158.3	385.9	448.7	0		288	20260724-215407
ajso	99.1	246.1	346.5	106.1	181.8	353.0	470.2	0		289	20260724-215407
fahz	72.8	259.9	385.5	153.2	173.5	353.3	504.8	0		290	20260724-215407
waei	225.6	417.3	521.0	93.6	309.8	490.3	602.8	0		291	20260724-215407
aoeb	135.8	247.1	465.8	93.0	236.9	328.0	548.7	0		292	20260724-215407
srzj	107.1	418.9	486.4	166.4	211.7	542.8	577.3	0		293	20260724-215407
hhqd	151.4	238.0	421.6	0.0	0.0	0.0	0.0	0		294	20260724-215407
zuxd	91.4	287.7	530.5	111.0	183.3	378.5	0.0	1	zuxs	295	20260724-215407
risg	84.8	230.4	396.9	103.3	168.5	366.7	508.3	0		296	20260724-215407
yuxq	162.1	456.2	665.8	83.9	278.2	551.2	761.5	0		297	20260724-215407
ifih	81.2	232.5	399.5	0.0	0.0	0.0	0.0	0		298	20260724-215407
uobr	62.8	314.9	529.0	140.1	205.5	388.1	597.6	0		299	20260724-215407
hqyl	56.4	245.0	401.2	93.7	157.3	320.3	510.9	0		300	20260724-215407
nhdo	585.2	731.4	818.3	82.5	666.5	811.2	922.6	0		301	20260724-215407
hbbg	121.3	278.6	478.0	0.0	0.0	0.0	0.0	0		302	20260724-215407
lxhl	109.5	278.0	437.8	0.0	0.0	0.0	0.0	0		303	20260724-215407
lxxx	123.4	289.0	464.0	0.0	0.0	0.0	0.0	0		304	20260724-215407
eigy	132.9	272.9	391.2	104.3	246.3	389.2	486.2	0		305	20260724-215407
vpkr	124.5	335.7	450.6	131.8	238.1	443.1	542.5	0		306	20260724-215407
hqry	91.2	227.5	356.6	101.2	216.5	353.6	451.7	0		307	20260724-215407
ytfv	64.9	424.0	642.1	85.8	164.7	503.9	731.7	0		308	20260724-215407
vuxe	138.9	366.6	579.5	132.9	227.6	459.3	662.0	0		309	20260724-215407
uoyy	61.7	250.3	396.3	0.0	0.0	0.0	0.0	0		310	20260724-215407
smlt	110.7	251.0	498.5	123.4	226.2	391.4	585.2	0		311	20260724-215407
bvgt	181.1	448.9	767.4	66.8	279.3	494.9	855.6	0		312	20260724-215407
ujye	195.9	365.4	580.5	96.3	268.3	447.4	650.0	0		313	20260724-215407
lxdc	79.4	312.2	508.4	113.3	172.8	384.4	591.4	0		314	20260724-215407
fnfn	90.3	226.1	314.2	0.0	0.0	0.0	0.0	0		315	20260724-215407
mzrl	67.3	243.0	309.8	122.6	164.7	326.1	399.7	0		316	20260724-215407
gukn	72.4	307.4	428.0	97.8	162.7	443.2	524.2	0		317	20260724-215407
bnhl	98.0	313.1	400.0	94.0	182.8	456.6	537.1	0		318	20260724-215407
zsqw	203.8	470.4	707.8	121.6	302.7	572.7	810.5	0		319	20260724-215407
rmpx	128.4	353.3	570.4	80.3	231.8	444.4	658.0	0		320	20260724-215407
jkqu	111.8	406.0	476.7	215.2	269.8	501.2	570.1	0		321	20260724-215407
bntq	119.6	277.8	465.0	99.0	217.5	370.5	568.3	0		322	20260724-215407
yppt	199.6	346.1	477.5	0.0	0.0	0.0	0.0	0		323	20260724-215407
fkav	128.9	336.6	532.7	143.1	225.7	440.7	659.1	0		324	20260724-215407
eqkx	67.5	275.8	400.9	123.4	193.4	375.6	497.3	0		325	20260724-215407
iqbz	74.3	588.5	696.4	105.0	179.9	737.5	838.9	0		326	20260724-215407
fizb	93.0	247.0	534.5	98.0	199.7	366.7	616.1	0		327	20260724-215407
uvdx	109.9	336.7	545.9	112.9	230.6	424.8	644.4	0		328	20260724-215407
zvty	69.9	360.3	454.5	156.0	212.0	465.0	547.4	0		329	20260724-215407
uotn	62.2	203.4	365.8	159.0	209.4	307.9	481.4	0		330	20260724-215407
jlmw	67.4	283.1	394.1	125.3	195.7	391.1	494.9	0		331	20260724-215407
lhhb	188.5	312.8	485.5	0.0	0.0	0.0	0.0	0		332	20260724-215407
hnhb	193.0	358.3	512.6	0.0	0.0	0.0	0.0	0		333	20260724-215407
jwpm	96.0	272.2	363.4	103.8	201.7	453.6	503.7	0		334	20260724-215407
kgid	142.6	257.0	405.3	112.5	230.9	346.3	487.6	0		335	20260724-215407
enbb	86.4	251.7	437.4	0.0	0.0	0.0	0.0	0		336	20260724-215407
grio	205.3	442.9	544.8	82.0	297.7	668.1	701.1	0		337	20260724-215407
mqfu	46.3	253.5	342.0	128.9	169.6	367.0	449.1	0		338	20260724-215407
mqkl	129.7	325.8	499.0	127.7	215.4	463.6	602.8	0		339	20260724-215407
gqzm	78.5	373.0	444.9	157.7	195.1	485.3	541.1	0		340	20260724-215407
etla	63.9	208.8	311.8	136.4	186.0	327.5	435.4	0		341	20260724-215407
rqra	77.7	331.7	569.2	0.0	0.0	0.0	0.0	0		342	20260724-215407
mqnt	64.6	235.2	377.4	112.9	184.8	346.1	475.4	0		343	20260724-215407
rufi	69.9	247.3	581.9	72.9	151.9	380.9	676.3	0		344	20260724-215407
obzx	126.1	312.4	845.6	118.0	191.5	504.0	939.5	0		345	20260724-215407
myzx	210.1	373.7	483.6	93.1	289.6	587.7	608.7	0		346	20260724-215407
muoq	219.1	328.3	531.0	83.0	378.6	465.9	648.5	0		347	20260724-215407
difk	89.8	241.0	358.1	107.8	179.3	347.0	473.5	0		348	20260724-215407
duiu	84.9	171.2	355.3	0.0	0.0	0.0	0.0	0		349	20260724-215407
zfma	91.0	231.3	322.9	147.0	187.1	336.4	419.3	0		350	20260724-215407
hweo	84.4	365.0	503.2	82.4	188.1	454.2	604.2	0		351	20260724-215407
biim	79.1	259.7	483.6	0.0	0.0	0.0	0.0	0		352	20260724-215407
zryj	193.3	554.2	771.9	120.7	287.5	625.9	875.8	0		353	20260724-215407
gemf	74.9	240.7	349.9	150.2	193.7	354.9	449.7	0		354	20260724-215407
rfxd	210.3	472.5	655.8	92.0	304.0	568.9	742.3	0		355	20260724-215407
pngo	159.1	327.3	415.2	106.1	240.9	419.2	522.0	0		356	20260724-215407
hjvh	195.5	339.6	483.6	0.0	0.0	0.0	0.0	0		357	20260724-215407
rufg	95.9	263.0	460.8	87.8	178.9	356.6	555.1	0		358	20260724-215407
dhya	103.0	293.1	385.1	111.7	180.0	387.1	468.4	0		359	20260724-215407
xkfy	133.7	352.7	475.6	105.7	233.7	458.6	556.5	0		360	20260724-215407
dkzk	157.7	287.9	393.1	0.0	0.0	0.0	0.0	0		361	20260724-215407
hkxs	68.6	670.6	1025.3	185.1	204.6	767.5	1111.2	0		362	20260724-215407
zuet	124.9	230.2	393.8	84.4	211.5	321.7	489.9	0		363	20260724-215407
phsv	63.2	187.8	352.2	155.8	157.2	360.2	492.2	0		364	20260724-215407
krrw	121.2	272.3	476.1	0.0	0.0	0.0	0.0	0		365	20260724-215407
vqdf	70.9	324.7	716.8	162.5	187.7	396.1	802.3	0		366	20260724-215407
sqnf	82.4	349.3	489.3	135.4	197.3	440.1	579.6	0		367	20260724-215407
krrt	124.2	248.2	504.0	0.0	0.0	0.0	0.0	0		368	20260724-215407
mnzx	201.0	322.9	458.1	88.1	281.4	499.6	583.0	0		369	20260724-215407
eskz	215.0	340.9	583.6	95.2	302.2	455.8	684.5	0		370	20260724-215407
cnei	133.0	257.8	351.9	84.3	199.1	324.7	433.2	0		371	20260724-215407
blfo	135.1	308.2	418.5	93.1	235.7	389.8	518.2	0		372	20260724-215407
wgcd	133.6	367.4	594.7	148.8	230.1	457.6	668.0	0		373	20260724-215407
zdti	193.9	396.1	456.8	127.0	259.6	485.1	550.5	0		374	20260724-215407
dsiz	69.1	289.2	438.0	115.0	202.2	385.1	549.4	0		375	20260724-215407
zlgh	115.6	290.4	373.7	118.6	220.3	384.8	459.3	0		376	20260724-215407
qbgu	172.5	441.5	513.9	171.5	281.7	540.9	611.0	0		377	20260724-215407
ujhu	193.3	371.7	596.2	0.0	0.0	0.0	0.0	0		378	20260724-215407
aylo	105.4	312.4	480.2	119.4	172.5	378.5	579.5	0		379	20260724-215407
flns	107.4	282.5	555.7	92.1	210.3	388.0	655.7	0		380	20260724-215407
uyum	170.2	411.4	641.7	0.0	0.0	0.0	0.0	0		381	20260724-215407
odtd	194.5	541.0	626.3	0.0	0.0	0.0	0.0	0		382	20260724-215407
nzhx	190.9	460.9	624.8	90.5	315.4	550.1	730.1	0		383	20260724-215407
kdpx	55.5	264.2	384.7	110.6	156.1	393.7	506.0	0		1	20260724-225405
usjf	69.5	279.5	373.6	107.8	191.0	389.5	470.2	0		2	20260724-225405
vxgs	80.5	348.0	672.4	148.2	210.5	451.5	776.1	0		3	20260724-225405
gxvp	71.9	375.6	529.8	138.8	197.9	506.8	636.8	0		4	20260724-225405
fcer	281.9	559.8	653.0	99.5	371.8	724.2	757.9	0		5	20260724-225405
wray	90.2	312.9	417.9	153.1	206.6	468.5	515.9	0		6	20260724-225405
ejsa	126.6	376.7	492.9	118.3	228.0	523.8	637.2	0		7	20260724-225405
opki	101.5	409.7	587.5	217.0	242.6	494.8	684.2	0		8	20260724-225405
qmks	142.4	259.0	373.1	132.4	240.0	376.1	497.5	0		9	20260724-225405
qttz	205.9	369.7	653.7	0.0	0.0	0.0	0.0	0		10	20260724-225405
wzwj	532.4	991.4	1253.2	0.0	0.0	0.0	0.0	0		11	20260724-225405
zmih	207.6	328.9	534.5	112.2	374.1	492.6	665.0	0		12	20260724-225405
xpnb	129.3	383.9	534.1	118.1	242.4	480.0	625.1	0		13	20260724-225405
cpbv	153.2	534.3	789.7	98.7	246.1	611.0	909.8	0		14	20260724-225405
blke	150.1	320.9	407.9	92.0	251.9	429.3	500.0	0		15	20260724-225405
aqon	265.9	504.0	604.5	100.1	318.5	700.7	707.5	0		16	20260724-225405
ytax	59.6	458.1	940.5	98.1	159.1	546.7	1042.4	0		17	20260724-225405
vyab	115.0	280.6	426.4	113.0	204.2	424.4	520.2	0		18	20260724-225405
clpz	87.5	320.2	426.7	112.9	198.4	439.5	554.2	0		19	20260724-225405
qcye	286.4	509.3	611.3	133.9	369.6	609.3	702.2	0		20	20260724-225405
mqyz	68.0	381.9	543.0	131.0	191.2	477.2	673.1	0		21	20260724-225405
abbw	285.5	459.1	679.3	0.0	0.0	0.0	0.0	0		22	20260724-225405
srcr	250.7	539.3	744.2	0.0	0.0	0.0	0.0	0		23	20260724-225405
dxqj	227.7	530.1	757.9	84.7	330.0	627.9	845.9	0		24	20260724-225405
cnnt	179.5	331.8	488.1	0.0	0.0	0.0	0.0	0		25	20260724-225405
rdnx	219.1	431.7	602.9	87.9	301.6	522.4	700.2	0		26	20260724-225405
fqwv	500.8	887.7	1250.0	96.9	628.9	987.4	1365.7	0		27	20260724-225405
cujh	109.6	322.0	486.5	115.6	188.2	397.3	576.1	0		28	20260724-225405
mkdx	0.0	0.0	0.0	0.0	0.0	0.0	0.0	1	k	29	20260724-225405
ewlh	207.3	580.2	666.8	91.1	322.6	738.2	773.7	0		30	20260724-225405
obcu	143.3	388.5	485.6	107.1	221.9	500.3	576.3	0		31	20260724-225405
kwkn	113.9	302.6	519.2	0.0	0.0	0.0	0.0	0		32	20260724-225405
awmn	251.9	527.9	727.8	101.6	347.8	622.1	814.4	0		33	20260724-225405
bszz	75.7	358.1	527.0	0.0	0.0	0.0	0.0	0		34	20260724-225405
fhoa	166.9	383.0	500.5	102.3	256.1	483.5	0.0	1	fhos	35	20260724-225405
ymkc	343.7	644.7	1015.8	107.7	472.8	767.3	1101.4	0		1	20260726-150628
fasc	110.4	354.0	579.7	207.6	225.5	465.3	690.5	0		2	20260726-150628
sfni	90.2	301.9	401.0	181.3	243.4	507.8	549.1	0		3	20260726-150628
yvju	112.6	338.8	538.9	117.7	236.6	433.0	647.5	0		4	20260726-150628
rlye	136.9	317.2	421.4	101.7	262.8	435.8	551.3	0		5	20260726-150628
puzg	44.7	250.5	478.2	151.3	171.6	356.3	567.0	0		6	20260726-150628
dfwy	86.4	443.3	560.3	161.7	250.5	557.2	665.4	0		7	20260726-150628
dqli	193.7	399.3	457.1	113.4	334.7	579.8	614.6	0		8	20260726-150628
wxzf	848.2	1138.1	1376.4	97.0	955.2	1253.0	1488.1	0		9	20260726-150628
adzv	138.2	455.1	566.2	173.7	266.3	570.5	721.3	0		10	20260726-150628
ipyx	0.0	0.0	0.0	0.0	0.0	0.0	0.0	1	o	11	20260726-150628
vkjr	176.3	377.3	476.5	114.2	263.9	496.9	595.1	0		12	20260726-150628
wbjm	560.4	792.8	1015.7	105.0	657.6	883.6	1110.9	0		13	20260726-150628
maeb	92.0	295.7	578.5	102.9	183.4	435.7	659.7	0		14	20260726-150628
ooup	164.5	388.7	480.7	0.0	0.0	0.0	0.0	0		15	20260726-150628
cqhu	216.0	372.3	559.4	125.6	348.9	442.8	675.2	0		16	20260726-150628
hjiw	294.6	417.9	682.7	102.4	486.8	559.0	778.3	0		17	20260726-150628
ebry	382.9	671.6	754.1	164.0	497.4	767.7	855.2	0		18	20260726-150628
qcrg	319.5	538.4	793.5	130.9	429.1	639.0	909.3	0		19	20260726-150628
fuie	191.0	279.8	523.6	112.3	384.0	434.3	619.9	0		20	20260726-150628
bkun	92.5	298.7	531.9	95.2	196.0	377.6	635.8	0		21	20260726-150628
imws	213.5	406.5	644.3	96.8	329.6	503.1	757.5	0		22	20260726-150628
duwx	124.4	407.6	742.7	94.8	250.3	503.4	832.6	0		23	20260726-150628
byqc	131.1	293.2	598.3	105.6	218.4	415.2	688.4	0		24	20260726-150628
bdxq	275.2	984.8	1193.4	84.4	373.8	1081.9	1299.2	0		25	20260726-150628
wyae	116.0	304.2	540.7	113.7	206.2	421.0	633.0	0		26	20260726-150628
wjkx	145.2	360.6	552.6	112.9	226.8	467.5	656.2	0		27	20260726-150628
bffj	261.1	438.1	611.3	0.0	0.0	0.0	0.0	0		28	20260726-150628
nytf	228.3	409.9	710.0	86.9	324.6	500.8	838.6	0		29	20260726-150628
pobe	151.5	302.4	411.0	204.1	296.8	462.4	518.1	0		30	20260726-150628
hzvv	152.1	368.8	0.0	0.0	0.0	0.0	0.0	1	hzz	31	20260726-150628
jbdx	145.1	403.5	665.2	112.4	244.4	498.5	784.2	0		32	20260726-150628
dczq	268.2	652.2	958.2	76.7	379.1	751.5	1065.3	0		33	20260726-150628
kepr	93.4	255.0	466.8	111.5	203.5	358.5	557.5	0		34	20260726-150628
dmvt	201.1	454.3	762.5	86.3	313.5	563.4	831.7	0		35	20260726-150628
bpdg	118.2	343.3	656.6	104.6	219.6	458.7	749.0	0		36	20260726-150628
vfle	219.7	416.4	531.0	117.7	335.1	543.4	636.4	0		37	20260726-150628
vxzg	107.2	440.3	687.3	210.0	259.8	559.0	796.1	0		38	20260726-150628
hhph	154.6	395.9	495.9	0.0	0.0	0.0	0.0	0		39	20260726-150628
uexj	120.2	422.6	511.6	113.7	205.3	522.8	618.4	0		40	20260726-150628
bfrv	244.9	519.3	782.1	100.4	359.9	606.9	907.3	0		41	20260726-150628
rhjj	122.4	349.9	485.8	0.0	0.0	0.0	0.0	0		42	20260726-150628
vhzt	159.9	425.7	677.4	139.3	256.9	533.5	761.0	0		43	20260726-150628
xaca	197.3	486.2	591.2	0.0	0.0	0.0	0.0	0		44	20260726-150628
vgwi	245.2	476.4	554.2	112.1	342.8	577.8	671.6	0		45	20260726-150628
eopf	80.3	336.7	469.8	120.2	190.7	440.2	591.3	0		46	20260726-150628
pcwc	0.0	0.0	0.0	0.0	0.0	0.0	0.0	1	c	47	20260726-150628
pkds	240.3	448.4	688.0	103.1	362.6	546.8	809.1	0		48	20260726-150628
iloy	0.0	0.0	0.0	0.0	0.0	0.0	0.0	1	o	49	20260726-150628
dfbu	85.4	328.5	461.5	136.6	199.2	440.3	552.6	0		50	20260726-150628
peqd	119.8	518.5	796.2	117.6	212.3	628.8	879.4	0		51	20260726-150628
tkug	121.5	231.6	528.9	100.4	307.9	388.9	623.8	0		52	20260726-150628
oiqi	77.3	277.6	373.5	0.0	0.0	0.0	0.0	0		53	20260726-150628
jpuw	84.7	301.0	484.6	169.3	240.5	413.6	586.9	0		54	20260726-150628
zjbb	99.5	360.3	559.8	0.0	0.0	0.0	0.0	0		55	20260726-150628
lxax	134.5	414.9	690.8	0.0	0.0	0.0	0.0	0		56	20260726-150628
lmzp	118.5	385.0	496.9	201.0	229.0	508.1	615.2	0		57	20260726-150628
caak	234.6	406.4	525.0	0.0	0.0	0.0	0.0	0		58	20260726-150628
gqpb	80.7	472.7	660.6	156.0	218.2	569.5	754.3	0		59	20260726-150628
gqxg	102.7	429.9	576.8	0.0	0.0	0.0	0.0	0		60	20260726-150628
rich	96.6	268.9	364.3	94.7	197.4	367.6	470.0	0		61	20260726-150628
xycx	98.1	299.4	820.8	0.0	0.0	0.0	0.0	0		62	20260726-150628
ogze	80.8	343.9	565.2	120.7	181.6	460.7	648.8	0		63	20260726-150628
ckgd	134.8	297.0	532.9	118.8	243.7	397.8	616.0	0		64	20260726-150628
aysq	125.3	406.9	535.2	110.7	209.4	523.5	644.0	0		65	20260726-150628
hjbw	221.6	520.2	938.7	95.1	321.3	601.1	1046.4	0		66	20260726-150628
qvwu	159.7	381.1	467.7	111.2	303.6	491.4	569.6	0		67	20260726-150628
yhnp	224.0	470.7	699.8	88.7	309.6	565.7	807.7	0		68	20260726-150628
dpsi	108.1	275.8	360.1	81.6	202.2	401.4	470.3	0		69	20260726-150628
asky	74.2	333.1	458.8	187.9	264.8	520.8	584.5	0		70	20260726-150628
ioja	77.6	380.3	587.3	217.6	215.4	496.3	706.4	0		71	20260726-150628
kqxu	68.3	376.9	443.2	120.8	176.5	486.8	536.6	0		72	20260726-150628
jyfu	219.9	427.9	536.2	83.3	305.4	548.2	648.2	0		73	20260726-150628
zboo	291.0	412.8	571.9	0.0	0.0	0.0	0.0	0		74	20260726-150628
wvky	80.2	307.5	434.8	168.7	224.1	514.5	556.7	0		75	20260726-150628
ojwf	112.6	495.7	577.4	184.6	272.6	688.3	742.8	0		76	20260726-150628
mczb	87.3	441.5	733.3	128.1	196.5	572.1	828.9	0		77	20260726-150628
rima	81.7	297.4	383.6	90.9	178.4	408.6	506.8	0		78	20260726-150628
oayl	74.4	321.5	421.3	104.3	231.2	489.6	572.3	0		79	20260726-150628
weon	280.2	468.3	573.1	102.6	371.7	666.4	691.5	0		80	20260726-150628
qqdy	192.9	407.0	509.2	0.0	0.0	0.0	0.0	0		81	20260726-150628
iwle	171.6	293.0	425.4	113.9	271.5	427.9	521.3	0		82	20260726-150628
kllr	241.0	420.7	556.2	0.0	0.0	0.0	0.0	0		83	20260726-150628
udoz	135.5	260.4	477.7	107.8	213.6	373.4	597.4	0		84	20260726-150628
trsc	210.4	568.8	875.6	87.6	307.8	670.9	978.8	0		85	20260726-150628
cucc	101.4	257.3	421.5	0.0	0.0	0.0	0.0	0		86	20260726-150628
ujog	0.0	0.0	0.0	0.0	0.0	0.0	0.0	1	j	87	20260726-150628
fimh	132.1	286.2	520.2	139.8	216.1	383.0	613.7	0		88	20260726-150628
ckpn	132.9	344.8	463.5	115.0	221.0	519.7	617.3	0		89	20260726-150628
onhv	108.4	322.8	463.5	210.7	213.2	441.5	598.7	0		90	20260726-150628
ktct	81.6	375.1	573.0	0.0	0.0	0.0	0.0	0		91	20260726-150628
baar	268.8	475.6	706.8	0.0	0.0	0.0	0.0	0		92	20260726-150628
ocyn	130.0	358.1	608.5	119.9	230.0	426.9	706.2	0		93	20260726-150628
itpe	103.7	327.6	430.0	106.5	199.0	427.5	558.9	0		94	20260726-150628
tieu	116.0	336.6	416.5	82.1	216.2	439.8	537.1	0		95	20260726-150628
kvzx	111.9	390.4	664.4	107.5	218.3	498.5	761.9	0		96	20260726-150628
xsjf	267.9	663.5	0.0	102.7	390.4	0.0	0.0	1	xsf	97	20260726-150628
jbtl	103.0	376.5	476.4	121.2	190.9	465.3	596.7	0		98	20260726-150628
dllr	181.5	361.2	473.2	0.0	0.0	0.0	0.0	0		99	20260726-150628
fwrp	320.8	550.0	726.2	127.1	429.2	643.2	822.3	0		100	20260726-150628
hiaw	120.1	370.6	619.2	227.4	272.5	491.8	739.9	0		101	20260726-150628
ekyi	132.5	363.2	453.3	112.7	208.6	551.2	578.1	0		102	20260726-150628
uobr	76.2	353.0	605.9	155.6	230.6	447.7	692.6	0		103	20260726-150628
nmcq	195.6	380.1	719.3	86.8	270.5	478.6	829.7	0		104	20260726-150628
tlpw	108.9	374.3	554.8	178.0	237.4	477.5	665.3	0		105	20260726-150628
qerv	122.2	345.4	653.9	178.1	257.6	469.8	801.1	0		106	20260726-150628
ztwe	224.7	535.0	737.3	118.7	329.8	718.8	0.0	1	ztwr	107	20260726-150628
znkd	127.1	340.5	422.6	129.5	212.0	450.4	538.0	0		108	20260726-150628
tdkx	98.6	300.3	478.6	154.9	229.5	451.2	599.5	0		109	20260726-150628
wsmx	217.8	369.8	589.4	92.4	344.5	513.4	713.7	0		110	20260726-150628
kigl	226.8	375.1	478.1	119.0	321.1	492.6	628.5	0		111	20260726-150628
vvfm	182.3	424.1	522.0	0.0	0.0	0.0	0.0	0		112	20260726-150628
gruu	231.9	412.4	572.0	0.0	0.0	0.0	0.0	0		113	20260726-150628
zish	142.1	273.9	392.7	139.7	246.4	402.5	501.0	0		114	20260726-150628
bltn	126.3	291.0	383.0	87.5	251.6	387.1	504.5	0		115	20260726-150628
kafn	98.4	276.1	367.9	107.6	204.3	400.1	496.7	0		116	20260726-150628
xwxy	361.5	800.5	0.0	107.4	484.8	0.0	0.0	1	xwz	117	20260726-150628
tlij	132.9	233.3	448.1	96.4	318.4	366.9	581.7	0		118	20260726-150628
umdh	244.1	467.3	610.2	102.6	342.7	581.8	707.4	0		119	20260726-150628
fdcw	0.0	0.0	0.0	0.0	0.0	0.0	0.0	1	d	120	20260726-150628
kaio	137.4	242.3	550.3	95.6	247.2	382.2	730.1	0		121	20260726-150628
ndut	116.5	334.8	499.8	100.6	266.6	458.8	599.5	0		122	20260726-150628
xmot	163.3	262.8	435.5	111.0	349.0	396.3	549.0	0		123	20260726-150628
zbpu	128.8	312.7	394.3	157.2	190.2	468.4	537.3	0		124	20260726-150628
yptm	70.7	280.0	424.7	166.5	228.6	390.5	561.2	0		125	20260726-150628
yrsr	142.1	391.4	535.2	0.0	0.0	0.0	0.0	0		126	20260726-150628
eopw	94.6	331.8	443.1	111.0	210.7	428.6	542.5	0		127	20260726-150628
xcvk	213.4	485.6	732.0	102.9	322.2	631.6	843.1	0		128	20260726-150628
dgeu	172.7	423.7	511.7	90.5	284.3	528.1	618.8	0		129	20260726-150628
jwhq	130.2	309.4	487.3	0.0	0.0	0.0	0.0	1	jwhw	130	20260726-150628
rwsl	0.0	0.0	0.0	0.0	0.0	0.0	0.0	1	w	131	20260726-150628
hjqt	226.7	605.7	722.9	108.4	349.7	765.7	865.6	0		132	20260726-150628
vhbd	120.3	319.6	583.1	123.0	220.8	404.7	677.2	0		133	20260726-150628
acwm	225.7	451.8	570.1	132.7	320.5	542.7	733.1	0		134	20260726-150628
vmbn	125.9	386.4	507.9	139.0	244.5	481.3	619.3	0		135	20260726-150628
dakr	202.4	396.3	558.4	83.4	323.0	507.8	664.2	0		136	20260726-150628
jeis	106.7	220.2	365.1	104.7	204.7	332.8	486.8	0		137	20260726-150628
sexa	244.2	495.7	0.0	109.3	344.1	0.0	0.0	1	sez	138	20260726-150628
wwxp	158.7	424.2	499.5	0.0	0.0	0.0	0.0	0		139	20260726-150628
grwx	264.0	496.9	794.4	113.6	363.4	614.7	916.4	0		140	20260726-150628
wael	472.5	673.1	860.5	112.0	569.9	772.9	989.4	0		141	20260726-150628
ppys	158.3	387.2	502.3	0.0	0.0	0.0	0.0	0		142	20260726-150628
dilh	115.1	309.0	495.6	112.6	211.5	444.5	611.3	0		143	20260726-150628
xltl	129.7	339.2	444.1	0.0	0.0	0.0	0.0	0		144	20260726-150628
noja	134.2	353.9	576.2	183.7	263.3	522.5	0.0	1	nojs	145	20260726-150628
igrx	101.6	349.2	619.5	127.4	213.7	445.8	739.5	0		146	20260726-150628
nukd	300.6	528.2	718.8	111.1	408.5	670.7	835.9	0		147	20260726-150628
olwz	217.9	399.6	673.0	90.2	323.6	509.3	792.6	0		148	20260726-150628
memo	84.7	239.2	362.3	0.0	0.0	0.0	0.0	0		149	20260726-150628
ayvs	152.1	403.2	563.7	0.0	0.0	0.0	0.0	1	ayva	150	20260726-150628
quqh	114.0	319.6	435.1	0.0	0.0	0.0	0.0	0		151	20260726-150628
ttpy	160.2	285.7	409.4	0.0	0.0	0.0	0.0	0		152	20260726-150628
waep	274.6	460.7	567.6	119.0	356.8	556.2	672.3	0		153	20260726-150628
ljlz	169.5	392.0	593.4	0.0	0.0	0.0	0.0	0		154	20260726-150628
adjv	80.0	243.1	355.0	149.7	206.7	392.6	498.1	0		155	20260726-150628
njfn	195.6	352.9	440.3	0.0	0.0	0.0	0.0	0		156	20260726-150628
rdxx	131.6	484.7	649.9	0.0	0.0	0.0	0.0	0		157	20260726-150628
icdn	115.5	332.6	384.5	120.1	198.9	432.0	499.0	0		158	20260726-150628
ioxc	94.0	385.3	1412.1	223.4	267.6	476.2	1496.3	0		159	20260726-150628
wlev	89.3	223.1	384.9	87.1	220.8	313.5	516.3	0		160	20260726-150628
shwn	101.9	254.6	370.5	105.2	192.8	363.1	477.7	0		161	20260726-150628
jddu	136.8	291.7	437.6	0.0	0.0	0.0	0.0	0		162	20260726-150628
rfpw	212.5	366.6	498.7	87.7	327.6	464.1	622.0	0		163	20260726-150628
cvmn	73.6	287.9	0.0	153.5	217.2	0.0	0.0	1	cvn	164	20260726-150628
arpp	119.7	273.3	425.7	0.0	0.0	0.0	0.0	0		165	20260726-150628
nrzf	97.9	410.3	524.4	122.3	194.6	586.5	662.9	0		166	20260726-150628
rvos	266.2	445.8	556.1	86.6	350.9	546.4	692.9	0		167	20260726-150628
clsw	110.0	306.7	532.8	104.9	227.4	398.2	635.8	0		168	20260726-150628
ilil	84.2	305.6	410.9	0.0	0.0	0.0	0.0	0		169	20260726-150628
qccr	285.6	462.2	678.6	0.0	0.0	0.0	0.0	0		170	20260726-150628
jzyp	77.7	364.6	478.9	132.1	214.4	504.4	605.6	0		171	20260726-150628
zrui	235.9	331.1	463.4	121.5	322.6	551.6	632.7	0		172	20260726-150628
hncn	275.4	439.8	547.6	0.0	0.0	0.0	0.0	0		173	20260726-150628
pffx	114.5	261.1	559.8	0.0	0.0	0.0	0.0	0		174	20260726-150628
emte	121.1	252.2	369.6	0.0	0.0	0.0	0.0	0		175	20260726-150628
xwtv	260.0	544.2	778.5	95.5	367.0	627.3	896.6	0		176	20260726-150628
hbuj	271.0	424.2	634.5	103.1	341.9	518.3	752.6	0		177	20260726-150628
nitq	100.8	256.0	433.4	181.9	209.1	400.3	598.1	0		178	20260726-150628
endg	105.2	298.7	505.9	89.8	227.0	396.0	610.6	0		179	20260726-150628
xhiv	130.2	269.6	668.5	96.7	329.7	408.1	788.8	0		180	20260726-150628
nvbi	54.9	299.2	366.6	109.4	176.9	403.9	490.5	0		181	20260726-150628
qslk	246.7	393.2	508.8	108.4	362.7	559.7	676.2	0		182	20260726-150628
jlpp	121.7	434.6	590.3	0.0	0.0	0.0	0.0	0		183	20260726-150628
edhr	219.3	427.6	556.3	81.3	317.3	531.0	641.4	0		184	20260726-150628
isom	122.6	288.5	492.7	112.5	243.1	415.1	604.1	0		185	20260726-150628
uchp	124.5	278.0	457.2	103.2	248.1	366.3	558.3	0		186	20260726-150628
zvaf	214.2	502.3	655.3	126.2	337.8	638.7	775.1	0		187	20260726-150628
otrs	147.6	357.9	572.4	128.7	238.5	451.7	679.6	0		188	20260726-150628
cdns	225.4	365.4	617.1	94.9	325.8	474.3	713.4	0		189	20260726-150628
tjfs	89.5	395.3	470.3	99.2	212.2	553.6	639.8	0		190	20260726-150628
wnih	149.2	269.3	500.7	109.7	295.3	379.9	606.9	0		191	20260726-150628
phuu	78.4	298.8	461.0	0.0	0.0	0.0	0.0	0		192	20260726-150628
uapv	128.0	249.7	461.0	123.1	229.5	352.9	585.1	0		193	20260726-150628
dktt	116.3	271.3	436.1	0.0	0.0	0.0	0.0	0		194	20260726-150628
nwau	91.7	376.0	453.2	114.9	197.3	464.5	547.7	0		195	20260726-150628
ldue	121.8	310.9	453.3	128.4	210.6	421.6	547.2	0		196	20260726-150628
nwye	164.4	330.5	463.3	97.3	270.5	402.2	562.4	0		197	20260726-150628
dnpm	168.5	419.9	588.2	100.4	262.5	533.6	706.8	0		198	20260726-150628
mrvl	91.9	404.6	518.3	128.5	188.9	535.7	632.8	0		199	20260726-150628
dzbn	220.0	508.9	685.6	78.4	336.2	607.0	0.0	1	dzbm	200	20260726-150628
jptm	102.3	323.0	425.4	178.2	223.7	420.8	547.3	0		201	20260726-150628
pscs	118.1	403.9	502.7	0.0	0.0	0.0	0.0	0		202	20260726-150628
elcj	132.7	349.4	480.0	100.7	266.9	461.6	577.9	0		203	20260726-150628
uhel	208.3	341.6	456.2	96.5	300.9	444.9	579.1	0		204	20260726-150628
nfqr	111.5	352.0	464.1	131.9	232.3	522.2	588.4	0		205	20260726-150628
rivd	124.1	316.9	453.1	98.6	232.4	494.2	547.4	0		206	20260726-150628
wtzo	110.8	469.9	551.7	193.9	233.5	617.7	672.0	0		207	20260726-150628
uuue	156.7	342.0	554.3	0.0	0.0	0.0	0.0	0		208	20260726-150628
clud	150.6	236.7	382.8	118.4	308.3	365.5	501.0	0		209	20260726-150628
rrpp	161.6	295.3	490.7	0.0	0.0	0.0	0.0	0		210	20260726-150628
mcpn	98.4	294.6	403.3	130.8	217.9	482.6	540.9	0		211	20260726-150628
dfep	55.8	307.9	411.3	146.8	215.1	409.2	524.9	0		212	20260726-150628
rnjp	158.3	361.7	552.8	104.8	231.4	488.2	656.5	0		213	20260726-150628
xvre	54.9	396.4	491.4	140.0	196.0	532.8	632.6	0		214	20260726-150628
vvoy	185.4	343.4	435.0	0.0	0.0	0.0	0.0	0		215	20260726-150628
sdhp	94.0	280.1	464.5	188.0	227.7	382.7	586.9	0		216	20260726-150628
majr	83.0	230.0	399.7	97.6	193.0	360.6	496.4	0		217	20260726-150628
epyx	107.5	271.0	656.3	82.4	212.0	379.9	772.1	0		218	20260726-150628
ishu	89.6	250.0	439.5	99.6	217.0	347.9	552.0	0		219	20260726-150628
irwf	102.1	413.6	470.0	109.9	184.7	564.9	614.2	0		220	20260726-150628
ccmn	146.6	281.4	463.8	0.0	0.0	0.0	0.0	0		221	20260726-150628
rxhp	219.7	353.3	476.5	91.3	329.8	485.1	606.4	0		222	20260726-150628
dnge	129.9	334.3	431.6	98.2	236.1	480.2	557.5	0		223	20260726-150628
fegl	92.0	382.9	485.8	155.9	249.9	494.4	601.6	0		224	20260726-150628
rheu	123.8	341.4	417.8	101.6	212.5	449.5	521.9	0		225	20260726-150628
kuun	234.2	371.5	667.9	0.0	0.0	0.0	0.0	0		226	20260726-150628
dvaf	232.5	463.7	575.6	88.0	348.1	612.0	712.4	0		227	20260726-150628
jzhg	104.4	327.1	698.9	112.9	233.6	438.1	775.6	0		228	20260726-150628
satv	101.1	339.3	612.9	148.6	235.8	451.9	721.6	0		229	20260726-150628
bprw	182.5	320.6	549.2	110.6	281.2	405.5	666.5	0		230	20260726-150628
cniu	134.7	354.1	469.1	117.1	218.0	549.7	590.5	0		231	20260726-150628
axly	542.0	815.1	883.1	114.9	635.8	945.8	983.9	0		232	20260726-150628
xsoo	233.3	472.3	635.2	0.0	0.0	0.0	0.0	0		233	20260726-150628
hoic	278.7	345.4	596.3	137.1	428.8	498.3	699.7	0		234	20260726-150628
qxbi	289.7	551.7	606.3	112.1	383.7	625.1	756.3	0		235	20260726-150628
zmce	155.3	329.7	558.4	122.4	292.0	421.3	647.7	0		236	20260726-150628
dhah	124.8	344.2	435.7	0.0	0.0	0.0	0.0	0		237	20260726-150628
dflm	55.3	347.5	399.6	193.0	209.0	499.4	580.0	0		238	20260726-150628
otsv	76.6	258.9	558.5	142.7	198.9	383.2	675.5	0		239	20260726-150628
agbn	165.7	406.1	491.7	102.5	250.7	497.7	515.9	0		240	20260726-150628
hbxz	113.6	944.3	1200.4	110.9	212.5	1042.3	1303.3	0		241	20260726-150628
qeji	119.1	281.6	356.6	167.4	238.5	447.9	506.1	0		242	20260726-150628
xhzp	99.1	325.0	447.0	109.5	202.1	443.5	564.6	0		243	20260726-150628
njzd	213.6	697.5	912.9	89.0	308.6	806.4	1006.9	0		244	20260726-150628
fsrb	225.2	416.9	710.2	94.1	344.4	499.9	763.4	0		245	20260726-150628
qwel	124.1	0.0	0.0	0.0	0.0	0.0	0.0	1	qe	246	20260726-150628
hfxz	90.8	568.4	804.8	108.1	205.9	668.8	919.9	0		247	20260726-150628
obsb	318.0	554.2	1110.1	0.0	0.0	0.0	0.0	0		248	20260726-150628
dkpm	119.7	347.0	465.7	98.4	232.1	481.7	613.1	0		249	20260726-150628
bdcr	248.0	583.9	799.7	100.8	334.9	690.3	890.8	0		250	20260726-150628
qsup	249.1	411.5	511.6	142.9	368.9	563.9	651.1	0		251	20260726-150628
gesa	52.3	377.7	527.5	134.7	198.0	562.9	678.6	0		252	20260726-150628
zafw	248.8	531.4	603.3	103.0	340.1	671.5	771.9	0		253	20260726-150628
fveo	267.5	519.0	657.7	111.7	377.7	611.0	779.0	0		254	20260726-150628
acvn	219.0	528.9	752.5	110.3	332.0	646.7	823.7	0		255	20260726-150628
hidj	80.3	243.3	383.6	154.5	199.1	346.3	503.2	0		256	20260726-150628
vcgr	96.9	352.4	574.1	186.0	219.5	435.0	652.6	0		257	20260726-150628
qbvt	966.2	1232.2	1378.2	0.0	0.0	0.0	0.0	1	qbvv	258	20260726-150628
qqze	164.1	421.4	647.4	0.0	0.0	0.0	0.0	0		259	20260726-150628
qdju	237.6	506.5	692.1	115.6	342.4	593.7	786.0	0		260	20260726-150628
whso	118.7	291.2	367.0	94.0	227.1	410.9	502.4	0		261	20260726-150628
sghp	205.5	316.4	416.7	84.9	301.3	465.5	552.7	0		262	20260726-150628
krfe	99.8	398.1	489.8	117.2	181.8	569.0	639.5	0		263	20260726-150628
nygs	228.6	702.0	806.5	85.3	315.1	870.1	926.5	0		264	20260726-150628
xsdt	538.4	821.0	1085.9	83.5	645.2	912.3	1173.1	0		265	20260726-150628
cpny	83.4	266.4	483.4	104.1	201.9	365.2	573.3	0		266	20260726-150628
daxc	93.7	0.0	0.0	0.0	0.0	0.0	0.0	1	dd	267	20260726-150628
ukus	107.8	321.3	495.7	0.0	0.0	0.0	0.0	0		268	20260726-150628
mynw	217.0	441.0	550.1	85.6	285.1	544.5	660.1	0		269	20260726-150628
fxck	240.3	445.2	548.3	89.9	321.0	528.1	648.1	0		270	20260726-150628
rdzb	106.0	374.7	1203.3	164.8	226.1	480.9	0.0	1	rdzg	271	20260726-150628
uraq	98.8	232.4	535.1	119.9	190.4	364.3	626.3	0		272	20260726-150628
ezko	220.7	389.5	480.6	78.4	329.3	514.9	617.4	0		273	20260726-150628
ayme	109.5	339.5	429.7	106.1	170.6	443.7	516.6	0		274	20260726-150628
flrs	110.5	318.1	524.1	113.0	234.0	404.1	634.7	0		275	20260726-150628
aaga	163.9	415.1	517.5	0.0	0.0	0.0	0.0	0		276	20260726-150628
hjwz	231.9	444.3	766.6	95.0	327.9	534.9	933.1	0		277	20260726-150628
cwpr	220.9	411.3	503.0	87.0	313.5	516.7	598.6	0		278	20260726-150628
ejpv	122.5	252.0	436.2	93.5	249.1	386.9	559.7	0		279	20260726-150628
yign	77.7	512.3	630.5	162.6	259.0	606.6	746.0	0		280	20260726-150628
jpyo	116.8	303.0	536.7	161.0	246.5	539.0	679.3	0		281	20260726-150628
nmxr	190.4	419.2	627.6	86.3	294.9	522.0	719.6	0		282	20260726-150628
hjka	207.3	395.6	740.6	91.4	301.4	502.1	851.0	0		283	20260726-150628
rgel	295.6	525.1	604.7	108.4	369.9	600.1	723.4	0		284	20260726-150628
gyfd	157.4	379.1	644.5	107.5	248.1	482.3	741.6	0		285	20260726-150628
aywb	115.9	312.9	580.9	113.6	203.3	412.4	658.3	0		286	20260726-150628
klaj	202.4	348.6	567.3	91.1	326.8	471.8	668.3	0		287	20260726-150628
xazf	313.4	665.5	900.4	118.6	413.4	789.0	1010.4	0		288	20260726-150628
dvqs	227.6	526.6	785.7	87.7	340.9	645.8	900.7	0		289	20260726-150628
bnwx	257.9	522.6	858.4	113.6	359.9	619.6	0.0	1	bnws	290	20260726-150628
bwzh	73.4	416.9	513.4	124.8	198.9	533.7	600.2	0		291	20260726-150628
fppf	195.7	352.2	576.9	0.0	0.0	0.0	0.0	0		292	20260726-150628
sucz	141.6	381.2	0.0	104.8	247.4	0.0	0.0	1	suz	293	20260726-150628
syir	121.7	287.1	409.6	102.4	198.8	407.3	501.1	0		295	20260726-150628
qenk	203.7	285.0	487.1	100.7	283.1	366.8	577.6	0		296	20260726-150628
evjd	182.8	336.4	504.9	86.7	322.1	438.5	600.1	0		297	20260726-150628
evbc	138.6	426.9	695.5	105.6	257.2	523.4	807.8	0		298	20260726-150628
tfcc	264.4	546.1	714.4	0.0	0.0	0.0	0.0	0		299	20260726-150628
tvjq	253.6	543.4	681.8	80.0	355.5	636.7	777.8	0		300	20260726-150628
oeof	76.0	244.4	416.9	0.0	0.0	0.0	0.0	0		301	20260726-150628
kapk	93.0	374.5	639.1	0.0	0.0	0.0	0.0	0		302	20260726-150628
bgkt	238.0	496.9	717.1	102.4	337.9	595.2	804.3	0		303	20260726-150628
auep	127.4	281.5	404.3	105.1	229.8	366.7	518.2	0		304	20260726-150628
jfoa	116.7	343.1	488.0	137.8	239.4	456.8	599.7	0		305	20260726-150628
sxqr	257.7	561.5	768.3	106.7	370.7	662.2	871.6	0		306	20260726-150628
hhko	151.3	355.1	631.7	0.0	0.0	0.0	0.0	0		307	20260726-150628
quht	95.0	325.0	513.0	126.3	190.1	409.6	610.0	0		308	20260726-150628
fuju	269.0	475.1	645.7	0.0	0.0	0.0	0.0	0		309	20260726-150628
mgjq	210.7	463.1	641.3	110.8	324.6	578.1	764.3	0		310	20260726-150628
gzjx	241.4	445.9	649.7	94.5	358.2	556.4	745.7	0		311	20260726-150628
lfib	195.0	408.6	591.8	132.7	321.8	513.2	712.3	0		312	20260726-150628
zgag	239.6	693.8	896.4	0.0	0.0	0.0	0.0	0		313	20260726-150628
yyek	155.5	303.3	432.5	0.0	0.0	0.0	0.0	1	yyel	314	20260726-150628
avlb	181.4	391.1	538.4	113.6	327.2	516.7	640.7	0		315	20260726-150628
lmpc	64.3	354.8	476.9	180.9	236.8	479.7	605.3	0		316	20260726-150628
abvm	243.0	480.2	562.0	119.8	350.1	630.3	697.2	0		317	20260726-150628
angu	134.3	272.5	435.5	110.4	242.5	367.9	543.7	0		318	20260726-150628
yppa	177.9	340.6	486.4	0.0	0.0	0.0	0.0	0		319	20260726-150628
zrdu	241.2	423.9	481.3	122.0	326.5	528.1	613.2	0		320	20260726-150628
hcqe	131.6	394.0	669.5	96.0	213.8	492.6	0.0	1	hcqu	321	20260726-150628
xbnh	237.3	481.5	714.3	99.3	312.6	580.6	787.7	0		322	20260726-150628
rhsv	153.4	401.6	510.9	86.1	233.1	550.5	665.0	0		323	20260726-150628
jkbs	95.0	430.9	800.9	179.0	225.6	527.2	921.3	0		324	20260726-150628
fnzh	348.1	647.5	748.6	81.7	426.9	761.8	835.6	0		325	20260726-150628
fkqn	125.2	453.9	552.0	111.6	249.2	555.7	645.1	0		326	20260726-150628
czxv	240.4	770.1	0.0	0.0	0.0	0.0	0.0	1	czz	327	20260726-150628
kmdi	66.8	293.7	398.3	191.3	241.6	396.3	513.1	0		328	20260726-150628
eotn	94.9	320.9	429.6	78.9	209.0	415.1	538.1	0		329	20260726-150628
eqrz	88.7	284.9	688.0	120.8	240.9	407.5	811.9	0		330	20260726-150628
xasv	224.2	607.9	0.0	101.3	327.3	0.0	0.0	1	xaz	331	20260726-150628
tteo	149.1	322.6	445.1	0.0	0.0	0.0	0.0	0		332	20260726-150628
xvnz	67.2	347.8	593.2	163.2	209.4	458.9	704.6	0		333	20260726-150628
owsz	75.5	482.5	831.0	127.5	182.4	588.6	956.1	0		334	20260726-150628
jahh	82.6	237.4	394.0	0.0	0.0	0.0	0.0	0		335	20260726-150628
xicp	80.1	233.8	372.8	106.5	169.6	345.8	470.5	0		336	20260726-150628
lobu	218.5	412.1	503.4	112.5	321.8	490.2	621.1	0		337	20260726-150628
wuha	117.7	305.4	382.3	108.0	187.9	398.2	491.6	0		338	20260726-150628
pmgz	113.5	285.2	570.1	173.9	249.0	378.3	693.5	0		339	20260726-150628
tskn	81.1	395.6	541.9	147.7	231.6	529.0	666.8	0		340	20260726-150628
mwbh	84.9	324.8	433.7	116.4	202.4	441.5	531.7	0		341	20260726-150628
vgyd	218.8	543.5	772.0	107.3	321.3	635.2	860.3	0		342	20260726-150628
ogxz	85.0	563.3	674.0	69.6	189.3	715.8	838.4	0		343	20260726-150628
vsnt	83.6	292.9	459.5	158.6	217.3	395.5	544.7	0		344	20260726-150628
ucqz	110.0	306.7	563.7	124.2	206.6	426.1	701.8	0		1	20260726-160824
zvoz	91.9	309.6	371.0	0.0	0.0	0.0	0.0	0		2	20260726-160824
mpdo	93.5	210.0	273.2	148.3	202.1	314.3	414.7	0		3	20260726-160824
gosz	92.5	221.1	445.6	102.0	195.8	326.6	565.4	0		4	20260726-160824
jeem	138.4	280.4	412.8	0.0	0.0	0.0	0.0	0		5	20260726-160824
rxlx	226.6	454.9	548.8	0.0	0.0	0.0	0.0	0		6	20260726-160824
ccni	152.0	211.0	352.1	0.0	0.0	0.0	0.0	0		7	20260726-160824
bewg	53.6	214.7	956.6	147.3	232.5	391.5	1047.0	0		8	20260726-160824
mkgu	77.9	200.9	297.4	150.1	193.3	313.3	407.4	0		9	20260726-160824
ubwd	114.6	299.6	527.9	123.2	211.8	412.2	635.5	0		10	20260726-160824
uezk	55.6	286.9	352.8	112.9	141.4	420.6	459.4	0		11	20260726-160824
fnzg	120.9	360.5	580.7	93.1	229.1	499.9	685.8	0		12	20260726-160824
vgnm	210.8	342.3	524.4	101.3	310.9	437.2	645.5	0		13	20260726-160824
nych	205.9	436.9	575.5	92.6	289.5	573.3	661.0	0		14	20260726-160824
oxwg	101.9	339.1	434.9	138.1	182.9	0.0	0.0	1	oxwh	15	20260726-160824
yxws	73.9	326.6	522.0	77.7	188.2	418.1	656.9	0		16	20260726-160824
cawn	96.7	405.1	488.6	135.0	272.9	511.9	584.3	0		17	20260726-160824
viiy	252.7	381.1	585.0	0.0	0.0	0.0	0.0	0		18	20260726-160824
lnek	156.7	325.5	419.5	166.0	264.8	422.7	529.4	0		19	20260726-160824
khpg	87.4	277.1	453.3	150.4	213.6	396.6	555.9	0		20	20260726-160824
fenk	262.6	377.1	572.5	107.4	373.4	459.8	680.8	0		21	20260726-160824
ubwn	95.9	279.0	391.1	113.0	204.1	415.1	504.7	0		22	20260726-160824
nzqe	46.6	343.1	543.3	90.7	183.2	476.3	635.7	0		23	20260726-160824
wplp	131.8	368.8	557.7	0.0	0.0	0.0	0.0	0		24	20260726-160824
xhpc	112.8	277.0	463.5	110.9	201.3	399.1	546.6	0		25	20260726-160824
loja	201.6	361.5	454.6	94.7	308.1	476.3	582.8	0		27	20260726-160824
gctl	95.5	282.8	376.1	143.1	179.3	378.4	482.0	0		28	20260726-160824
srri	221.0	353.4	465.6	0.0	0.0	0.0	0.0	0		29	20260726-160824
jwrb	81.0	287.9	559.3	115.9	189.8	384.6	642.1	0		30	20260726-160824
mtwc	76.9	333.7	687.7	133.4	177.3	443.3	774.4	0		31	20260726-160824
kqdb	49.8	291.5	497.8	99.8	175.4	398.1	590.0	0		32	20260726-160824
fnya	75.3	290.0	347.9	109.4	157.3	381.0	463.5	0		33	20260726-160824
ktga	67.6	364.9	469.4	97.7	163.9	515.2	578.5	0		34	20260726-160824
zzgz	200.2	580.1	663.7	0.0	0.0	0.0	0.0	0		35	20260726-160824
oqxr	66.9	361.2	512.3	107.7	226.9	484.7	610.2	0		36	20260726-160824
upnu	98.0	342.2	531.9	0.0	0.0	0.0	0.0	0		37	20260726-160824
vpfq	105.3	381.8	491.4	119.2	194.6	471.8	0.0	1	vpfw	38	20260726-160824
kmvk	86.5	448.0	582.7	0.0	0.0	0.0	0.0	0		39	20260726-160824
plrz	208.8	275.8	533.9	94.6	323.5	363.9	674.3	0		40	20260726-160824
zhhv	154.7	297.6	474.1	0.0	0.0	0.0	0.0	0		41	20260726-160824
dhmh	104.7	322.2	526.6	0.0	0.0	0.0	0.0	0		42	20260726-160824
jzvh	75.5	337.1	459.0	107.7	201.4	457.0	544.2	0		43	20260726-160824
dnnf	204.6	351.0	449.0	0.0	0.0	0.0	0.0	0		44	20260726-160824
uvob	114.7	247.1	434.7	106.0	243.1	362.7	542.4	0		45	20260726-160824
nvsk	65.7	262.7	346.9	105.3	194.3	385.1	464.5	0		46	20260726-160824
pstq	69.7	314.1	533.8	95.7	182.8	413.0	662.2	0		47	20260726-160824
dwzq	33.8	508.9	766.1	139.8	208.6	601.5	865.6	0		48	20260726-160824
cvkl	40.7	212.1	347.6	143.0	201.4	472.8	501.8	0		49	20260726-160824
vyrm	108.6	291.0	394.3	125.6	190.0	389.8	490.2	0		50	20260726-160824
yoda	57.3	209.3	254.7	120.2	169.1	315.0	384.3	0		51	20260726-160824
hakd	54.0	241.3	484.9	81.7	157.3	328.1	561.6	0		52	20260726-160824
ecru	245.9	420.1	793.3	73.8	356.5	524.6	0.0	1	ecrd	53	20260726-160824
rlsr	124.4	298.6	618.4	0.0	0.0	0.0	0.0	0		54	20260726-160824
wwzj	166.6	446.9	581.7	0.0	0.0	0.0	0.0	0		55	20260726-160824
fhso	105.9	239.0	337.5	103.1	187.6	356.5	449.4	0		56	20260726-160824
jnzi	185.1	244.4	497.8	53.4	232.4	348.6	585.3	0		58	20260726-160824
ahyv	74.5	257.3	375.1	102.4	142.1	346.3	488.9	0		59	20260726-160824
hmdr	199.6	444.7	637.6	70.0	313.0	565.0	743.5	0		60	20260726-160824
edyr	215.8	358.6	459.6	85.1	319.4	442.3	552.0	0		61	20260726-160824
hoks	63.0	279.7	384.5	145.5	191.0	0.0	0.0	1	hokd	62	20260726-160824
euvw	100.2	325.0	537.0	105.8	216.9	517.7	647.0	0		63	20260726-160824
fvpy	241.3	586.7	641.6	80.3	349.1	723.4	743.2	0		64	20260726-160824
lwfk	85.2	329.4	427.1	127.7	203.6	425.3	512.4	0		65	20260726-160824
ebvc	227.7	590.4	972.9	100.1	318.9	691.5	1053.0	0		66	20260726-160824
tvzz	238.4	466.5	661.8	0.0	0.0	0.0	0.0	0		67	20260726-160824
ytga	54.3	289.5	421.4	86.7	135.3	424.3	545.4	0		68	20260726-160824
arjl	97.8	371.6	493.9	160.5	208.0	506.9	637.4	0		69	20260726-160824
vwlc	79.5	286.0	445.4	154.6	203.4	416.9	535.8	0		70	20260726-160824
pxmb	122.0	501.3	620.4	126.1	212.1	586.6	714.3	0		71	20260726-160824
vqhh	79.6	220.4	358.7	0.0	0.0	0.0	0.0	0		72	20260726-160824
xcwa	137.2	506.1	654.7	163.0	237.4	641.1	799.9	0		73	20260726-160824
kheo	64.8	172.5	273.4	133.8	144.9	259.4	405.1	0		74	20260726-160824
nhhl	209.4	347.0	706.0	0.0	0.0	0.0	0.0	0		75	20260726-160824
utel	89.2	205.6	285.1	102.6	203.9	306.4	410.3	0		76	20260726-160824
tqut	59.8	172.7	274.9	0.0	0.0	0.0	0.0	0		77	20260726-160824
dwgu	53.8	297.4	372.7	130.5	196.0	412.6	460.5	0		78	20260726-160824
ezlt	260.3	0.0	0.0	78.1	0.0	0.0	0.0	1	ex	79	20260726-160824
nufr	189.9	292.5	543.9	79.2	279.8	404.4	628.5	0		80	20260726-160824
itet	88.8	390.1	474.9	0.0	0.0	0.0	0.0	0		81	20260726-160824
hway	55.9	265.0	345.0	76.5	138.0	361.1	415.1	0		82	20260726-160824
ubqe	111.3	470.7	624.5	101.7	204.5	604.8	757.6	0		83	20260726-160824
zyfu	120.3	282.2	354.6	146.0	192.6	375.0	440.4	0		84	20260726-160824
gqtc	83.0	282.1	502.9	145.7	189.8	388.3	604.2	0		85	20260726-160824
wsgl	199.9	480.7	586.6	80.9	310.5	582.4	681.9	0		86	20260726-160824
ihnj	88.2	310.9	521.6	154.4	173.0	409.0	618.4	0		87	20260726-160824
tlvr	121.5	348.5	592.8	100.5	222.5	458.5	677.2	0		88	20260726-160824
uenm	86.6	338.2	530.1	88.9	191.3	424.6	635.2	0		89	20260726-160824
tdbn	97.3	378.1	502.4	138.5	190.3	461.4	617.9	0		90	20260726-160824
nrii	95.1	268.8	428.8	0.0	0.0	0.0	0.0	0		91	20260726-160824
jpaj	60.8	205.5	279.6	0.0	0.0	0.0	0.0	0		92	20260726-160824
uylu	190.9	378.5	454.1	0.0	0.0	0.0	0.0	0		93	20260726-160824
eweg	303.8	532.9	841.0	0.0	0.0	0.0	0.0	0		94	20260726-160824
liwu	86.8	254.0	315.4	162.0	196.0	366.8	440.4	0		95	20260726-160824
hmdi	219.9	341.1	407.6	80.8	298.5	428.2	506.3	0		96	20260726-160824
aecs	246.5	540.8	812.7	118.1	327.1	614.1	904.7	0		97	20260726-160824
glzm	116.4	280.5	357.5	94.3	214.6	391.4	464.1	0		98	20260726-160824
bjvd	129.4	323.7	586.2	113.5	231.3	454.0	676.4	0		99	20260726-160824
lrsx	96.1	306.8	583.1	116.8	174.7	406.4	0.0	1	lrsc	100	20260726-160824
mjmr	188.9	390.2	567.3	0.0	0.0	0.0	0.0	0		101	20260726-160824
llvf	153.6	262.4	478.5	0.0	0.0	0.0	0.0	0		102	20260726-160824
smub	155.0	337.6	426.8	108.3	221.5	428.9	532.6	0		103	20260726-160824
oqrm	63.3	275.2	350.6	92.2	167.4	371.7	449.3	0		104	20260726-160824
rvlj	246.1	450.3	663.2	78.1	355.4	553.5	0.0	1	rvlh	105	20260726-160824
biif	161.4	310.0	391.5	0.0	0.0	0.0	0.0	0		106	20260726-160824
vlew	117.9	247.9	471.4	110.9	215.7	363.6	570.3	0		107	20260726-160824
qwvm	226.3	515.8	640.6	111.9	329.4	646.5	738.3	0		108	20260726-160824
hdpu	61.2	324.4	400.8	89.1	150.7	452.4	517.4	0		109	20260726-160824
ldnk	86.8	229.3	421.3	108.0	169.6	325.3	509.7	0		110	20260726-160824
unae	215.4	350.9	576.4	77.8	294.9	461.2	658.6	0		111	20260726-160824
asyk	127.1	327.2	455.8	186.8	266.1	448.5	575.1	0		112	20260726-160824
oggb	150.0	0.0	0.0	0.0	0.0	0.0	0.0	1	oo	113	20260726-160824
vkue	129.4	275.5	396.6	131.9	205.1	415.5	486.3	0		114	20260726-160824
vcyh	142.9	321.5	542.4	189.1	245.5	392.0	629.2	0		115	20260726-160824
tiyo	71.7	344.7	460.6	92.1	164.9	493.5	606.8	0		116	20260726-160824
fjhh	109.9	304.5	453.1	0.0	0.0	0.0	0.0	0		117	20260726-160824
ftxq	221.3	497.8	727.6	94.2	304.6	583.9	826.5	0		118	20260726-160824
nkpc	84.5	389.3	571.4	155.1	201.8	477.2	689.4	0		119	20260726-160824
ruou	98.7	179.3	381.2	0.0	0.0	0.0	0.0	0		120	20260726-160824
nidl	55.3	171.8	267.3	101.2	146.3	261.7	406.0	0		121	20260726-160824
mmqu	132.4	218.9	348.2	0.0	0.0	0.0	0.0	0		122	20260726-160824
nlsi	163.4	262.5	371.2	88.3	252.4	368.6	456.0	0		123	20260726-160824
lfyp	92.5	355.9	464.5	95.7	192.2	466.6	576.3	0		124	20260726-160824
frvz	200.9	884.2	1161.6	91.8	286.2	971.2	1263.1	0		125	20260726-160824
aglq	143.5	306.5	400.6	80.3	237.2	410.1	505.3	0		126	20260726-160824
xtvf	191.6	426.2	642.5	98.1	279.4	539.8	742.1	0		127	20260726-160824
wdby	87.6	349.0	463.5	166.8	222.7	461.3	539.5	0		128	20260726-160824
qtoz	107.3	231.1	368.8	104.9	192.5	334.5	480.6	0		129	20260726-160824
qhgk	90.0	252.0	346.4	117.8	171.2	354.6	446.2	0		130	20260726-160824
pccz	141.2	277.6	530.9	0.0	0.0	0.0	0.0	0		131	20260726-160824
fotu	103.2	214.6	292.8	77.7	192.8	304.1	400.2	0		132	20260726-160824
cmcs	115.7	268.2	614.0	0.0	0.0	0.0	0.0	0		133	20260726-160824
ijjk	198.6	354.2	536.8	0.0	0.0	0.0	0.0	0		134	20260726-160824
khhq	206.2	312.8	463.0	0.0	0.0	0.0	0.0	0		135	20260726-160824
mpwo	97.1	243.1	349.0	158.7	203.6	332.8	454.1	0		136	20260726-160824
iwtf	124.8	391.2	604.2	123.0	227.3	485.4	714.7	0		137	20260726-160824
lmft	34.2	206.1	407.0	116.3	191.2	287.6	496.4	0		138	20260726-160824
mhmz	188.3	407.3	533.2	0.0	0.0	0.0	0.0	0		139	20260726-160824
jckq	66.1	243.3	675.4	92.1	183.4	346.4	772.6	0		140	20260726-160824
mdwd	63.2	326.2	493.9	0.0	0.0	0.0	0.0	0		141	20260726-160824
ohda	51.2	295.1	381.6	145.1	146.8	419.5	521.8	0		142	20260726-160824
tmvp	146.6	686.6	745.0	91.6	267.0	779.9	828.8	0		143	20260726-160824
gcze	105.7	597.9	856.6	137.6	205.1	734.3	929.1	0		144	20260726-160824
goqt	108.7	314.1	437.0	94.4	205.6	472.4	551.8	0		145	20260726-160824
tdul	313.8	402.6	854.4	79.5	393.0	495.8	952.5	0		146	20260726-160824
sbbp	291.0	441.8	546.5	0.0	0.0	0.0	0.0	0		147	20260726-160824
uhjy	209.8	0.0	0.0	90.1	0.0	0.0	0.0	1	uj	148	20260726-160824
lgaj	180.0	347.1	559.7	92.6	304.8	480.1	653.2	0		149	20260726-160824
zbex	275.7	465.9	691.5	108.3	366.6	543.0	801.6	0		150	20260726-160824
blyd	118.6	356.1	466.9	102.5	221.3	442.9	549.9	0		151	20260726-160824
lzuz	125.9	285.3	356.5	0.0	0.0	0.0	0.0	0		152	20260726-160824
rdxy	141.0	449.1	533.7	138.7	251.9	545.6	599.4	0		153	20260726-160824
hseg	96.6	307.1	0.0	81.9	188.1	0.0	0.0	1	hsd	154	20260726-160824
vcej	104.1	347.1	0.0	173.5	205.3	0.0	0.0	1	vcd	155	20260726-160824
qdjs	144.6	288.3	454.2	142.3	250.4	406.9	563.3	0		156	20260726-160824
jplb	108.1	369.3	482.9	155.9	195.0	490.7	564.9	0		157	20260726-160824
zkox	81.6	310.7	420.2	130.2	182.9	424.3	520.9	0		158	20260726-160824
gxmo	117.9	320.6	407.1	138.7	214.9	464.3	519.6	0		159	20260726-160824
vbmv	215.4	365.8	575.9	0.0	0.0	0.0	0.0	0		160	20260726-160824
mlao	55.0	161.9	292.2	160.1	171.5	273.9	399.1	0		161	20260726-160824
vlpr	94.1	322.1	391.7	129.1	192.6	411.4	487.0	0		162	20260726-160824
bkrz	99.3	256.4	520.9	97.0	182.0	355.6	643.3	0		163	20260726-160824
aroz	70.4	268.4	380.4	131.7	182.8	383.9	508.8	0		164	20260726-160824
mpgi	103.1	310.0	363.8	180.0	218.8	411.6	487.7	0		165	20260726-160824
ewnf	62.3	393.7	485.6	159.2	219.1	488.8	592.0	0		166	20260726-160824
tobw	110.0	297.4	438.6	83.6	218.2	469.7	566.1	0		167	20260726-160824
uyux	0.0	0.0	0.0	0.0	0.0	0.0	0.0	1	y	168	20260726-160824
klwn	53.0	236.0	342.2	181.5	173.7	348.1	454.0	0		169	20260726-160824
raia	198.7	279.3	452.1	0.0	0.0	0.0	0.0	0		170	20260726-160824
mrry	124.4	278.3	426.4	0.0	0.0	0.0	0.0	0		171	20260726-160824
nqca	64.2	337.8	489.7	126.4	158.6	492.7	615.1	0		172	20260726-160824
cykw	99.1	358.7	476.8	97.1	178.6	462.2	579.1	0		173	20260726-160824
kice	180.6	275.2	508.6	82.3	269.7	375.4	600.6	0		174	20260726-160824
fumy	136.5	361.2	529.8	112.4	209.7	416.4	605.9	0		175	20260726-160824
czfr	185.9	406.6	612.9	93.8	310.8	502.9	706.7	0		176	20260726-160824
xxzk	0.0	0.0	0.0	0.0	0.0	0.0	0.0	1	z	177	20260726-160824
mjey	176.3	434.2	550.3	90.0	272.3	514.2	632.1	0		178	20260726-160824
nvgq	77.3	566.4	804.8	114.1	220.0	662.4	866.4	0		179	20260726-160824
khyn	67.8	278.9	488.4	123.8	156.3	342.5	566.1	0		180	20260726-160824
buyu	71.0	278.3	447.3	0.0	0.0	0.0	0.0	0		181	20260726-160824
wfpd	92.1	303.2	395.4	185.5	212.0	401.4	483.1	0		182	20260726-160824
mjes	215.1	345.0	562.5	80.0	303.4	425.1	659.4	0		183	20260726-160824
uwzg	81.9	432.3	648.3	97.7	188.4	526.7	735.5	0		184	20260726-160824
wurf	122.6	230.9	460.7	101.4	223.6	314.3	559.8	0		185	20260726-160824
bmru	115.0	265.2	357.6	76.2	197.0	345.7	440.6	0		186	20260726-160824
alts	97.5	239.6	348.1	105.8	196.5	366.6	450.4	0		187	20260726-160824
ajbd	95.7	302.5	475.2	77.7	217.3	461.2	561.6	0		188	20260726-160824
wiib	129.3	269.4	366.8	0.0	0.0	0.0	0.0	0		189	20260726-160824
qdmm	99.9	273.2	404.1	0.0	0.0	0.0	0.0	0		190	20260726-160824
ndez	79.1	324.2	592.0	117.4	170.5	398.4	697.5	0		191	20260726-160824
rlvm	91.3	351.0	457.5	94.1	205.0	460.4	555.7	0		192	20260726-160824
emxn	122.5	308.2	425.2	95.4	233.7	399.2	530.0	0		193	20260726-160824
gcfm	96.3	376.4	478.4	160.4	220.0	475.2	586.5	0		194	20260726-160824
bepl	83.1	181.1	421.7	126.1	187.9	269.0	532.8	0		195	20260726-160824
tbfg	269.2	541.9	893.6	77.2	351.4	651.5	986.4	0		196	20260726-160824
sddw	229.6	381.0	564.3	0.0	0.0	0.0	0.0	0		197	20260726-160824
mvwx	54.2	314.0	574.2	107.1	179.8	413.6	688.3	0		198	20260726-160824
yeva	41.9	347.8	462.6	77.1	133.2	515.6	601.5	0		199	20260726-160824
rqcc	85.6	405.6	562.8	0.0	0.0	0.0	0.0	0		200	20260726-160824
mccw	123.2	259.1	497.8	0.0	0.0	0.0	0.0	0		201	20260726-160824
rqfc	78.9	426.6	739.6	144.0	194.5	520.7	819.7	0		202	20260726-160824
opwj	149.5	419.4	507.8	206.6	322.1	524.2	619.6	0		203	20260726-160824
ttdq	153.6	350.6	586.7	0.0	0.0	0.0	0.0	0		204	20260726-160824
jrej	81.5	378.4	620.8	0.0	0.0	0.0	0.0	0		205	20260726-160824
pgwz	61.0	493.6	786.6	108.6	165.8	616.1	901.5	0		206	20260726-160824
anve	87.5	406.0	521.9	97.9	200.5	576.6	613.2	0		207	20260726-160824
skte	110.2	275.7	494.0	104.8	221.4	361.6	556.8	0		208	20260726-160824
aqtq	212.0	494.8	668.2	0.0	0.0	0.0	0.0	0		209	20260726-160824
vpnl	160.9	322.3	521.9	133.3	255.5	390.5	632.5	0		210	20260726-160824
ktkd	108.5	309.0	471.1	0.0	0.0	0.0	0.0	0		211	20260726-160824
dche	211.3	363.4	487.3	76.0	312.2	465.1	579.9	0		212	20260726-160824
jmmx	224.6	345.3	499.6	0.0	0.0	0.0	0.0	0		213	20260726-160824
eoca	171.6	390.1	484.9	82.4	279.9	516.5	642.6	0		214	20260726-160824
rzbx	211.2	492.1	790.6	86.1	337.0	575.5	872.8	0		215	20260726-160824
mzeo	36.7	257.6	334.3	118.3	135.8	340.6	451.5	0		216	20260726-160824
xhlp	86.2	228.8	493.6	112.4	203.8	351.5	571.9	0		217	20260726-160824
ryvv	125.0	380.0	559.0	0.0	0.0	0.0	0.0	0		218	20260726-160824
prtw	61.6	349.1	574.2	103.6	159.9	437.3	678.2	0		219	20260726-160824
cvyl	367.9	520.2	760.1	87.5	471.0	604.4	882.1	0		220	20260726-160824
vqtu	89.0	333.0	400.4	167.2	217.1	429.9	496.4	0		221	20260726-160824
lecz	55.3	408.9	676.4	133.5	143.8	506.5	768.2	0		222	20260726-160824
kzzg	310.7	483.7	680.4	0.0	0.0	0.0	0.0	0		223	20260726-160824
peph	48.3	208.8	485.7	0.0	0.0	0.0	0.0	0		224	20260726-160824
xyxj	101.2	261.1	541.3	0.0	0.0	0.0	0.0	0		225	20260726-160824
heuq	123.4	241.4	470.7	95.0	230.0	356.2	578.6	0		226	20260726-160824
feps	116.4	243.5	433.6	159.0	231.6	363.3	565.0	0		227	20260726-160824
iqbv	91.6	668.6	0.0	103.5	205.7	0.0	0.0	1	iqv	228	20260726-160824
erkm	75.0	315.5	498.9	128.7	206.8	421.5	596.0	0		229	20260726-160824
qeyo	80.2	351.7	421.6	168.9	233.4	452.6	548.2	0		230	20260726-160824
daoo	276.5	401.0	597.0	0.0	0.0	0.0	0.0	0		231	20260726-160824
bysz	116.8	312.0	591.9	101.9	205.1	411.6	718.2	0		232	20260726-160824
okit	286.6	0.0	0.0	94.2	0.0	0.0	0.0	1	ol	233	20260726-160824
gbqr	224.7	465.2	566.1	81.8	318.4	621.1	694.3	0		234	20260726-160824
qjnp	113.8	422.4	578.0	144.3	243.4	542.8	697.4	0		235	20260726-160824
wljt	129.1	294.7	441.3	124.8	235.4	408.7	534.5	0		236	20260726-160824
kuur	199.3	330.4	0.0	86.6	301.1	0.0	0.0	1	kur	237	20260726-160824
igqs	100.2	362.0	629.3	125.6	195.8	460.6	744.8	0		238	20260726-160824
xjhq	113.3	365.7	744.7	130.0	213.1	484.5	0.0	1	xjhw	239	20260726-160824
pdxv	87.5	799.0	867.6	130.8	179.1	907.6	990.8	0		240	20260726-160824
ksfr	36.2	324.6	513.6	112.5	173.1	410.3	608.5	0		241	20260726-160824
yavk	75.1	290.9	444.1	83.6	190.1	422.3	529.0	0		242	20260726-160824
esgo	197.2	415.3	467.4	78.4	289.3	526.9	592.7	0		243	20260726-160824
gwad	287.8	508.5	674.9	103.9	378.3	624.6	764.8	0		244	20260726-160824
pokj	87.8	367.4	918.7	157.9	242.5	498.7	1134.9	0		245	20260726-160824
cycb	58.8	244.7	515.5	0.0	0.0	0.0	0.0	0		246	20260726-160824
pcxa	120.4	524.9	634.9	98.6	230.5	0.0	0.0	1	pcxz	247	20260726-160824
weoo	190.9	312.1	460.0	0.0	0.0	0.0	0.0	0		248	20260726-160824
nsbn	89.1	349.3	455.2	0.0	0.0	0.0	0.0	0		249	20260726-160824
ikhw	0.0	0.0	0.0	0.0	0.0	0.0	0.0	1	k	250	20260726-160824
dtox	153.1	342.6	438.3	68.2	244.9	461.2	552.8	0		251	20260726-160824
lalr	79.0	230.9	370.5	0.0	0.0	0.0	0.0	0		252	20260726-160824
kyxg	132.0	569.8	709.6	183.7	230.1	681.1	818.2	0		253	20260726-160824
xlus	148.6	214.4	383.3	102.0	296.9	321.7	477.2	0		254	20260726-160824
icni	112.5	283.6	453.6	0.0	0.0	0.0	0.0	0		255	20260726-160824
hjbt	186.8	417.5	642.3	84.5	286.9	495.6	733.3	0		256	20260726-160824
rqpn	80.1	323.7	520.9	176.9	228.6	420.7	622.9	0		257	20260726-160824
xxez	174.7	404.6	613.1	0.0	0.0	0.0	0.0	0		258	20260726-160824
qqyr	158.7	287.2	443.9	0.0	0.0	0.0	0.0	0		259	20260726-160824
lger	79.5	307.8	406.9	126.3	172.3	451.2	520.9	0		260	20260726-160824
qxrg	277.1	521.4	722.5	112.0	384.0	602.9	833.9	0		261	20260726-160824
whji	145.5	346.5	513.8	111.7	214.7	515.5	629.6	0		262	20260726-160824
auku	60.6	262.1	350.0	0.0	0.0	0.0	0.0	0		263	20260726-160824
ikdo	181.3	359.2	472.7	68.5	287.7	465.0	596.3	0		264	20260726-160824
ldqp	114.5	646.6	709.0	137.9	196.0	750.0	814.6	0		265	20260726-160824
gxld	232.6	414.4	648.5	89.8	308.9	537.1	720.2	0		266	20260726-160824
vskd	81.0	330.6	433.2	167.9	200.0	444.0	517.8	0		267	20260726-160824
pcte	75.2	258.0	385.3	105.1	172.9	439.8	476.8	0		268	20260726-160824
mlga	125.5	328.9	706.9	159.4	222.6	473.1	815.3	0		269	20260726-160824
ertw	55.0	304.5	450.7	155.1	171.6	484.8	573.0	0		270	20260726-160824
lbtg	206.1	837.6	1086.3	136.5	304.2	911.5	1199.6	0		271	20260726-160824
njjr	351.9	0.0	0.0	86.0	0.0	0.0	0.0	1	nf	272	20260726-160824
tqbw	59.7	362.4	409.5	130.3	210.3	495.0	559.6	0		273	20260726-160824
wkmp	99.6	294.3	414.6	105.8	196.5	465.9	529.5	0		274	20260726-160824
lrjt	123.0	312.5	449.4	118.6	223.7	417.3	547.0	0		275	20260726-160824
blgg	248.9	467.5	635.3	0.0	0.0	0.0	0.0	0		276	20260726-160824
jjgx	146.0	334.0	551.9	0.0	0.0	0.0	0.0	0		277	20260726-160824
hjbu	190.9	447.7	516.2	81.5	275.6	531.5	595.5	0		278	20260726-160824
ddjj	139.3	241.4	389.5	0.0	0.0	0.0	0.0	0		279	20260726-160824
szkp	232.7	385.3	558.5	97.4	351.8	550.9	677.4	0		280	20260726-160824
skgt	123.9	433.5	646.1	108.3	224.7	521.1	731.2	0		281	20260726-160824
eddj	263.8	416.7	540.9	0.0	0.0	0.0	0.0	0		282	20260726-160824
oswv	84.7	443.4	652.1	135.2	202.5	569.3	786.2	0		283	20260726-160824
unwp	203.1	350.4	463.0	84.0	294.9	456.1	572.2	0		284	20260726-160824
zoja	85.3	242.2	359.9	133.6	174.1	0.0	0.0	1	zojs	285	20260726-160824
ktaw	84.4	601.9	819.8	109.0	165.8	686.8	926.9	0		286	20260726-160824
tvby	242.5	598.2	674.8	65.0	355.7	672.7	749.3	0		287	20260726-160824
htub	280.2	519.2	633.5	99.3	363.0	617.1	719.5	0		288	20260726-160824
bekl	47.3	362.7	499.1	111.9	173.7	553.8	670.9	0		289	20260726-160824
nmxq	196.1	512.3	664.2	91.3	301.7	591.9	774.7	0		290	20260726-160824
kvnl	94.7	405.7	541.7	113.6	238.1	564.4	715.9	0		291	20260726-160824
idvu	152.0	440.5	506.7	106.0	242.1	573.4	611.4	0		292	20260726-160824
hkfm	96.7	666.7	755.2	188.9	260.4	765.5	841.0	0		293	20260726-160824
stkf	115.7	273.0	444.0	118.0	217.2	394.0	559.8	0		294	20260726-160824
yaok	68.0	171.8	407.8	71.7	209.0	262.8	500.9	0		295	20260726-160824
psvg	76.9	327.1	767.5	89.1	193.4	435.1	854.2	0		296	20260726-160824
ohfa	57.7	331.7	423.5	167.5	191.5	503.3	565.2	0		297	20260726-160824
uxqx	124.9	467.8	697.2	0.0	0.0	0.0	0.0	0		298	20260726-160824
puio	317.6	417.8	634.5	117.7	504.7	532.1	739.2	0		299	20260726-160824
jfaa	56.7	241.8	405.2	0.0	0.0	0.0	0.0	0		300	20260726-160824
rtju	198.2	348.3	516.8	88.8	292.0	428.3	602.5	0		301	20260726-160824
sduk	109.8	225.4	411.4	159.7	249.3	333.5	527.5	0		302	20260726-160824
akms	110.4	274.2	386.1	124.4	192.6	361.4	484.5	0		303	20260726-160824
aikt	101.7	274.1	348.9	107.6	167.4	373.3	434.9	0		304	20260726-160824
jsvx	49.1	485.5	880.0	103.0	155.9	638.1	958.5	0		305	20260726-160824
egsr	82.3	288.2	379.3	142.8	178.8	434.0	478.8	0		306	20260726-160824
ngxq	28.5	269.1	508.5	104.5	127.1	387.0	627.9	0		307	20260726-160824
bwcc	61.0	313.4	488.0	0.0	0.0	0.0	0.0	0		308	20260726-160824
qggc	224.5	381.2	574.3	0.0	0.0	0.0	0.0	0		309	20260726-160824
uczw	90.4	229.2	489.2	107.9	231.2	343.0	573.8	0		310	20260726-160824
nhvo	199.2	374.9	717.1	83.2	276.8	557.5	816.6	0		311	20260726-160824
heao	82.9	168.5	280.8	84.8	226.4	311.5	375.9	0		312	20260726-160824
hybt	190.3	339.0	553.7	92.5	276.4	413.0	630.9	0		313	20260726-160824
xaeq	97.7	451.0	788.7	117.1	290.2	545.7	892.1	0		314	20260726-160824
qdyo	92.6	322.2	404.0	163.4	196.4	427.8	543.7	0		315	20260726-160824
bqml	88.3	266.3	388.8	164.8	246.8	419.6	510.5	0		316	20260726-160824
yhzm	351.9	595.5	691.1	74.3	440.8	711.7	783.1	0		317	20260726-160824
ecrs	241.7	404.0	605.4	79.0	352.7	506.8	714.9	0		318	20260726-160824
xrcp	202.5	417.7	520.2	89.8	278.3	502.4	629.2	0		319	20260726-160824
flyy	119.3	341.7	469.3	0.0	0.0	0.0	0.0	0		320	20260726-160824
mdkz	75.1	424.4	502.4	103.6	155.4	518.9	624.3	0		321	20260726-160824
xxot	158.6	393.1	542.8	0.0	0.0	0.0	0.0	0		322	20260726-160824
mcgv	56.0	575.4	648.3	106.1	158.0	0.0	0.0	1	mcgy	323	20260726-160824
oief	79.4	164.9	373.3	167.1	206.0	265.1	498.0	0		324	20260726-160824
fhvb	132.2	326.7	605.8	108.7	234.3	429.4	691.2	0		325	20260726-160824
vtrc	318.4	544.4	857.5	135.2	424.1	649.6	939.5	0		326	20260726-160824
hezx	521.1	883.5	1230.0	98.0	599.4	1000.0	1329.1	0		327	20260726-160824
yjgh	236.0	533.1	627.6	90.9	341.6	625.6	711.3	0		328	20260726-160824
tohf	106.2	262.8	440.2	83.9	198.3	372.9	553.7	0		329	20260726-160824
fjkx	143.8	482.9	620.5	97.3	256.5	576.4	715.8	0		330	20260726-160824
wwer	149.1	347.7	394.9	0.0	0.0	0.0	0.0	0		331	20260726-160824
tyiy	113.4	339.5	555.2	0.0	0.0	0.0	0.0	0		332	20260726-160824
rwbr	1181.4	1660.0	1878.6	0.0	0.0	0.0	0.0	0		333	20260726-160824
btrn	398.9	577.3	844.7	99.5	479.9	680.2	954.4	0		334	20260726-160824
ykqr	100.8	506.0	613.6	169.9	254.8	667.2	738.2	0		335	20260726-160824
mxdw	85.3	315.6	408.3	118.9	187.7	482.2	547.0	0		336	20260726-160824
lfda	100.2	365.8	458.2	129.7	205.4	498.8	605.5	0		337	20260726-160824
gdvi	86.5	322.3	492.3	143.0	172.0	449.0	592.7	0		338	20260726-160824
irma	70.0	255.2	356.9	94.3	158.4	362.2	454.1	0		339	20260726-160824
uypa	204.2	463.8	559.4	104.8	302.2	599.9	674.1	0		340	20260726-160824
zqvo	253.6	523.4	614.9	122.1	348.3	638.4	720.5	0		341	20260726-160824
gknz	128.1	405.1	504.6	87.8	236.7	516.9	629.9	0		342	20260726-160824
xqxe	172.3	490.9	725.6	0.0	0.0	0.0	0.0	0		343	20260726-160824
sfgm	92.3	349.2	454.6	161.0	222.0	457.7	559.6	0		344	20260726-160824
sogw	134.9	326.2	521.7	124.8	234.5	428.7	642.6	0		345	20260726-160824
lodj	196.9	300.3	479.9	84.5	290.3	390.8	596.5	0		346	20260726-160824
ttam	147.5	303.4	423.3	0.0	0.0	0.0	0.0	0		347	20260726-160824
wgey	117.4	273.6	408.2	131.5	236.0	370.8	509.1	0		348	20260726-160824
eeqq	160.9	333.2	508.2	0.0	0.0	0.0	0.0	0		349	20260726-160824
wuvi	150.3	285.3	403.2	104.0	244.2	418.2	509.7	0		350	20260726-160824
jvoj	80.7	284.4	365.4	127.5	212.0	0.0	0.0	1	jvoi	351	20260726-160824
feaf	227.5	279.5	457.5	0.0	0.0	0.0	0.0	0		352	20260726-160824
veji	103.2	294.7	407.4	188.8	243.4	472.3	578.2	0		353	20260726-160824
qers	125.9	201.6	492.9	182.9	282.0	335.2	607.6	0		354	20260726-160824
kbmi	78.3	236.7	308.8	97.3	165.5	400.6	398.3	0		355	20260726-160824
pymx	60.6	321.5	442.1	153.2	155.5	427.8	548.8	0		356	20260726-160824
yjro	198.8	325.8	400.7	90.3	305.6	420.5	516.2	0		357	20260726-160824
lugj	83.4	203.5	315.3	143.2	186.9	312.3	0.0	1	lugh	358	20260726-160824
tucg	75.4	486.8	0.0	85.2	203.1	0.0	0.0	1	tug	359	20260726-160824
agjc	89.8	730.6	808.0	142.9	195.3	825.6	901.7	0		360	20260726-160824
ohdx	74.0	138.4	267.9	146.6	162.4	336.1	395.7	0		361	20260726-160824
ppkl	158.7	380.8	516.8	0.0	0.0	0.0	0.0	0		362	20260726-160824
hhtx	135.1	221.7	451.9	0.0	0.0	0.0	0.0	0		363	20260726-160824
yykw	146.4	346.1	424.0	0.0	0.0	0.0	0.0	0		364	20260726-160824
olwo	206.6	355.6	447.7	0.0	0.0	0.0	0.0	0		365	20260726-160824
jaya	108.2	295.5	391.0	0.0	0.0	0.0	0.0	0		366	20260726-160824
cqki	151.2	360.8	527.3	108.1	286.5	426.6	623.1	0		367	20260726-160824
zvwz	124.1	491.2	767.6	0.0	0.0	0.0	0.0	0		368	20260726-160824
exbn	241.8	494.0	597.8	86.0	317.3	583.3	706.2	0		369	20260726-160824
uqqg	133.4	292.0	496.8	0.0	0.0	0.0	0.0	0		370	20260726-160824
gmuu	99.5	318.0	460.1	0.0	0.0	0.0	0.0	0		371	20260726-160824
otij	124.7	313.8	541.2	118.4	225.5	411.6	663.6	0		372	20260726-160824
luwf	61.0	398.4	529.2	179.6	212.7	548.4	667.5	0		373	20260726-160824
qrte	79.5	319.9	433.0	149.3	200.8	470.1	595.4	0		374	20260726-160824
uzdf	97.1	575.3	697.4	106.1	246.6	743.4	842.1	0		375	20260726-160824
vxkz	128.3	432.3	598.5	160.7	276.4	545.5	694.2	0		376	20260726-160824
wuxz	98.8	579.6	652.3	93.5	202.8	722.3	835.9	0		377	20260726-160824
bcgj	200.5	564.8	1103.6	154.0	304.3	642.5	1192.0	0		378	20260726-160824
peup	61.2	210.6	337.3	0.0	0.0	0.0	0.0	0		379	20260726-160824
jxdc	101.8	352.6	561.0	118.1	195.8	442.2	659.3	0		380	20260726-160824
fort	110.3	220.9	419.0	93.9	235.8	312.8	514.9	0		381	20260726-160824
wcpv	245.0	344.3	708.4	88.9	350.2	458.0	812.8	0		382	20260726-160824
knar	169.0	381.6	502.1	114.8	279.4	535.2	625.4	0		383	20260726-160824
vycf	134.2	468.6	581.4	137.1	232.9	655.4	716.5	0		384	20260726-160824
ejcz	126.8	488.4	835.6	94.7	232.3	575.3	934.1	0		385	20260726-160824
ojou	0.0	0.0	0.0	0.0	0.0	0.0	0.0	1	j	386	20260726-160824
ybow	63.6	250.5	345.6	88.3	149.4	358.5	452.9	0		387	20260726-160824
wgfw	93.1	414.3	474.0	0.0	0.0	0.0	0.0	0		388	20260726-160824
lyop	273.6	588.6	775.2	125.9	378.5	790.1	914.8	0		389	20260726-160824
zfsn	104.9	311.1	423.2	162.3	231.4	451.7	520.9	0		390	20260726-160824
omtz	97.0	320.7	483.9	160.2	238.0	473.0	645.1	0		391	20260726-160824
eozz	92.6	318.9	519.2	0.0	0.0	0.0	0.0	0		392	20260726-160824
cgmd	127.8	413.6	505.0	183.2	241.7	552.9	597.8	0		393	20260726-160824
sjce	77.5	338.2	529.6	125.0	187.6	420.5	628.8	0		394	20260726-160824
gwlm	60.7	342.7	418.1	152.0	231.3	491.3	562.1	0		395	20260726-160824
araw	193.0	361.8	964.0	0.0	0.0	0.0	0.0	0		396	20260726-160824
gzlq	101.9	342.8	498.5	128.4	238.4	459.0	0.0	1	gzlw	397	20260726-160824
aaaf	194.1	379.2	681.9	0.0	0.0	0.0	0.0	0		398	20260726-160824
ctlb	167.6	329.2	475.7	116.7	264.0	464.6	573.3	0		399	20260726-160824
aohb	116.4	311.2	468.7	119.1	240.9	440.3	581.6	0		400	20260726-160824
jvdh	115.5	500.6	590.3	118.4	234.0	583.4	688.1	0		401	20260726-160824
gedd	70.8	305.7	479.8	0.0	0.0	0.0	0.0	0		402	20260726-160824
wfcs	124.8	499.4	648.6	159.1	299.5	595.9	783.3	0		403	20260726-160824
vfoy	291.3	431.8	604.2	185.0	403.3	602.2	730.6	0		404	20260726-160824
gcuw	88.1	257.1	596.6	139.5	205.7	387.2	719.6	0		405	20260726-160824
kloh	254.4	562.9	844.5	86.5	368.6	660.4	942.5	0		406	20260726-160824
ktbs	145.8	423.5	629.9	120.9	230.9	510.9	744.8	0		407	20260726-160824
nkmm	204.4	395.6	540.5	0.0	0.0	0.0	0.0	0		408	20260726-160824
inkt	60.1	267.2	401.5	145.9	137.2	382.2	487.4	0		409	20260726-160824
fdvx	0.0	0.0	0.0	0.0	0.0	0.0	0.0	1	d	410	20260726-160824
dmfn	92.8	419.4	505.3	105.9	188.2	530.6	596.5	0		411	20260726-160824
nzvv	71.9	279.3	441.4	0.0	0.0	0.0	0.0	0		412	20260726-160824
jvqh	100.8	406.9	460.0	137.1	215.6	543.0	552.6	0		413	20260726-160824
zegi	197.0	375.6	405.3	128.1	277.8	481.9	521.8	0		414	20260726-160824
udtt	77.3	311.7	502.9	0.0	0.0	0.0	0.0	0		415	20260726-160824
whoz	83.9	161.7	333.1	96.7	205.1	279.5	453.6	0		416	20260726-160824
iikj	125.7	330.2	460.5	0.0	0.0	0.0	0.0	0		417	20260726-160824
ujeo	207.4	418.4	467.0	110.0	317.3	502.3	574.7	0		418	20260726-160824
cgxc	97.3	352.8	777.2	131.5	197.1	485.0	0.0	1	cgxz	419	20260726-160824
dxpc	206.1	324.7	448.3	90.0	286.9	436.8	540.6	0		420	20260726-160824
fnry	69.6	261.7	382.4	93.9	181.7	354.2	467.5	0		421	20260726-160824
lghu	310.6	470.0	642.5	135.3	404.8	551.5	751.2	0		422	20260726-160824
ufen	0.0	0.0	0.0	0.0	0.0	0.0	0.0	1	e	423	20260726-160824
odtf	87.6	268.9	569.8	115.2	163.6	367.5	656.3	0		424	20260726-160824
lzcx	62.1	326.6	711.6	126.6	187.2	466.3	826.7	0		425	20260726-160824
cvry	75.2	305.9	393.0	135.1	183.8	391.2	466.9	0		426	20260726-160824
tgvu	209.7	437.4	517.7	86.1	284.1	561.7	620.7	0		427	20260726-160824
bxif	205.3	273.7	374.1	81.7	287.5	371.0	494.6	0		428	20260726-160824
lqdt	51.8	250.0	451.0	110.8	149.8	330.8	544.1	0		429	20260726-160824
zviy	104.8	227.5	429.0	134.4	232.1	332.6	521.6	0		430	20260726-160824
vgkk	212.7	353.7	490.9	0.0	0.0	0.0	0.0	0		431	20260726-160824
cnin	90.0	196.2	387.2	0.0	0.0	0.0	0.0	0		432	20260726-160824
rbxy	225.5	470.7	540.3	89.9	305.2	581.0	627.7	0		433	20260726-160824
mpub	239.0	295.7	649.7	110.4	392.1	423.3	744.2	0		434	20260726-160824
ixnd	120.7	309.4	427.6	97.6	232.4	425.3	507.1	0		435	20260726-160824
xari	256.4	328.8	476.5	85.8	385.3	437.3	586.9	0		436	20260726-160824
lrgu	94.6	347.0	425.2	127.1	187.3	456.0	542.9	0		437	20260726-160824
eczd	274.8	655.5	900.4	82.7	374.6	788.0	985.3	0		438	20260726-160824
dgre	90.1	321.0	414.5	131.3	192.0	476.9	537.3	0		439	20260726-160824
llcc	174.5	554.1	759.9	0.0	0.0	0.0	0.0	0		440	20260726-160824
bmnu	129.6	289.5	471.4	83.9	195.8	371.2	560.1	0		441	20260726-160824
vrxh	202.9	428.9	509.9	91.5	273.8	529.2	584.7	0		442	20260726-160824
xdit	186.8	279.6	381.6	73.3	262.0	376.5	475.5	0		443	20260726-160824
qhau	112.8	292.0	369.5	95.6	198.6	417.3	484.4	0		444	20260726-160824
rzqq	150.9	381.2	542.5	0.0	0.0	0.0	0.0	0		445	20260726-160824
vdmw	232.9	510.8	726.5	113.3	323.5	615.7	813.2	0		446	20260726-160824
ncof	84.5	443.5	543.2	102.4	165.6	545.7	634.3	0		447	20260726-160824
afui	79.3	237.8	304.7	120.1	191.7	409.5	457.4	0		448	20260726-160824
abzi	215.2	422.5	494.7	110.6	303.5	539.4	607.7	0		449	20260726-160824
bugn	76.9	279.7	388.3	75.0	163.3	394.8	496.1	0		450	20260726-160824
drmx	118.6	389.7	521.7	141.3	221.5	511.7	629.7	0		451	20260726-160824
azbs	434.6	834.5	939.1	94.7	550.9	953.8	1083.7	0		452	20260726-160824
ndsz	78.0	716.1	0.0	118.2	151.9	0.0	0.0	1	ndx	453	20260726-160824
rqed	154.7	318.5	520.5	99.2	292.7	414.9	620.0	0		454	20260726-160824
kruw	71.5	378.6	565.0	122.8	161.0	519.3	660.1	0		455	20260726-160824
ljqb	95.5	330.1	531.6	146.1	289.9	450.6	621.4	0		456	20260726-160824
dkfg	98.1	401.3	685.7	66.2	202.2	496.6	779.9	0		457	20260726-160824
ayko	90.7	372.1	512.2	78.8	158.8	542.1	679.9	0		458	20260726-160824
qijv	68.8	292.4	367.5	107.8	169.9	393.6	477.3	0		459	20260726-160824
yxaz	81.7	293.7	528.9	100.7	176.3	393.9	645.5	0		460	20260726-160824
ndjd	82.8	248.9	335.6	0.0	0.0	0.0	0.0	0		461	20260726-160824
aohz	97.5	224.6	309.2	108.2	189.6	326.6	438.1	0		462	20260726-160824
jzmq	71.5	249.6	383.6	80.7	192.4	372.9	494.1	0		463	20260726-160824
yblq	73.3	300.3	410.9	99.7	150.1	414.6	525.8	0		464	20260726-160824
nwsc	77.0	346.7	1051.7	107.2	189.1	467.1	1138.1	0		465	20260726-160824
rcvb	229.2	456.7	709.2	96.7	327.5	577.8	808.6	0		466	20260726-160824
ernx	44.2	277.9	404.2	138.1	167.1	391.0	503.7	0		467	20260726-160824
bgzx	271.5	504.7	933.2	99.5	399.0	623.0	1017.9	0		468	20260726-160824
ozvo	65.9	282.1	385.2	0.0	0.0	0.0	0.0	0		469	20260726-160824
glwg	90.0	219.0	481.7	0.0	0.0	0.0	0.0	0		470	20260726-160824
yzyb	38.4	230.4	318.9	0.0	0.0	0.0	0.0	1	yzyz	471	20260726-160824
alew	124.3	297.8	428.9	101.1	246.2	445.5	548.3	0		472	20260726-160824
zplz	140.0	348.6	438.1	0.0	0.0	0.0	0.0	0		473	20260726-160824
ardu	222.6	486.2	530.4	118.1	313.5	580.2	647.9	0		474	20260726-160824
hoxx	95.2	314.2	473.1	0.0	0.0	0.0	0.0	0		475	20260726-160824
dsag	64.6	361.1	584.2	136.3	200.0	464.4	678.2	0		476	20260726-160824
ouau	74.4	194.6	266.5	0.0	0.0	0.0	0.0	0		477	20260726-160824
wdzk	111.5	426.1	496.7	153.8	265.6	564.9	596.6	0		478	20260726-160824
rfyo	212.8	409.2	486.0	82.3	298.8	521.0	639.2	0		479	20260726-160824
flrf	101.2	281.9	482.4	0.0	0.0	0.0	0.0	0		480	20260726-160824
nlbl	124.2	161.1	308.7	0.0	0.0	0.0	0.0	0		481	20260726-160824
fkhk	80.9	267.1	351.0	0.0	0.0	0.0	0.0	0		482	20260726-160824
bfus	215.0	279.0	432.0	79.4	283.4	387.9	533.0	0		483	20260726-160824
rrqp	146.0	363.3	483.6	0.0	0.0	0.0	0.0	0		484	20260726-160824
vftp	206.2	407.6	443.8	102.5	279.1	482.6	549.6	0		485	20260726-160824
kfxw	92.5	619.7	1161.5	200.1	218.2	679.2	1254.8	0		486	20260726-160824
hmko	216.3	505.2	690.1	78.1	310.0	591.4	0.0	1	hmki	487	20260726-160824
xuar	91.2	271.2	366.7	96.7	201.6	406.6	502.9	0		488	20260726-160824
yluo	92.3	261.1	374.1	146.7	206.5	427.0	499.9	0		489	20260726-160824
gzaw	76.5	424.9	686.1	144.9	197.8	526.2	779.1	0		490	20260726-160824
wqwg	48.6	664.4	769.0	0.0	0.0	0.0	0.0	0		491	20260726-160824
hghb	69.9	295.0	442.5	0.0	0.0	0.0	0.0	0		492	20260726-160824
rpex	96.7	244.2	481.3	106.6	223.2	332.0	582.0	0		493	20260726-160824
onur	79.1	296.3	399.4	149.6	172.2	416.4	493.0	0		494	20260726-160824
etja	53.6	168.6	322.9	117.7	155.6	276.1	438.3	0		495	20260726-160824
lbzq	75.9	305.3	555.2	124.6	174.9	425.1	640.1	0		496	20260726-160824
azna	241.9	448.0	553.7	0.0	0.0	0.0	0.0	0		497	20260726-160824
kgqq	120.2	353.3	524.8	0.0	0.0	0.0	0.0	0		498	20260726-160824
kavq	79.0	308.9	564.3	107.7	191.4	474.1	668.3	0		499	20260726-160824
vmhq	134.0	356.6	470.2	119.9	227.8	455.0	587.1	0		500	20260726-160824
rcon	223.3	303.4	378.3	88.3	327.5	456.4	488.1	0		501	20260726-160824
ausx	55.6	366.5	581.1	93.7	169.8	451.8	685.4	0		502	20260726-160824
xetq	232.7	435.8	617.1	89.5	314.3	531.8	740.7	0		503	20260726-160824
yvie	1.8	218.9	0.0	0.0	0.0	0.0	0.0	1	yvv	504	20260726-160824
jkqw	79.7	246.6	443.5	159.4	225.8	376.4	581.5	0		505	20260726-160824
fyit	79.8	206.5	442.3	114.2	244.9	355.9	528.8	0		506	20260726-160824
zzgl	200.1	331.1	884.6	0.0	0.0	0.0	0.0	0		507	20260726-160824
flyw	119.3	368.5	669.0	86.2	235.6	474.2	754.8	0		508	20260726-160824
pikc	72.4	341.9	480.3	146.9	215.3	451.9	592.2	0		509	20260726-160824
hoau	169.0	266.3	368.2	81.6	269.3	378.3	484.6	0		510	20260726-160824
bgan	254.7	317.1	399.7	90.3	368.1	446.6	485.9	0		511	20260726-160824
kdsk	79.1	285.7	344.7	0.0	0.0	0.0	0.0	0		512	20260726-160824
nvra	92.6	403.7	512.2	123.9	204.6	546.5	643.0	0		513	20260726-160824
cset	60.4	325.6	514.4	121.5	182.4	417.0	618.4	0		514	20260726-160824
wube	83.8	234.5	341.4	100.5	190.3	349.3	425.7	0		515	20260726-160824
jvkl	63.2	281.8	411.1	104.8	192.4	453.9	545.5	0		516	20260726-160824
megk	84.6	251.6	351.0	120.6	181.5	356.2	482.3	0		517	20260726-160824
dvmi	68.5	220.9	281.6	112.7	219.0	393.1	390.6	0		518	20260726-160824
grkx	223.3	391.2	544.2	111.2	318.8	512.6	0.0	1	grkc	519	20260726-160824
fyxk	0.0	0.0	0.0	0.0	0.0	0.0	0.0	1	g	520	20260726-160824
bghc	179.0	325.3	466.3	66.8	265.5	417.2	560.8	0		521	20260726-160824
vbax	202.8	390.2	634.0	100.1	279.6	515.4	731.3	0		522	20260726-160824
xmmg	271.8	402.0	617.3	0.0	0.0	0.0	0.0	0		523	20260726-160824
vibw	118.3	338.4	436.6	102.7	226.3	448.0	553.7	0		524	20260726-160824
hwps	81.0	336.0	464.7	91.6	177.6	493.8	577.0	0		525	20260726-160824
orpv	54.6	266.5	503.7	119.2	153.3	385.9	594.0	0		526	20260726-160824
hceh	87.7	308.5	451.7	0.0	0.0	0.0	0.0	0		527	20260726-160824
osyz	94.7	418.7	642.9	118.3	198.8	499.7	767.4	0		528	20260726-160824
lywv	81.7	382.9	638.8	162.4	191.1	490.0	787.3	0		529	20260726-160824
vvzj	160.5	425.7	610.8	0.0	0.0	0.0	0.0	0		530	20260726-160824
npuy	391.9	469.6	701.3	100.8	543.8	590.0	798.6	0		531	20260726-160824
ekoa	197.6	292.7	505.8	103.0	329.7	446.6	627.6	0		532	20260726-160824
lugi	57.5	217.3	265.6	151.0	185.0	327.8	404.2	0		533	20260726-160824
ilfu	92.7	282.1	350.3	175.4	212.3	406.6	468.3	0		534	20260726-160824
bwpt	81.4	316.7	455.4	132.2	222.1	436.9	546.7	0		535	20260726-160824
dcwa	198.3	465.6	684.9	76.1	284.6	561.8	0.0	1	dcwz	536	20260726-160824
bitb	116.3	624.2	1111.5	0.0	0.0	0.0	0.0	0		537	20260726-160824
fenv	58.1	202.3	420.6	126.2	183.9	310.9	530.3	0		538	20260726-160824
kcmh	62.7	615.3	869.6	111.8	163.8	697.4	947.4	0		539	20260726-160824
yggg	158.7	351.7	497.3	0.0	0.0	0.0	0.0	0		1	20260726-163941
elkz	113.5	296.6	384.7	84.2	239.6	405.5	506.7	0		2	20260726-163941
myrv	204.3	343.5	575.3	79.0	284.3	421.0	694.9	0		3	20260726-163941
kcat	82.3	353.8	516.2	93.5	176.1	463.7	604.0	0		4	20260726-163941
cvql	56.4	278.0	335.9	142.2	181.5	375.9	432.2	0		5	20260726-163941
jvpt	100.6	341.6	444.4	119.2	220.2	446.5	530.2	0		6	20260726-163941
vzjp	89.1	259.0	367.9	157.2	215.8	398.5	476.9	0		7	20260726-163941
zbui	78.6	269.7	387.8	122.3	166.2	454.4	500.8	0		8	20260726-163941
kfpe	64.5	212.9	301.4	102.5	158.9	325.1	383.8	0		9	20260726-163941
kznn	83.1	255.8	380.9	0.0	0.0	0.0	0.0	0		10	20260726-163941
ouun	242.4	385.1	629.9	0.0	0.0	0.0	0.0	0		11	20260726-163941
jbki	155.2	247.6	439.3	99.2	230.6	346.0	526.5	0		12	20260726-163941
pzsc	121.9	464.0	692.4	100.6	252.7	559.1	828.5	0		13	20260726-163941
empr	53.8	192.5	349.1	95.1	173.9	312.2	444.4	0		14	20260726-163941
gtrq	233.9	0.0	0.0	82.9	0.0	0.0	0.0	1	gr	15	20260726-163941
tury	112.0	251.7	363.7	87.8	218.9	345.7	445.5	0		16	20260726-163941
sleo	115.5	240.4	343.7	99.9	199.2	335.0	453.9	0		17	20260726-163941
xcdm	74.3	312.3	417.1	149.3	192.7	407.8	518.0	0		18	20260726-163941
mmfk	153.9	283.4	487.2	0.0	0.0	0.0	0.0	0		19	20260726-163941
zbbl	310.4	467.1	614.0	0.0	0.0	0.0	0.0	0		20	20260726-163941
sryv	166.1	349.1	521.3	83.9	263.6	449.6	629.0	0		21	20260726-163941
iuzm	83.0	293.5	406.9	183.4	201.6	433.4	512.5	0		22	20260726-163941
zbel	343.4	422.8	566.5	132.5	462.1	529.0	677.7	0		23	20260726-163941
yhrq	296.5	554.4	854.3	90.8	387.6	633.2	965.6	0		24	20260726-163941
yuiv	245.6	352.7	507.5	89.5	429.6	501.6	635.6	0		25	20260726-163941
xahs	0.0	0.0	0.0	0.0	0.0	0.0	0.0	1	z	26	20260726-163941
xmgn	128.5	398.0	467.1	90.8	244.3	495.6	575.0	0		27	20260726-163941
zbvk	231.3	539.4	662.0	115.7	309.4	671.2	745.3	0		28	20260726-163941
sjjg	246.9	364.0	487.8	0.0	0.0	0.0	0.0	0		29	20260726-163941
gonr	0.0	0.0	0.0	0.0	0.0	0.0	0.0	1	o	30	20260726-163941
fywf	103.4	391.2	503.0	0.0	0.0	0.0	0.0	0		31	20260726-163941
ayfs	145.4	300.3	557.0	105.3	233.1	413.7	662.2	0		32	20260726-163941
vzuw	212.6	365.7	528.1	98.9	323.5	461.9	629.8	0		33	20260726-163941
tkvd	144.9	432.8	761.8	86.3	247.3	558.6	843.5	0		34	20260726-163941
pajs	76.4	218.7	396.6	95.4	196.1	332.5	493.2	0		35	20260726-163941
vegb	96.1	326.6	827.2	155.3	210.8	428.4	907.7	0		36	20260726-163941
jwsg	67.0	340.8	551.7	114.2	161.8	449.8	649.5	0		37	20260726-163941
itfc	126.2	505.6	738.5	123.6	201.3	604.2	0.0	1	itfv	38	20260726-163941
npha	138.2	284.8	355.1	154.8	257.2	398.9	473.6	0		39	20260726-163941
tvbv	255.4	787.0	993.5	0.0	0.0	0.0	0.0	0		40	20260726-163941
lgqk	88.3	479.9	548.5	122.5	188.3	595.7	628.2	0		41	20260726-163941
uvxj	263.2	601.8	0.0	91.4	381.0	0.0	0.0	1	uvz	42	20260726-163941
wcss	268.0	495.6	650.8	0.0	0.0	0.0	0.0	0		43	20260726-163941
aqqd	0.0	0.0	0.0	0.0	0.0	0.0	0.0	1	q	44	20260726-163941
otqr	89.4	262.5	388.9	105.9	174.5	396.3	505.9	0		45	20260726-163941
gime	69.7	235.9	313.6	92.8	190.0	380.0	419.1	0		46	20260726-163941
dokj	99.4	334.4	578.3	84.3	202.6	454.3	0.0	1	dokh	47	20260726-163941
dper	165.7	263.1	346.7	110.1	246.0	411.5	465.7	0		48	20260726-163941
eiqo	100.0	377.1	474.2	107.7	203.9	476.4	593.5	0		49	20260726-163941
tdkk	114.7	202.4	353.0	0.0	0.0	0.0	0.0	0		50	20260726-163941
nhcu	497.9	955.8	1022.1	113.1	589.4	1035.7	1108.0	0		51	20260726-163941
fvaj	231.0	464.6	510.9	79.4	335.5	556.1	611.5	0		52	20260726-163941
aswp	74.1	338.8	433.5	167.0	216.0	459.5	540.9	0		53	20260726-163941
tyfz	55.2	333.5	442.7	79.2	144.4	479.8	576.5	0		54	20260726-163941
pomk	275.5	565.5	716.1	101.0	392.8	666.8	819.1	0		55	20260726-163941
ehol	87.4	187.3	430.5	78.7	220.1	304.1	531.6	0		56	20260726-163941
twht	77.2	209.4	376.3	0.0	0.0	0.0	0.0	0		57	20260726-163941
hlmj	109.0	299.8	497.7	142.2	247.3	392.4	601.2	0		58	20260726-163941
vksd	131.1	346.3	420.5	148.4	228.0	512.7	552.4	0		59	20260726-163941
cylw	127.5	307.3	403.8	106.6	171.2	436.1	505.3	0		60	20260726-163941
opew	120.3	413.6	498.5	195.0	210.8	551.0	630.2	0		61	20260726-163941
proc	115.2	243.5	398.1	94.2	197.7	359.3	497.1	0		62	20260726-163941
duti	83.3	216.9	268.1	78.5	180.5	321.3	401.5	0		63	20260726-163941
dcpt	206.3	343.3	442.2	73.8	291.7	444.7	540.6	0		64	20260726-163941
zndw	143.2	290.6	366.3	111.1	225.5	424.6	502.6	0		65	20260726-163941
jlhj	95.6	266.0	524.2	0.0	0.0	0.0	0.0	0		66	20260726-163941
zkkb	231.1	369.7	536.1	0.0	0.0	0.0	0.0	0		67	20260726-163941
ictq	114.2	281.9	483.3	112.1	195.1	383.8	632.8	0		68	20260726-163941
cthu	188.7	370.1	535.9	111.2	295.2	456.2	637.7	0		69	20260726-163941
qnnf	133.7	297.7	377.6	0.0	0.0	0.0	0.0	0		70	20260726-163941
bgbh	216.7	533.8	647.2	0.0	0.0	0.0	0.0	0		71	20260726-163941
wkzf	129.3	310.9	458.5	92.1	228.5	429.2	569.9	0		72	20260726-163941
cyvw	153.1	438.5	502.0	103.6	240.6	569.0	645.6	0		73	20260726-163941
fmky	140.5	263.9	608.0	105.3	251.1	412.6	700.1	0		74	20260726-163941
vrxh	258.8	485.2	572.3	138.3	342.9	601.1	672.3	0		75	20260726-163941
wphv	100.1	201.9	353.3	106.1	171.1	321.0	472.0	0		76	20260726-163941
kjwm	66.4	167.4	280.0	132.4	144.8	282.7	398.5	0		77	20260726-163941
hond	237.4	305.2	413.3	89.1	385.8	410.4	490.7	0		78	20260726-163941
xnlc	77.0	258.4	339.6	105.8	168.4	373.1	447.4	0		79	20260726-163941
nvww	100.1	290.7	448.7	0.0	0.0	0.0	0.0	0		80	20260726-163941
miqf	69.8	191.8	341.6	147.8	175.7	304.7	465.9	0		81	20260726-163941
vsln	74.3	244.3	356.5	148.8	180.8	379.8	464.9	0		82	20260726-163941
epum	73.0	152.4	372.7	96.3	199.4	261.6	475.1	0		83	20260726-163941
etgu	80.2	267.3	326.0	129.2	157.9	373.4	413.3	0		84	20260726-163941
zsso	243.2	389.9	512.4	0.0	0.0	0.0	0.0	0		85	20260726-163941
zhjv	83.1	290.5	482.8	152.8	155.5	391.4	582.3	0		86	20260726-163941
neps	92.4	519.0	619.3	107.6	182.3	612.1	710.2	0		87	20260726-163941
kybw	110.1	319.8	456.0	165.2	195.4	502.8	635.8	0		88	20260726-163941
hsyh	149.1	308.9	681.9	0.0	0.0	0.0	0.0	0		89	20260726-163941
bkrs	155.6	336.6	541.6	93.0	263.2	426.6	648.0	0		90	20260726-163941
ybpj	90.5	223.2	435.9	98.6	185.7	336.0	534.8	0		91	20260726-163941
hqir	71.1	193.7	316.2	90.3	199.7	301.4	426.1	0		92	20260726-163941
yfeb	67.6	296.4	518.3	90.1	166.3	397.3	616.4	0		93	20260726-163941
jggq	193.8	352.8	516.2	0.0	0.0	0.0	0.0	0		94	20260726-163941
nfcr	76.2	307.5	526.4	112.2	170.6	408.2	622.4	0		95	20260726-163941
egow	204.8	334.4	411.6	88.7	306.0	444.4	537.5	0		96	20260726-163941
vmrs	0.0	0.0	0.0	0.0	0.0	0.0	0.0	1	w	97	20260726-163941
dcny	300.0	546.4	0.0	92.8	378.3	0.0	0.0	1	dcv	98	20260726-163941
kafa	85.2	251.7	353.7	0.0	0.0	0.0	0.0	0		99	20260726-163941
lzti	86.7	275.1	292.4	108.5	176.4	372.4	398.4	0		100	20260726-163941
hvpq	115.7	322.2	0.0	124.3	246.6	0.0	0.0	1	hvq	101	20260726-163941
jqrg	63.9	213.9	0.0	112.3	212.4	0.0	0.0	1	jqe	102	20260726-163941
mebr	83.0	302.6	527.7	110.7	171.9	381.2	599.6	0		103	20260726-163941
feuk	0.0	0.0	0.0	0.0	0.0	0.0	0.0	1	d	104	20260726-163941
nrhr	70.1	240.8	356.4	0.0	0.0	0.0	0.0	0		105	20260726-163941
tmso	134.7	215.2	283.7	100.9	207.2	328.1	409.0	0		106	20260726-163941
ytdy	67.1	250.2	301.4	0.0	0.0	0.0	0.0	0		107	20260726-163941
dztq	189.1	372.3	725.5	73.1	277.8	523.3	847.9	0		108	20260726-163941
phrh	52.6	156.3	263.6	0.0	0.0	0.0	0.0	0		109	20260726-163941
uswx	94.4	311.6	552.4	130.5	198.6	399.7	648.4	0		110	20260726-163941
vaaj	257.1	422.8	547.6	0.0	0.0	0.0	0.0	0		111	20260726-163941
vgif	210.7	290.8	425.8	100.3	287.4	389.6	524.0	0		112	20260726-163941
hmcd	225.3	342.3	542.3	94.7	331.5	423.5	639.3	0		113	20260726-163941
msoc	95.9	198.4	434.4	101.2	196.4	313.9	518.5	0		114	20260726-163941
moee	107.4	318.4	460.0	0.0	0.0	0.0	0.0	0		115	20260726-163941
thpd	62.8	170.8	302.8	94.6	173.0	280.4	375.8	0		116	20260726-163941
qvkf	81.9	206.4	382.3	128.9	198.7	304.9	470.5	0		117	20260726-163941
llsv	160.9	308.2	378.9	0.0	0.0	0.0	0.0	0		118	20260726-163941
vyen	151.5	265.0	382.3	134.4	210.1	346.4	0.0	1	vyem	119	20260726-163941
imzm	127.8	315.7	367.5	0.0	0.0	0.0	0.0	0		120	20260726-163941
afxg	83.7	317.4	482.5	146.1	206.4	441.7	590.1	0		121	20260726-163941
ozql	69.0	365.5	414.7	92.0	187.2	486.0	516.2	0		122	20260726-163941
ckzs	84.6	297.6	655.4	100.7	185.8	473.3	752.6	0		123	20260726-163941
axlf	370.0	698.4	789.7	118.9	465.9	818.0	890.5	0		124	20260726-163941
ifub	85.7	228.8	301.3	107.9	169.6	324.7	397.8	0		125	20260726-163941
qjwc	97.8	211.6	468.5	95.9	207.1	319.1	576.1	0		126	20260726-163941
kbwx	45.5	267.5	765.1	99.6	132.3	374.5	855.8	0		127	20260726-163941
pxxd	244.2	387.7	585.7	0.0	0.0	0.0	0.0	0		128	20260726-163941
qxbv	247.4	828.8	1160.0	112.8	341.3	915.6	1270.9	0		129	20260726-163941
mtwk	62.0	382.0	465.4	122.5	145.1	488.1	565.4	0		130	20260726-163941
olix	267.0	333.0	847.3	100.2	425.2	476.7	953.7	0		131	20260726-163941
gwml	75.6	442.7	522.7	141.6	195.7	567.1	646.2	0		132	20260726-163941
hhrm	140.5	252.5	356.2	0.0	0.0	0.0	0.0	0		133	20260726-163941
rkwr	86.3	363.7	445.7	0.0	0.0	0.0	0.0	0		134	20260726-163941
kftc	69.0	312.9	582.9	105.2	178.9	402.2	648.3	0		135	20260726-163941
cnrk	110.7	229.5	359.7	102.1	187.1	317.7	459.2	0		136	20260726-163941
igim	120.4	228.9	357.1	0.0	0.0	0.0	0.0	0		137	20260726-163941
hhqy	135.0	272.1	370.1	0.0	0.0	0.0	0.0	0		138	20260726-163941
sjju	111.4	245.1	403.4	0.0	0.0	0.0	0.0	0		139	20260726-163941
ckzw	98.1	403.7	692.8	93.1	217.6	527.2	774.4	0		140	20260726-163941
ueza	84.9	370.3	592.3	121.7	164.5	490.2	0.0	1	uezs	141	20260726-163941
ofnn	76.9	259.0	395.8	0.0	0.0	0.0	0.0	0		142	20260726-163941
xflt	158.8	0.0	0.0	113.1	0.0	0.0	0.0	1	xl	143	20260726-163941
ybgt	73.3	335.1	562.5	76.1	154.8	422.0	636.2	0		144	20260726-163941
ncox	127.9	296.7	430.8	140.7	219.0	414.4	545.4	0		145	20260726-163941
uvwb	99.3	220.1	523.9	101.1	273.5	346.6	626.5	0		146	20260726-163941
tibl	70.3	290.9	361.9	81.3	165.0	386.6	509.4	0		147	20260726-163941
bwub	184.7	254.2	414.0	0.0	0.0	0.0	0.0	0		148	20260726-163941
zbdt	188.2	394.5	481.7	99.3	266.3	471.9	0.0	1	zbdi	149	20260726-163941
vbqp	225.0	476.6	679.7	112.0	305.9	593.8	782.7	0		150	20260726-163941
xadp	0.0	0.0	0.0	0.0	0.0	0.0	0.0	1	z	151	20260726-163941
xshn	226.9	335.3	529.9	116.8	339.2	404.6	608.6	0		152	20260726-163941
tzas	229.0	512.3	919.9	103.4	347.6	607.3	1021.8	0		153	20260726-163941
rlzm	120.0	257.2	348.7	90.8	216.1	370.2	456.2	0		154	20260726-163941
taby	405.2	631.6	698.7	31.1	517.8	733.7	762.5	0		155	20260726-163941
cvas	278.5	401.3	638.0	97.2	436.5	508.7	755.5	0		156	20260726-163941
zhba	110.4	336.0	450.4	122.5	197.0	471.6	570.2	0		157	20260726-163941
lzdp	80.6	315.9	425.0	131.1	195.1	404.7	526.2	0		158	20260726-163941
hwod	69.8	205.5	334.5	72.4	160.8	317.7	458.7	0		159	20260726-163941
fauh	115.8	205.4	469.4	145.2	289.8	330.5	574.0	0		160	20260726-163941
hvpe	212.5	364.4	474.2	88.7	334.2	462.5	580.9	0		161	20260726-163941
fjtr	73.7	261.7	501.0	106.0	172.3	364.1	595.4	0		162	20260726-163941
olak	198.2	341.0	403.1	90.3	291.4	467.3	532.0	0		163	20260726-163941
awxb	262.2	541.4	830.8	146.1	354.9	642.1	936.9	0		164	20260726-163941
xzrd	370.0	567.7	763.7	118.0	494.3	653.8	845.8	0		165	20260726-163941
eomi	96.3	253.1	354.2	88.1	191.9	403.4	469.7	0		166	20260726-163941
tlri	113.4	317.4	384.5	105.4	230.1	435.6	495.4	0		167	20260726-163941
sutb	71.0	247.7	484.1	103.3	179.5	330.8	588.2	0		168	20260726-163941
aawb	148.1	356.1	596.7	0.0	0.0	0.0	0.0	0		169	20260726-163941
mnet	0.0	0.0	0.0	0.0	0.0	0.0	0.0	1	b	170	20260726-163941
xxch	163.0	326.7	426.0	0.0	0.0	0.0	0.0	0		171	20260726-163941
ikvi	194.0	357.8	404.3	0.0	0.0	0.0	0.0	0		172	20260726-163941
vnsb	125.8	237.3	440.6	97.1	211.1	349.1	539.1	0		173	20260726-163941
mose	71.2	178.3	321.3	146.7	173.1	365.9	480.4	0		174	20260726-163941
pveh	80.3	281.4	383.8	109.1	201.6	393.7	483.8	0		175	20260726-163941
jiwf	43.4	313.5	402.2	160.7	215.2	460.8	543.4	0		176	20260726-163941
klsh	91.8	289.6	380.0	177.8	248.0	405.9	484.6	0		177	20260726-163941
kovd	64.6	339.7	473.5	130.2	192.0	510.2	571.3	0		178	20260726-163941
vfje	0.0	0.0	0.0	0.0	0.0	0.0	0.0	1	w	179	20260726-163941
yrwx	50.6	338.6	605.0	79.8	147.5	441.8	715.7	0		180	20260726-163941
hwxy	54.8	326.2	421.0	82.8	150.0	462.0	501.1	0		181	20260726-163941
jblo	75.9	460.7	666.4	117.1	175.4	559.7	760.2	0		182	20260726-163941
hkgd	0.0	0.0	0.0	0.0	0.0	0.0	0.0	1	k	183	20260726-163941
opqf	128.2	175.3	336.2	219.9	268.4	324.8	468.8	0		184	20260726-163941
fhgm	68.1	278.2	358.4	109.9	144.9	365.5	464.9	0		185	20260726-163941
dksv	103.8	257.5	357.6	82.1	200.2	403.7	494.3	0		186	20260726-163941
mkne	42.8	226.2	0.0	124.8	116.4	0.0	0.0	1	mke	187	20260726-163941
eyuu	45.2	223.7	338.6	0.0	0.0	0.0	0.0	0		188	20260726-163941
smhh	96.0	312.2	457.5	0.0	0.0	0.0	0.0	0		189	20260726-163941
mixd	72.5	227.7	434.1	152.1	176.9	320.5	523.3	0		190	20260726-163941
lvir	56.2	226.0	347.0	104.2	175.4	330.5	424.3	0		191	20260726-163941
glrw	128.3	276.9	594.5	100.7	213.5	359.0	713.4	0		192	20260726-163941
fyya	165.1	306.2	433.0	0.0	0.0	0.0	0.0	0		193	20260726-163941
kiai	350.2	634.1	707.4	0.0	0.0	0.0	0.0	0		194	20260726-163941
hvzg	84.1	591.4	844.8	81.6	213.3	713.0	927.5	0		195	20260726-163941
xnwk	100.5	294.5	367.1	98.4	200.3	383.3	451.7	0		196	20260726-163941
btds	221.7	467.6	789.3	80.1	315.1	567.6	912.0	0		197	20260726-163941
wzgs	385.3	694.4	921.2	108.9	503.5	773.2	1017.1	0		198	20260726-163941
vvrw	135.1	410.3	482.5	0.0	0.0	0.0	0.0	0		199	20260726-163941
tpgk	63.0	357.2	419.9	98.3	183.9	464.3	532.5	0		200	20260726-163941
gvul	257.7	400.6	495.6	82.7	367.7	524.6	617.6	0		201	20260726-163941
scqk	221.2	434.3	569.4	99.6	309.8	539.1	651.0	0		202	20260726-163941
ekhq	157.3	328.2	627.6	94.6	262.0	444.6	749.8	0		203	20260726-163941
rmuq	126.3	305.4	607.7	87.6	193.4	396.0	711.0	0		204	20260726-163941
lhsb	48.0	174.2	375.9	139.9	142.2	296.8	467.7	0		205	20260726-163941
webq	80.4	250.3	520.0	159.8	189.6	370.8	620.0	0		206	20260726-163941
gbrg	248.9	501.1	805.3	0.0	0.0	0.0	0.0	0		207	20260726-163941
msgw	79.2	320.2	461.2	126.6	189.4	0.0	0.0	1	msgq	208	20260726-163941
gxke	95.4	300.5	359.4	156.2	192.6	400.2	451.8	0		209	20260726-163941
mtcf	67.2	377.2	453.9	132.3	147.8	542.2	565.8	0		210	20260726-163941
bobj	86.0	226.4	317.5	0.0	0.0	0.0	0.0	0		211	20260726-163941
yqck	68.0	338.2	375.1	90.0	160.8	454.5	481.0	0		212	20260726-163941
jovz	78.0	543.8	646.0	160.0	220.1	694.7	788.5	0		213	20260726-163941
viby	109.3	262.9	378.2	121.7	218.5	375.7	469.2	0		214	20260726-163941
hjrc	154.5	393.2	655.7	64.7	249.9	483.8	749.3	0		215	20260726-163941
kmwc	59.5	322.9	616.0	170.2	224.3	474.8	698.0	0		216	20260726-163941
qmmw	151.3	297.7	424.4	0.0	0.0	0.0	0.0	0		217	20260726-163941
ydav	76.3	408.4	670.3	86.8	173.9	501.3	776.0	0		218	20260726-163941
rnsr	104.2	370.2	468.9	0.0	0.0	0.0	0.0	0		219	20260726-163941
twln	82.7	267.8	466.8	139.9	196.7	385.6	583.9	0		220	20260726-163941
resn	71.2	316.8	409.1	147.0	204.2	427.6	517.7	0		221	20260726-163941
dqiw	87.3	199.7	473.9	110.3	204.9	313.9	626.3	0		222	20260726-163941
vvji	179.1	336.5	411.5	0.0	0.0	0.0	0.0	0		223	20260726-163941
trln	185.7	351.6	562.7	76.2	287.7	555.1	601.0	0		224	20260726-163941
amcq	184.5	355.2	605.1	106.9	319.8	443.5	711.8	0		225	20260726-163941
hdmo	99.5	271.2	339.7	108.1	189.8	409.4	468.2	0		226	20260726-163941
pioz	406.5	700.3	822.5	87.1	520.3	813.5	948.9	0		227	20260726-163941
auge	64.4	263.0	322.5	97.5	154.8	395.0	475.2	0		228	20260726-163941
bhre	139.7	283.4	481.2	75.1	222.9	379.9	600.8	0		229	20260726-163941
xqpw	216.6	463.8	814.3	91.8	341.3	583.4	917.8	0		230	20260726-163941
acib	226.9	317.8	488.4	103.9	309.4	409.3	588.7	0		231	20260726-163941
jqyq	82.0	274.3	451.3	0.0	0.0	0.0	0.0	0		232	20260726-163941
czsj	123.9	414.2	571.7	172.8	274.5	528.5	682.3	0		233	20260726-163941
psen	228.1	440.4	530.5	92.4	313.4	525.3	619.7	0		234	20260726-163941
ybyk	85.7	211.5	420.6	0.0	0.0	0.0	0.0	0		1	20260726-172251
xogb	82.7	246.1	471.1	103.8	208.8	321.0	563.0	0		2	20260726-172251
iwds	78.1	333.9	542.2	97.8	186.5	428.6	630.1	0		3	20260726-172251
xuyi	95.6	268.2	344.9	110.1	170.6	403.7	477.0	0		4	20260726-172251
mlmb	98.7	269.6	417.2	0.0	0.0	0.0	0.0	0		5	20260726-172251
ggfq	158.3	412.1	516.2	0.0	0.0	0.0	0.0	0		6	20260726-172251
lyjz	56.9	291.3	378.7	152.1	150.4	391.0	499.6	0		7	20260726-172251
hpha	52.5	242.7	297.9	0.0	0.0	0.0	0.0	0		8	20260726-172251
dken	86.4	211.3	291.5	79.6	175.7	293.7	396.9	0		9	20260726-172251
vpqy	86.6	426.1	558.6	107.6	186.5	521.5	635.7	0		10	20260726-172251
pihi	75.2	230.6	359.8	0.0	0.0	0.0	0.0	0		11	20260726-172251
fhml	69.9	279.8	387.4	95.5	152.2	404.6	504.0	0		12	20260726-172251
aplh	69.4	282.2	445.8	109.3	169.3	432.9	555.5	0		13	20260726-172251
qoky	76.6	324.3	393.8	106.3	168.6	447.3	485.2	0		14	20260726-172251
svod	98.9	191.2	335.4	141.0	229.1	325.2	413.0	0		15	20260726-172251
evne	85.4	372.2	458.5	0.0	0.0	0.0	0.0	0		16	20260726-172251
ucdd	87.0	304.3	463.1	0.0	0.0	0.0	0.0	0		17	20260726-172251
nhpv	142.1	351.4	539.4	58.8	225.3	450.1	653.5	0		18	20260726-172251
yvwj	82.0	393.4	489.9	87.3	198.4	474.2	576.4	0		19	20260726-172251
qwzy	58.9	391.6	441.5	169.6	178.9	481.1	517.2	0		20	20260726-172251
ydjq	63.5	286.8	383.6	82.1	150.8	389.0	482.3	0		21	20260726-172251
lasq	47.3	394.5	550.4	102.1	164.9	496.5	662.1	0		22	20260726-172251
fbwj	227.9	521.2	617.5	88.6	310.9	614.2	697.7	0		23	20260726-172251
ookc	151.0	311.0	407.3	0.0	0.0	0.0	0.0	0		24	20260726-172251
gwzl	66.0	352.9	433.5	125.8	164.9	465.7	523.9	0		25	20260726-172251
jaus	82.6	196.9	339.3	80.0	175.4	291.7	439.3	0		26	20260726-172251
hhuf	141.5	321.5	440.0	0.0	0.0	0.0	0.0	0		27	20260726-172251
qnkt	95.3	308.7	395.3	119.1	188.4	404.5	461.0	0		28	20260726-172251
joyo	147.4	413.5	514.6	0.0	0.0	0.0	0.0	0		29	20260726-172251
zoxr	86.4	303.1	480.8	102.2	205.4	421.4	575.6	0		30	20260726-172251
xoax	124.4	255.2	565.9	0.0	0.0	0.0	0.0	0		31	20260726-172251
wifz	87.3	227.2	464.5	89.4	183.6	330.0	571.6	0		32	20260726-172251
pztv	86.3	344.0	571.6	102.1	191.3	426.7	705.4	0		33	20260726-172251
rkbx	102.8	327.4	564.5	87.9	203.8	394.9	648.1	0		34	20260726-172251
gogg	105.4	240.2	396.7	0.0	0.0	0.0	0.0	0		35	20260726-172251
avid	203.9	307.9	400.3	90.0	303.8	393.6	483.6	0		36	20260726-172251
quxo	106.3	351.6	469.2	86.4	206.4	442.3	588.2	0		37	20260726-172251
yrpv	65.7	212.3	344.8	86.8	143.7	306.8	471.7	0		38	20260726-172251
lxzc	112.4	684.7	948.2	0.0	0.0	0.0	0.0	1	lxzx	39	20260726-172251
tfjr	223.6	306.7	445.5	75.0	304.6	383.5	521.8	0		40	20260726-172251
bjlt	82.8	188.6	341.0	72.6	198.9	295.9	423.5	0		41	20260726-172251
vari	228.4	314.6	389.4	113.9	352.7	405.2	502.1	0		42	20260726-172251
njcc	199.0	382.9	541.9	0.0	0.0	0.0	0.0	0		43	20260726-172251
avzh	119.3	357.7	474.2	117.4	235.9	458.1	531.0	0		44	20260726-172251
pcbm	86.3	332.8	495.7	110.9	170.9	405.2	0.0	1	pcbn	45	20260726-172251
mytp	177.3	279.3	364.7	67.4	249.1	362.1	456.6	0		46	20260726-172251
yavf	68.5	219.1	485.2	87.4	170.9	352.1	572.5	0		47	20260726-172251
qlxz	104.6	720.2	940.2	106.5	203.7	805.7	1042.0	0		48	20260726-172251
cnos	84.5	211.7	317.9	86.9	164.7	341.7	420.6	0		49	20260726-172251
xxoz	166.0	262.5	408.1	0.0	0.0	0.0	0.0	0		50	20260726-172251
xrib	194.8	292.7	462.5	89.4	279.5	389.2	547.0	0		51	20260726-172251
aeus	175.5	320.2	476.7	84.9	260.3	428.1	582.4	0		52	20260726-172251
jinz	63.2	231.5	486.9	110.3	199.2	328.5	592.5	0		53	20260726-172251
wmuy	82.0	284.0	474.2	90.9	164.1	365.9	539.9	0		54	20260726-172251
qkru	112.9	226.4	341.1	128.7	206.8	329.8	446.0	0		55	20260726-172251
lxgi	95.2	307.1	350.2	106.9	186.6	402.6	453.3	0		56	20260726-172251
arpf	132.5	243.3	413.5	97.4	230.8	336.0	522.1	0		57	20260726-172251
dcsf	956.9	1205.8	1584.1	87.8	1022.4	1285.5	1666.6	0		58	20260726-172251
vtji	222.5	422.2	500.9	93.6	288.3	565.4	616.8	0		59	20260726-172251
kqau	40.3	443.6	475.5	99.2	135.6	537.0	562.9	0		60	20260726-172251
wfka	70.4	196.5	300.9	121.4	165.4	282.4	406.2	0		61	20260726-172251
nvrs	26.5	430.6	528.1	86.5	132.2	552.5	638.6	0		62	20260726-172251
whpl	52.7	159.7	408.2	82.5	161.5	272.4	504.0	0		63	20260726-172251
tqkg	66.6	232.8	397.6	132.0	159.9	326.6	482.8	0		64	20260726-172251
vvri	149.4	365.5	441.1	0.0	0.0	0.0	0.0	0		65	20260726-172251
kfns	62.4	208.0	404.4	73.4	154.5	298.2	497.5	0		66	20260726-172251
yrcv	70.0	402.9	506.1	94.6	145.2	535.5	620.8	0		67	20260726-172251
jkdj	0.0	0.0	0.0	0.0	0.0	0.0	0.0	1	k	68	20260726-172251
bibj	98.3	209.1	363.9	0.0	0.0	0.0	0.0	0		69	20260726-172251
gnry	98.2	252.9	319.8	82.9	172.0	341.2	421.1	0		70	20260726-172251
mdzn	71.2	319.2	385.0	108.2	170.6	429.8	459.0	0		71	20260726-172251
ztrs	229.8	408.0	585.6	110.9	309.3	507.0	732.1	0		72	20260726-172251
pyzb	51.5	319.6	594.1	136.7	160.0	441.6	676.7	0		73	20260726-172251
ltiv	141.3	214.4	390.0	90.4	223.0	325.0	516.7	0		74	20260726-172251
vwoo	71.5	219.4	380.0	0.0	0.0	0.0	0.0	0		75	20260726-172251
lztm	76.6	252.1	356.0	108.5	152.9	353.2	451.7	0		76	20260726-172251
hpzb	73.2	146.3	292.9	108.5	181.4	260.6	381.0	0		77	20260726-172251
zwni	294.6	371.0	433.3	106.6	366.9	494.6	546.4	0		78	20260726-172251
wkmg	107.1	260.0	371.4	104.2	188.4	368.7	458.4	0		79	20260726-172251
cnxn	96.5	279.8	343.0	0.0	0.0	0.0	0.0	0		80	20260726-172251
seiw	156.5	290.9	465.9	140.8	279.4	412.1	611.2	0		81	20260726-172251
strt	232.9	441.5	662.6	0.0	0.0	0.0	0.0	0		82	20260726-172251
qsko	80.0	342.1	419.7	158.3	257.8	486.7	574.6	0		83	20260726-172251
cohg	104.8	267.9	434.2	110.4	213.1	381.7	524.9	0		84	20260726-172251
zsxb	99.9	399.5	709.9	183.2	237.3	491.4	799.1	0		85	20260726-172251
uaky	86.8	266.3	390.0	109.1	174.5	392.7	481.2	0		86	20260726-172251
zssq	244.2	392.4	636.8	0.0	0.0	0.0	0.0	0		87	20260726-172251
takf	52.1	287.7	457.7	132.3	172.9	375.7	553.6	0		88	20260726-172251
okgd	79.0	310.9	544.3	141.5	230.1	395.2	624.2	0		89	20260726-172251
cbrb	139.8	463.5	696.6	0.0	0.0	0.0	0.0	0		90	20260726-172251
kngu	86.3	253.1	344.6	138.3	152.1	348.8	446.9	0		91	20260726-172251
feng	101.5	202.8	290.0	122.7	195.2	292.5	410.4	0		92	20260726-172251
sokn	88.8	263.2	452.7	105.1	184.1	367.4	540.9	0		93	20260726-172251
xpov	235.3	429.2	664.3	89.9	324.1	532.5	768.0	0		94	20260726-172251
lnci	71.5	333.3	380.2	149.6	173.7	414.0	487.0	0		95	20260726-172251
kwwi	131.8	285.5	384.9	0.0	0.0	0.0	0.0	0		96	20260726-172251
zgll	208.0	315.7	468.0	0.0	0.0	0.0	0.0	0		97	20260726-172251
hzgo	77.0	308.9	357.0	88.3	182.5	393.3	467.4	0		98	20260726-172251
vnsj	161.4	288.7	557.6	105.3	235.4	393.9	627.8	0		99	20260726-172251
yclp	70.4	195.3	344.2	76.0	159.0	306.6	478.5	0		100	20260726-172251
qiuj	104.3	239.8	547.3	113.1	208.2	378.4	631.0	0		101	20260726-172251
svoc	130.0	235.0	376.6	128.4	238.6	335.7	482.4	0		102	20260726-172251
htsx	75.9	192.0	462.6	100.1	159.7	301.3	556.0	0		103	20260726-172251
txyp	175.4	281.1	481.5	71.1	283.1	368.7	603.0	0		104	20260726-172251
rckf	227.3	329.4	448.9	89.9	313.3	410.1	549.6	0		105	20260726-172251
hzmv	83.2	262.9	495.4	79.2	199.3	359.0	591.5	0		106	20260726-172251
pokf	188.2	489.3	623.0	101.8	300.4	591.5	718.6	0		107	20260726-172251
fbiu	281.5	520.5	801.9	96.0	390.3	597.4	886.4	0		108	20260726-172251
msdg	90.3	313.9	680.3	101.3	189.6	395.4	769.9	0		109	20260726-172251
ttrg	290.8	520.2	858.2	0.0	0.0	0.0	0.0	0		110	20260726-172251
vbhs	230.5	460.1	642.0	109.1	318.6	537.9	736.9	0		111	20260726-172251
aylf	97.5	285.7	453.9	95.3	168.8	417.1	535.9	0		112	20260726-172251
ybud	155.3	283.3	510.9	94.0	233.8	384.8	597.0	0		113	20260726-172251
xlnd	91.7	251.1	349.8	89.7	191.6	358.7	433.7	0		114	20260726-172251
fwcm	70.1	391.1	436.2	140.5	234.8	494.5	549.0	0		115	20260726-172251
qtve	67.4	423.8	515.3	147.2	190.9	558.3	665.7	0		116	20260726-172251
gfht	209.1	391.2	536.3	88.6	305.6	474.6	617.8	0		117	20260726-172251
ibxt	77.2	323.4	461.3	104.3	170.5	437.6	540.3	0		118	20260726-172251
cawl	99.1	501.1	571.6	132.8	213.7	610.1	713.1	0		119	20260726-172251
inqg	94.7	283.3	490.4	166.7	200.5	387.5	591.0	0		120	20260726-172251
hrmj	107.7	290.0	461.8	87.3	200.9	367.1	556.3	0		121	20260726-172251
whbz	117.2	509.6	608.8	109.7	208.8	546.7	662.1	0		122	20260726-172251
qlxg	126.7	353.0	552.9	117.3	229.9	434.7	640.6	0		123	20260726-172251
cjwb	122.1	395.3	641.0	102.8	229.0	491.7	723.7	0		124	20260726-172251
zodm	113.5	261.7	366.4	115.7	200.5	347.3	473.6	0		125	20260726-172251
smhj	145.5	403.7	625.8	95.1	240.7	495.7	740.5	0		126	20260726-172251
pymd	62.2	298.9	369.6	141.8	132.0	408.5	452.0	0		127	20260726-172251
ceit	203.3	312.5	404.1	55.9	285.0	410.1	496.4	0		128	20260726-172251
vrtl	221.4	420.1	514.6	87.0	305.2	508.2	627.7	0		129	20260726-172251
arkr	68.5	230.0	337.5	0.0	0.0	0.0	0.0	0		130	20260726-172251
xxxg	140.2	316.8	604.2	0.0	0.0	0.0	0.0	0		131	20260726-172251
mqoc	76.9	198.1	339.1	98.8	190.7	315.5	447.0	0		132	20260726-172251
jccn	159.2	302.6	536.1	0.0	0.0	0.0	0.0	0		133	20260726-172251
ljgc	88.9	236.9	319.8	139.6	186.5	384.5	437.9	0		134	20260726-172251
zkwf	119.7	293.8	451.8	123.5	220.5	402.1	569.8	0		135	20260726-172251
xdls	108.7	307.6	380.9	187.8	232.5	415.7	485.7	0		136	20260726-172251
eoso	106.6	252.8	339.9	0.0	0.0	0.0	0.0	0		137	20260726-172251
umhm	0.0	0.0	0.0	0.0	0.0	0.0	0.0	1	e	138	20260726-172251
ntsh	115.1	260.9	362.8	112.5	199.4	345.7	467.7	0		139	20260726-172251
vcvh	100.2	283.1	489.7	0.0	0.0	0.0	0.0	0		140	20260726-172251
fexm	62.4	338.7	467.6	135.6	178.8	463.6	571.3	0		141	20260726-172251
wjpi	90.3	223.8	438.7	122.9	200.3	358.2	562.0	0		142	20260726-172251
kdbe	53.1	315.8	373.6	127.6	150.1	423.1	524.3	0		143	20260726-172251
jeiy	32.4	147.8	342.0	65.0	125.0	247.2	429.6	0		144	20260726-172251
rsfl	75.1	275.7	334.8	105.4	179.9	385.9	461.6	0		145	20260726-172251
bebd	67.2	291.3	530.3	0.0	0.0	0.0	0.0	0		146	20260726-172251
zawy	315.6	616.3	720.3	124.0	419.2	703.3	810.3	0		147	20260726-172251
tqgz	60.4	434.0	496.1	155.7	185.7	580.8	650.6	0		148	20260726-172251
regs	117.2	369.7	658.0	171.8	246.2	491.5	770.8	0		149	20260726-172251
klce	149.5	427.7	638.3	79.4	279.2	502.4	727.7	0		150	20260726-172251
tjpj	108.1	345.3	462.4	0.0	0.0	0.0	0.0	0		151	20260726-172251
ioce	83.5	178.8	372.2	154.1	212.2	259.0	469.0	0		152	20260726-172251
mewj	38.2	329.3	387.7	82.2	132.4	426.6	472.9	0		153	20260726-172251
dqpc	72.0	418.8	616.0	135.6	189.5	513.7	715.6	0		154	20260726-172251
srmu	85.6	322.0	521.7	118.7	200.7	400.6	601.5	0		155	20260726-172251
xrva	141.9	438.9	544.3	149.0	241.9	600.7	671.2	0		156	20260726-172251
mpuy	237.2	301.1	519.6	111.2	355.9	402.7	598.1	0		157	20260726-172251
xava	155.7	569.5	662.8	0.0	0.0	0.0	0.0	0		158	20260726-172251
qwlh	253.5	519.5	616.4	127.2	375.6	661.2	722.2	0		159	20260726-172251
mmpz	142.4	333.5	446.9	0.0	0.0	0.0	0.0	0		160	20260726-172251
ufzw	46.7	313.2	556.0	127.8	160.8	463.4	646.8	0		161	20260726-172251
bpaq	112.9	384.7	630.4	103.6	213.3	474.8	728.1	0		162	20260726-172251
qqia	164.7	298.7	422.7	0.0	0.0	0.0	0.0	0		163	20260726-172251
webr	109.1	374.7	626.1	178.0	238.0	462.2	711.4	0		164	20260726-172251
vdky	602.4	1105.0	1238.7	123.6	683.9	1202.5	1331.6	0		165	20260726-172251
sitl	83.2	211.3	334.4	97.4	181.1	320.5	458.1	0		166	20260726-172251
yelt	64.3	178.6	250.7	66.8	146.8	297.0	352.6	0		167	20260726-172251
buhr	110.4	322.9	488.0	94.1	210.2	420.9	577.4	0		168	20260726-172251
nhct	167.8	431.0	612.8	92.4	263.1	519.5	700.9	0		169	20260726-172251
vfou	218.9	322.6	383.7	99.6	303.5	436.9	505.8	0		170	20260726-172251
gsvp	85.8	396.8	482.7	94.9	192.2	536.7	572.9	0		171	20260726-172251
qxeg	241.0	491.8	621.5	122.3	330.4	598.2	732.9	0		172	20260726-172251
arec	70.3	256.6	521.1	126.1	202.8	366.4	615.2	0		173	20260726-172251
lcqr	57.4	262.6	560.3	129.2	179.5	386.6	655.4	0		174	20260726-172251
hkdn	92.3	293.9	415.3	176.5	217.9	388.4	528.9	0		175	20260726-172251
nevr	84.2	301.6	571.9	118.5	171.4	393.4	638.7	0		176	20260726-172251
jklq	73.1	296.6	578.6	160.9	209.1	432.4	710.3	0		177	20260726-172251
ipnf	117.4	351.4	535.6	165.5	273.2	469.9	635.8	0		178	20260726-172251
rwqe	106.7	505.5	776.4	183.4	233.3	655.8	871.8	0		179	20260726-172251
bmgy	114.1	392.0	500.0	100.2	230.9	485.0	574.0	0		180	20260726-172251
pqqo	111.1	262.1	386.4	0.0	0.0	0.0	0.0	0		181	20260726-172251
odsl	112.9	302.9	359.6	129.9	189.9	404.7	491.9	0		182	20260726-172251
dqxc	90.8	378.7	592.4	133.9	208.0	474.6	691.0	0		183	20260726-172251
iefd	108.8	350.8	752.1	113.0	202.1	500.7	836.6	0		184	20260726-172251
tszp	93.4	383.8	545.6	131.0	205.2	495.8	644.2	0		185	20260726-172251
qbaj	126.4	390.3	450.7	156.7	241.9	506.4	543.7	0		186	20260726-172251
cllu	194.5	333.0	679.3	0.0	0.0	0.0	0.0	0		187	20260726-172251
etsw	139.6	369.5	513.7	137.1	243.2	0.0	0.0	1	etsq	188	20260726-172251
nepn	62.2	212.9	379.8	0.0	0.0	0.0	0.0	0		189	20260726-172251
oumj	90.9	322.5	491.7	151.3	184.8	405.5	577.5	0		190	20260726-172251
dgad	212.3	338.4	540.9	0.0	0.0	0.0	0.0	0		191	20260726-172251
qgpr	99.4	315.0	376.6	125.6	211.7	401.7	474.6	0		192	20260726-172251
hzgi	55.9	284.0	324.2	88.4	161.0	385.7	437.4	0		193	20260726-172251
bjcm	77.0	232.2	334.1	80.6	173.0	340.6	436.2	0		194	20260726-172251
lspu	86.9	225.7	372.7	105.6	178.8	330.4	501.6	0		195	20260726-172251
xrrp	266.2	411.4	517.0	0.0	0.0	0.0	0.0	0		196	20260726-172251
atuo	87.6	157.1	236.1	117.6	190.8	288.5	363.0	0		197	20260726-172251
psul	85.0	185.1	329.3	82.6	183.4	463.6	384.9	0		198	20260726-172251
iufs	0.0	0.0	0.0	0.0	0.0	0.0	0.0	1	l	199	20260726-172251
airs	65.2	162.8	315.9	84.4	159.3	261.8	429.7	0		200	20260726-172251
axbj	272.7	512.2	653.0	115.9	373.5	593.8	749.1	0		201	20260726-172251
moaa	119.5	334.2	496.5	0.0	0.0	0.0	0.0	0		202	20260726-172251
dusw	68.6	346.7	704.8	84.7	184.2	565.1	817.6	0		203	20260726-172251
epix	111.3	178.0	363.5	89.4	228.0	355.0	460.7	0		204	20260726-172251
spha	79.9	218.9	279.7	106.6	178.9	351.9	398.9	0		205	20260726-172251
vwiq	316.9	384.9	758.4	89.2	429.6	495.5	889.9	0		206	20260726-172251
mnfo	92.7	243.0	345.7	59.8	178.1	344.1	465.3	0		207	20260726-172251
xpof	243.7	327.6	543.9	96.0	355.0	502.1	641.8	0		208	20260726-172251
mjaq	160.3	254.8	578.8	69.9	252.1	360.5	688.8	0		209	20260726-172251
xzlq	69.1	271.0	374.7	157.4	217.1	396.0	492.5	0		210	20260726-172251
ndhk	84.6	279.2	393.7	119.9	179.1	464.9	536.3	0		211	20260726-172251
lehr	33.0	231.2	355.8	117.9	145.5	343.1	456.1	0		212	20260726-172251
cyuo	115.6	325.6	561.8	96.0	200.7	440.7	0.0	1	cyup	213	20260726-172251
gozr	102.6	287.2	455.6	100.9	213.3	416.6	559.9	0		214	20260726-172251
xljm	123.4	266.8	514.3	108.3	241.2	378.6	606.7	0		215	20260726-172251
mmvr	123.2	275.3	527.1	0.0	0.0	0.0	0.0	0		216	20260726-172251
kooz	266.0	436.3	635.6	0.0	0.0	0.0	0.0	1	koox	217	20260726-172251
wmld	91.3	241.8	386.4	94.6	217.0	362.9	461.3	0		218	20260726-172251
qwwy	258.8	425.1	530.0	0.0	0.0	0.0	0.0	0		219	20260726-172251
jkgx	88.4	370.2	508.8	143.5	223.2	0.0	0.0	1	jkgz	220	20260726-172251
kecr	44.9	310.3	423.9	117.4	130.9	489.2	540.0	0		221	20260726-172251
gkgl	133.8	245.2	408.7	0.0	0.0	0.0	0.0	0		222	20260726-172251
wgev	91.2	276.5	614.0	136.6	243.4	385.3	733.5	0		223	20260726-172251
xkau	70.7	231.6	306.7	82.2	150.7	329.3	423.2	0		224	20260726-172251
zdgx	134.9	447.7	759.3	141.3	270.7	562.6	836.8	0		225	20260726-172251
cmyi	87.8	282.2	380.0	89.6	150.1	439.0	494.8	0		226	20260726-172251
hozs	78.4	262.9	507.2	117.6	215.4	380.5	603.4	0		227	20260726-172251
cpmk	84.3	258.0	416.0	88.9	199.5	434.5	535.7	0		228	20260726-172251
sncb	125.9	415.4	657.7	141.2	241.3	550.2	770.7	0		229	20260726-172251
ezsl	123.5	419.8	507.8	113.7	245.3	523.3	626.3	0		230	20260726-172251
qdni	124.5	308.0	408.3	161.5	246.6	464.0	513.7	0		231	20260726-172251
bsde	100.0	0.0	0.0	0.0	0.0	0.0	0.0	1	bd	232	20260726-172251
tehy	60.7	251.7	469.7	130.1	156.4	348.2	548.7	0		233	20260726-172251
fsrg	267.1	350.6	610.4	88.7	399.6	446.3	712.8	0		234	20260726-172251
yxuf	84.7	271.3	486.4	86.3	180.7	381.5	584.8	0		235	20260726-172251
xvdd	66.6	293.6	450.5	0.0	0.0	0.0	0.0	0		236	20260726-172251
uqbn	60.6	404.8	480.5	104.4	174.2	494.8	588.6	0		237	20260726-172251
hgrw	0.0	0.0	0.0	0.0	0.0	0.0	0.0	1	g	238	20260726-172251
kgsn	67.7	243.2	305.2	114.4	149.1	355.4	415.2	0		239	20260726-172251
pyja	35.6	249.0	569.6	121.2	128.5	368.7	679.7	0		240	20260726-172251
vlui	125.0	190.8	397.3	139.0	243.9	442.2	540.0	0		241	20260726-172251
ulnw	76.3	302.0	417.1	141.1	221.7	399.1	514.5	0		242	20260726-172251
nkty	118.7	267.6	357.3	172.7	234.5	364.3	448.6	0		243	20260726-172251
cyle	75.6	269.9	309.3	120.3	168.6	389.6	404.3	0		244	20260726-172251
jbbq	86.0	259.0	457.5	0.0	0.0	0.0	0.0	0		245	20260726-172251
rqpn	97.1	242.7	450.7	159.7	221.4	345.3	529.0	0		246	20260726-172251
woiz	93.7	155.0	301.7	80.0	237.6	291.4	421.6	0		247	20260726-172251
ukna	88.7	307.7	364.2	164.9	199.0	401.5	469.8	0		248	20260726-172251
tkcy	88.9	229.8	289.4	95.5	162.0	324.9	373.3	0		249	20260726-172251
sdri	113.2	255.3	301.1	159.2	258.5	371.8	420.4	0		250	20260726-172251
tfzs	210.2	459.4	681.4	80.1	312.9	602.6	787.9	0		251	20260726-172251
ralw	79.4	170.6	287.5	136.1	172.6	272.0	391.9	0		252	20260726-172251
kulx	47.8	247.9	384.3	158.7	157.1	379.5	483.3	0		253	20260726-172251
nhmr	187.8	407.8	469.0	93.4	263.6	503.4	557.4	0		254	20260726-172251
tepw	76.0	186.9	350.9	136.9	189.2	279.1	461.3	0		255	20260726-172251
pdxi	67.4	273.2	278.2	98.4	140.4	389.5	397.1	0		256	20260726-172251
yqzt	44.7	323.1	488.8	85.6	136.6	435.9	581.2	0		257	20260726-172251
yxhl	119.7	307.8	413.6	97.8	214.2	426.3	556.0	0		258	20260726-172251
dobo	91.6	285.2	434.8	0.0	0.0	0.0	0.0	0		259	20260726-172251
hoxx	124.7	223.5	390.9	0.0	0.0	0.0	0.0	0		260	20260726-172251
yjof	228.8	305.1	468.3	73.1	351.5	400.1	562.6	0		261	20260726-172251
grzw	197.9	440.9	665.2	81.7	304.1	552.2	759.0	0		262	20260726-172251
zewa	509.9	0.0	0.0	137.8	0.0	0.0	0.0	1	zw	263	20260726-172251
jjfl	138.3	225.7	315.5	0.0	0.0	0.0	0.0	0		264	20260726-172251
vvcf	183.1	418.8	519.0	0.0	0.0	0.0	0.0	0		265	20260726-172251
vfra	376.6	645.7	979.3	126.7	496.7	782.7	1126.2	0		266	20260726-172251
svzt	246.2	607.7	751.5	0.0	0.0	0.0	0.0	1	svzz	267	20260726-172251
faan	64.7	309.6	539.9	0.0	0.0	0.0	0.0	0		268	20260726-172251
pubz	52.9	127.3	287.4	118.8	154.3	227.9	430.5	0		269	20260726-172251
arvq	82.6	339.8	522.8	151.6	181.4	463.7	607.2	0		270	20260726-172251
dsgy	75.9	307.3	381.5	177.7	215.8	419.1	461.3	0		271	20260726-172251
cuej	59.6	200.4	366.2	66.5	164.1	295.4	458.1	0		272	20260726-172251
nsnu	88.0	428.6	614.7	0.0	0.0	0.0	0.0	0		273	20260726-172251
nkvl	207.3	296.4	422.3	86.3	292.9	394.9	537.9	0		274	20260726-172251
oibk	88.2	351.8	411.4	134.7	191.1	0.0	0.0	1	oibl	275	20260726-172251
ylef	116.2	248.8	461.7	161.5	239.8	352.2	559.0	0		276	20260726-172251
pbvs	104.8	400.1	511.8	116.0	207.6	566.2	678.1	0		277	20260726-172251
ipew	0.0	0.0	0.0	0.0	0.0	0.0	0.0	1	o	278	20260726-172251
heqs	62.0	823.1	1137.9	87.0	171.4	955.0	1243.5	0		279	20260726-172251
xmjt	96.2	268.0	345.5	98.9	156.5	376.8	436.1	0		280	20260726-172251
nbmq	177.8	0.0	0.0	88.6	0.0	0.0	0.0	1	nm	281	20260726-172251
fimk	60.5	231.6	355.3	105.1	153.4	396.8	475.5	0		282	20260726-172251
ufet	71.9	177.0	362.0	100.7	216.3	298.4	496.1	0		283	20260726-172251
mxdf	62.4	352.2	474.1	117.3	162.4	529.4	614.4	0		284	20260726-172251
vuox	312.0	378.6	575.0	133.1	419.0	490.4	684.1	0		285	20260726-172251
dcxq	206.0	859.4	969.3	74.9	296.1	1019.2	1140.8	0		286	20260726-172251
wcbw	262.3	569.3	770.1	0.0	0.0	0.0	0.0	0		287	20260726-172251
htoi	112.7	255.2	649.5	115.7	203.4	331.6	739.3	0		288	20260726-172251
jvgn	71.4	476.9	558.4	103.0	189.0	556.4	656.8	0		289	20260726-172251
rsxr	104.7	472.4	625.6	0.0	0.0	0.0	0.0	0		290	20260726-172251
zwck	268.3	584.4	714.8	117.6	364.8	659.3	828.0	0		291	20260726-172251
lvwx	133.1	443.4	697.7	103.1	242.8	539.3	818.4	0		292	20260726-172251
wljt	185.9	447.1	598.7	113.3	293.8	540.2	686.5	0		293	20260726-172251
rstf	112.9	341.1	706.8	146.2	227.6	427.8	801.9	0		294	20260726-172251
gtug	217.2	430.4	580.3	0.0	0.0	0.0	0.0	0		295	20260726-172251
jobg	53.9	286.5	525.4	159.2	157.0	374.4	613.0	0		296	20260726-172251
eich	77.3	326.0	388.5	83.3	169.9	439.7	481.6	0		297	20260726-172251
ttmw	155.5	577.0	660.8	0.0	0.0	0.0	0.0	0		298	20260726-172251
ibfo	43.7	303.8	391.1	93.8	135.1	407.9	486.7	0		299	20260726-172251
norw	68.1	303.7	603.9	79.5	168.9	344.1	699.8	0		300	20260726-172251
bbqn	172.1	334.7	420.6	0.0	0.0	0.0	0.0	0		301	20260726-172251
lncj	117.4	354.8	423.1	144.3	269.0	0.0	0.0	1	lnci	302	20260726-172251
kmfx	79.2	244.9	484.4	146.7	198.9	340.4	580.4	0		303	20260726-172251
uukv	131.1	345.5	422.3	0.0	0.0	0.0	0.0	0		304	20260726-172251
fgxt	0.0	0.0	0.0	0.0	0.0	0.0	0.0	1	g	305	20260726-172251
rvcg	214.4	507.6	603.7	71.9	310.5	656.2	688.7	0		306	20260726-172251
xaiq	207.8	259.2	491.0	88.6	295.2	361.9	593.0	0		307	20260726-172251
xtry	229.3	398.8	500.1	100.1	293.6	486.8	590.5	0		308	20260726-172251
ngwe	98.3	315.7	411.0	100.2	187.8	506.9	596.8	0		309	20260726-172251
jocm	77.4	243.1	376.0	157.6	194.8	343.9	492.0	0		310	20260726-172251
ezzp	440.7	616.8	742.4	0.0	0.0	0.0	0.0	0		311	20260726-172251
mjuh	0.0	0.0	0.0	0.0	0.0	0.0	0.0	1	j	312	20260726-172251
nibj	71.6	265.3	336.1	143.1	169.9	345.7	441.5	0		313	20260726-172251
fznx	93.5	290.0	569.7	132.0	230.9	392.4	673.2	0		314	20260726-172251
gqcz	82.1	371.9	678.3	163.1	203.2	477.4	785.4	0		315	20260726-172251
nqvs	60.9	554.6	629.4	96.5	168.5	657.8	781.7	0		316	20260726-172251
czgu	65.0	275.7	352.1	108.7	177.7	383.1	446.4	0		317	20260726-172251
rfce	209.1	409.5	602.2	80.4	297.4	472.9	676.1	0		318	20260726-172251
laed	71.7	256.6	510.7	94.4	155.9	337.7	617.1	0		319	20260726-172251
vulb	117.2	194.8	393.9	138.8	247.0	318.7	472.7	0		320	20260726-172251
uziu	161.2	243.8	397.6	0.0	0.0	0.0	0.0	0		321	20260726-172251
hwol	80.8	191.9	457.8	83.0	170.2	299.0	571.5	0		322	20260726-172251
xxcm	173.9	371.4	443.8	0.0	0.0	0.0	0.0	0		323	20260726-172251
vnvt	463.1	588.4	884.0	0.0	0.0	0.0	0.0	0		324	20260726-172251
bzce	80.2	350.0	548.9	126.4	212.6	433.2	638.2	0		325	20260726-172251
tocs	76.9	367.8	462.4	83.3	173.3	490.7	575.8	0		326	20260726-172251
biwi	89.9	258.9	309.3	0.0	0.0	0.0	0.0	0		327	20260726-172251
qdfh	125.3	358.1	487.7	122.9	237.4	474.9	571.8	0		328	20260726-172251
rmsn	92.8	246.0	562.8	75.4	198.7	355.5	655.1	0		329	20260726-172251
jpim	86.8	250.3	0.0	139.7	0.0	0.0	0.0	1	jpo	330	20260726-172251
qhyg	69.6	258.4	451.2	129.7	159.2	360.5	537.3	0		331	20260726-172251
ferq	0.0	0.0	0.0	0.0	0.0	0.0	0.0	1	g	332	20260726-172251
nyev	181.2	307.0	631.2	71.2	268.1	392.1	734.3	0		333	20260726-172251
ddjf	157.3	294.0	369.3	0.0	0.0	0.0	0.0	0		334	20260726-172251
kkuj	141.4	302.2	502.4	0.0	0.0	0.0	0.0	0		335	20260726-172251
vxpt	61.4	284.9	374.0	141.0	171.5	403.3	467.6	0		336	20260726-172251
tqmo	68.2	254.8	338.7	153.2	193.3	435.4	433.7	0		337	20260726-172251
wqtk	0.0	0.0	0.0	0.0	0.0	0.0	0.0	1	q	338	20260726-172251
dsul	53.1	223.3	240.3	114.7	175.1	0.0	0.0	1	dsui	339	20260726-172251
kekp	101.0	222.6	379.4	0.0	0.0	0.0	0.0	0		340	20260726-172251
yccg	111.7	245.9	453.2	0.0	0.0	0.0	0.0	0		341	20260726-172251
fabg	109.6	291.0	571.6	156.9	213.0	410.6	666.7	0		342	20260726-172251
fuyk	72.8	250.4	440.0	103.5	150.4	330.9	544.3	0		343	20260726-172251
lgwt	91.9	320.3	526.9	122.5	199.3	434.0	630.4	0		344	20260726-172251
zrka	119.0	250.8	340.5	160.6	218.7	0.0	0.0	1	zrks	345	20260726-172251
elxt	113.8	289.5	470.2	81.9	226.0	378.9	564.7	0		346	20260726-172251
sysq	72.0	199.8	553.2	0.0	0.0	0.0	0.0	0		347	20260726-172251
pnky	92.4	334.0	463.0	148.8	180.3	505.4	563.8	0		348	20260726-172251
nmfi	716.6	828.5	923.3	68.4	803.3	921.4	1015.5	0		349	20260726-172251
nnsn	136.0	237.6	309.1	0.0	0.0	0.0	0.0	0		350	20260726-172251
usmr	176.7	530.8	0.0	94.0	270.5	0.0	0.0	1	usn	351	20260726-172251
kunr	225.7	428.0	553.4	89.0	304.6	513.7	0.0	1	kune	352	20260726-172251
sdaw	63.8	371.4	587.5	142.9	221.1	485.2	710.4	0		353	20260726-172251
yplj	94.2	373.7	619.0	144.1	209.9	484.5	718.3	0		354	20260726-172251
smyi	73.8	308.8	384.0	104.5	158.1	449.3	510.5	0		355	20260726-172251
lsen	350.7	518.8	579.2	122.7	440.0	604.3	672.4	0		356	20260726-172251
wkfm	83.7	246.9	319.5	93.2	173.9	360.5	433.5	0		357	20260726-172251
ktfa	120.1	361.9	463.7	121.9	196.4	522.5	585.3	0		358	20260726-172251
xens	0.0	0.0	0.0	0.0	0.0	0.0	0.0	1	s	359	20260726-172251
lgiu	166.1	293.1	351.8	141.3	275.7	448.2	514.7	0		360	20260726-172251
ohsq	61.1	267.8	476.1	149.0	166.8	365.7	0.0	1	ohsw	361	20260726-172251
abgn	185.2	387.9	428.8	90.0	282.5	495.1	537.1	0		362	20260726-172251
iwdc	95.1	423.2	687.1	98.3	197.7	497.7	791.6	0		363	20260726-172251
gvov	260.9	361.3	470.6	0.0	0.0	0.0	0.0	0		364	20260726-172251
ldzk	64.7	372.0	421.7	104.1	161.2	489.9	510.3	0		365	20260726-172251
ssup	147.7	278.2	367.0	0.0	0.0	0.0	0.0	0		366	20260726-172251
hevu	94.3	315.4	549.9	86.1	155.8	459.7	643.6	0		367	20260726-172251
kdjm	59.0	216.9	423.0	109.9	157.3	310.1	509.8	0		368	20260726-172251
hlhi	226.6	550.6	629.2	0.0	0.0	0.0	0.0	0		369	20260726-172251
jkrp	90.7	383.7	514.2	167.0	249.4	497.9	632.5	0		370	20260726-172251
wtxc	139.1	388.2	674.8	161.3	236.6	492.4	748.7	0		371	20260726-172251
wwte	132.5	388.0	479.1	0.0	0.0	0.0	0.0	0		372	20260726-172251
eqec	66.5	356.0	599.5	0.0	0.0	0.0	0.0	0		373	20260726-172251
tgcu	237.8	537.5	613.2	85.8	321.4	619.7	695.7	0		374	20260726-172251
mybx	189.7	319.6	573.1	72.3	261.7	397.4	659.5	0		375	20260726-172251
xtfy	165.7	380.1	483.4	101.5	239.2	477.3	567.7	0		376	20260726-172251
xxqm	156.9	325.3	440.7	0.0	0.0	0.0	0.0	0		377	20260726-172251
uyxx	164.2	300.4	459.4	0.0	0.0	0.0	0.0	0		378	20260726-172251
cpsi	112.2	249.7	365.3	100.1	192.3	363.1	487.6	0		379	20260726-172251
anae	121.5	312.7	514.6	0.0	0.0	0.0	0.0	0		380	20260726-172251
kazz	242.3	480.9	642.4	0.0	0.0	0.0	0.0	0		381	20260726-172251
oozu	120.9	546.2	620.3	0.0	0.0	0.0	0.0	0		382	20260726-172251
kqkn	54.9	352.7	474.2	0.0	0.0	0.0	0.0	0		1	20260726-173847
tprp	64.5	234.1	299.8	0.0	0.0	0.0	0.0	0		2	20260726-173847
xscm	187.6	449.4	527.5	95.1	294.8	550.7	643.7	0		3	20260726-173847
iiad	130.5	267.4	376.6	0.0	0.0	0.0	0.0	0		4	20260726-173847
bzpv	89.4	268.4	436.2	129.0	220.5	370.1	555.7	0		5	20260726-173847
kcks	80.9	243.4	504.8	0.0	0.0	0.0	0.0	0		6	20260726-173847
yuix	198.6	277.6	462.1	85.0	368.3	437.3	585.9	0		7	20260726-173847
bogm	112.5	289.5	413.8	95.3	209.4	400.7	520.0	0		8	20260726-173847
rhwk	80.3	303.1	0.0	93.9	164.7	0.0	0.0	1	rhk	9	20260726-173847
deho	179.2	250.6	396.7	83.6	282.3	399.8	509.6	0		10	20260726-173847
ncvf	101.3	187.2	442.1	99.3	259.3	329.3	551.1	0		11	20260726-173847
dszt	99.2	383.0	544.9	192.4	235.8	483.4	637.6	0		12	20260726-173847
czwv	94.9	386.1	533.9	130.6	236.2	503.4	662.9	0		13	20260726-173847
ejab	88.0	380.5	482.3	85.1	200.6	473.1	581.5	0		14	20260726-173847
ovqp	60.2	415.4	501.8	112.9	203.3	544.9	608.7	0		15	20260726-173847
orpx	58.4	319.4	709.0	112.5	172.7	415.4	832.4	0		16	20260726-173847
vukq	128.0	348.6	519.6	148.5	214.9	476.6	700.0	0		17	20260726-173847
khau	68.9	261.3	313.4	138.5	163.8	381.0	442.2	0		18	20260726-173847
sfbt	84.7	352.9	598.2	173.7	220.4	450.4	682.3	0		19	20260726-173847
ocln	106.3	241.7	418.8	92.8	204.3	368.3	523.2	0		20	20260726-173847
zwkm	249.1	463.2	516.7	120.7	344.0	598.7	662.1	0		21	20260726-173847
sdfr	101.7	276.8	620.1	165.1	262.4	440.1	727.0	0		22	20260726-173847
goek	88.5	198.8	342.9	97.1	191.9	299.4	463.7	0		23	20260726-173847
ahbs	102.1	384.1	662.8	118.9	199.0	490.3	749.8	0		24	20260726-173847
txxz	293.7	464.3	710.0	0.0	0.0	0.0	0.0	0		25	20260726-173847
zgit	241.7	311.2	469.6	104.7	329.0	394.0	561.2	0		26	20260726-173847
kusn	83.1	223.1	371.6	171.2	189.3	325.0	483.1	0		27	20260726-173847
srht	78.0	249.2	337.3	138.7	191.1	347.7	432.9	0		28	20260726-173847
eirb	119.2	312.9	575.9	77.2	226.9	410.1	676.4	0		29	20260726-173847
jrxn	86.9	386.4	448.9	95.8	179.4	461.8	542.8	0		30	20260726-173847
uxmc	91.8	513.7	672.4	112.8	203.5	602.2	754.7	0		31	20260726-173847
ycgp	146.8	381.6	0.0	98.9	252.0	0.0	0.0	1	ycp	32	20260726-173847
remt	67.9	196.0	298.6	136.0	189.0	308.0	397.4	0		33	20260726-173847
wiya	98.7	262.8	476.8	101.1	176.4	352.8	584.1	0		34	20260726-173847
fjjo	193.1	318.6	484.7	0.0	0.0	0.0	0.0	0		35	20260726-173847
orou	74.5	263.2	335.1	0.0	0.0	0.0	0.0	0		36	20260726-173847
ddrv	135.9	321.4	570.6	0.0	0.0	0.0	0.0	0		37	20260726-173847
yenh	128.8	263.9	523.2	84.1	207.7	375.2	610.6	0		38	20260726-173847
ktos	130.8	299.0	430.7	98.6	224.8	418.1	547.3	0		39	20260726-173847
pcbo	83.2	392.8	482.4	100.8	172.2	486.8	583.2	0		40	20260726-173847
agai	179.4	339.2	381.0	0.0	0.0	0.0	0.0	0		41	20260726-173847
obtq	81.4	369.4	577.8	101.0	189.0	458.7	689.2	0		42	20260726-173847
mpjv	166.5	320.5	700.6	108.1	290.5	437.1	782.9	0		43	20260726-173847
spjq	169.7	231.6	597.6	118.1	277.4	369.2	691.7	0		44	20260726-173847
enem	371.0	569.1	0.0	98.4	443.6	0.0	0.0	1	enm	45	20260726-173847
lbho	90.3	395.3	453.2	121.6	184.8	500.5	566.7	0		46	20260726-173847
dpwh	105.2	309.1	407.8	89.5	198.9	418.7	502.3	0		47	20260726-173847
svqt	90.1	362.7	542.5	144.8	245.3	463.4	635.4	0		48	20260726-173847
yquw	48.4	234.3	490.6	0.0	0.0	0.0	0.0	1	yquq	49	20260726-173847
czul	246.7	286.3	431.9	102.8	364.3	403.1	573.7	0		50	20260726-173847
qtjh	88.3	318.3	531.1	158.8	208.6	428.0	623.0	0		51	20260726-173847
dgaw	215.8	394.3	614.3	115.4	330.6	524.3	730.2	0		52	20260726-173847
tdam	98.8	240.5	351.6	150.5	207.9	380.1	461.8	0		53	20260726-173847
xndl	83.8	289.0	396.2	101.2	192.5	389.2	501.4	0		54	20260726-173847
namy	91.1	212.1	392.1	96.3	206.4	279.5	490.4	0		55	20260726-173847
nhav	231.7	377.5	623.4	111.3	317.9	485.0	759.2	0		56	20260726-173847
kizz	177.0	288.3	460.9	0.0	0.0	0.0	0.0	0		57	20260726-173847
kfzm	60.6	493.8	574.4	114.0	172.1	604.3	687.4	0		58	20260726-173847
edoc	232.4	370.4	511.7	75.7	332.1	487.2	629.2	0		59	20260726-173847
ibrs	124.4	393.8	670.5	107.4	222.1	488.0	834.9	0		60	20260726-173847
ivyz	71.4	314.8	591.0	118.5	194.9	410.5	718.0	0		61	20260726-173847
jvfp	58.4	326.5	469.4	114.0	169.6	440.4	562.5	0		62	20260726-173847
vsyj	57.0	491.1	737.8	143.8	189.1	551.1	848.8	0		63	20260726-173847
dyge	76.7	452.7	521.1	93.2	172.0	584.3	617.1	0		64	20260726-173847
jlie	311.0	0.0	0.0	137.9	0.0	0.0	0.0	1	ji	65	20260726-173847
gdro	69.2	280.9	399.7	128.1	202.9	396.8	522.9	0		66	20260726-173847
wzrh	358.4	0.0	0.0	113.3	0.0	0.0	0.0	1	wx	67	20260726-173847
ptsw	67.4	209.7	449.3	119.8	189.7	312.0	555.3	0		68	20260726-173847
tnwx	88.1	246.3	574.7	103.1	193.0	352.3	685.9	0		69	20260726-173847
dkdq	94.8	393.8	528.8	0.0	0.0	0.0	0.0	0		70	20260726-173847
mrrz	165.8	322.8	624.4	0.0	0.0	0.0	0.0	0		71	20260726-173847
ntwa	107.2	362.7	615.9	109.3	211.9	463.7	729.2	0		72	20260726-173847
rkom	111.2	247.2	473.1	101.4	258.5	382.7	588.0	0		73	20260726-173847
hknb	71.5	295.3	464.8	135.7	193.9	399.4	579.4	0		74	20260726-173847
nate	93.2	237.2	331.8	83.2	202.4	394.9	470.1	0		75	20260726-173847
ryaa	63.2	220.2	405.3	0.0	0.0	0.0	0.0	0		76	20260726-173847
ylvl	114.4	272.7	369.4	0.0	0.0	0.0	0.0	0		77	20260726-173847
bevh	88.9	468.3	614.8	145.1	191.0	589.3	713.2	0		78	20260726-173847
nspy	0.0	0.0	0.0	0.0	0.0	0.0	0.0	1	b	79	20260726-173847
rdzz	98.4	413.5	586.3	0.0	0.0	0.0	0.0	0		80	20260726-173847
oodu	151.2	278.9	378.9	0.0	0.0	0.0	0.0	0		81	20260726-173847
qnmi	126.7	330.8	402.5	143.0	217.4	497.3	537.1	0		82	20260726-173847
fmps	57.0	204.9	340.4	114.1	207.6	326.6	440.8	0		83	20260726-173847
qfqw	69.3	349.5	663.1	0.0	0.0	0.0	0.0	0		84	20260726-173847
epsb	120.7	261.2	483.7	92.7	206.0	399.5	605.1	0		85	20260726-173847
xgpp	175.3	299.5	469.1	0.0	0.0	0.0	0.0	0		86	20260726-173847
lcso	589.4	891.8	1085.9	127.4	669.3	1026.8	1192.8	0		87	20260726-173847
huum	259.2	403.2	656.3	0.0	0.0	0.0	0.0	0		88	20260726-173847
ittq	199.6	371.5	584.5	0.0	0.0	0.0	0.0	0		89	20260726-173847
mnrw	189.2	379.4	584.0	82.2	274.3	475.8	714.6	0		90	20260726-173847
ubae	136.0	414.2	609.7	111.5	237.3	527.2	709.4	0		91	20260726-173847
jaca	83.3	304.7	472.6	0.0	0.0	0.0	0.0	0		92	20260726-173847
cwba	221.6	577.3	663.8	113.4	291.6	688.8	778.0	0		93	20260726-173847
jkff	87.3	203.7	364.8	0.0	0.0	0.0	0.0	0		94	20260726-173847
jfvj	67.7	378.5	439.0	0.0	0.0	0.0	0.0	0		95	20260726-173847
fpwr	82.6	240.4	356.3	81.2	210.8	422.3	490.6	0		1	20260726-174644
zrcr	177.4	421.2	528.8	0.0	0.0	0.0	0.0	0		2	20260726-174644
uyyo	0.0	0.0	0.0	0.0	0.0	0.0	0.0	1	y	3	20260726-174644
hfxj	52.6	267.5	377.3	100.4	158.4	414.9	491.0	0		4	20260726-174644
dfpd	46.0	202.9	319.1	0.0	0.0	0.0	0.0	0		5	20260726-174644
ggju	154.5	302.2	440.2	0.0	0.0	0.0	0.0	0		6	20260726-174644
fmwy	127.3	279.9	395.2	109.0	219.1	392.9	478.0	0		7	20260726-174644
ydus	50.1	214.7	292.4	96.2	150.4	328.9	408.5	0		8	20260726-174644
kzwl	105.5	295.9	0.0	100.6	225.5	0.0	0.0	1	kzu	9	20260726-174644
aodm	0.0	0.0	0.0	0.0	0.0	0.0	0.0	1	z	10	20260726-174644
pdxv	99.7	605.3	714.1	102.9	186.8	731.3	838.4	0		11	20260726-174644
crpt	94.9	227.4	342.7	159.1	196.1	340.0	443.6	0		12	20260726-174644
oatc	74.3	252.4	469.7	107.9	177.0	360.2	592.4	0		13	20260726-174644
goej	100.3	208.0	340.1	89.5	209.9	304.5	442.4	0		14	20260726-174644
wtez	82.6	277.6	563.7	155.6	244.4	394.7	666.7	0		15	20260726-174644
ijrb	55.8	223.4	507.7	172.4	178.5	317.0	0.0	1	ijrv	16	20260726-174644
qmen	126.1	200.9	299.0	87.8	192.7	284.5	398.3	0		17	20260726-174644
wfve	80.3	382.4	518.3	168.1	215.3	558.3	620.0	0		18	20260726-174644
nhwe	0.0	0.0	0.0	0.0	0.0	0.0	0.0	1	h	19	20260726-174644
gjcn	102.8	228.8	307.4	100.4	172.5	338.1	387.0	0		20	20260726-174644
pnfw	90.4	178.2	267.6	173.2	214.2	331.3	402.2	0		21	20260726-174644
zloy	101.8	310.5	389.6	115.8	167.6	441.1	492.1	0		22	20260726-174644
ozfx	45.6	286.9	388.2	96.7	159.9	444.4	504.5	0		23	20260726-174644
szmv	234.3	440.4	568.5	93.4	338.8	564.9	691.0	0		24	20260726-174644
htqd	90.8	375.2	551.5	103.4	180.5	520.0	691.4	0		25	20260726-174644
rdiy	92.0	180.7	328.5	154.1	213.5	362.0	436.2	0		26	20260726-174644
jtpd	76.7	222.4	336.2	118.5	187.3	339.5	464.5	0		27	20260726-174644
ezsd	290.0	777.5	1189.2	90.0	404.1	875.2	1266.0	0		28	20260726-174644
bhiz	104.6	174.0	389.9	95.1	238.0	288.6	505.0	0		29	20260726-174644
yxne	56.4	263.6	365.8	82.0	166.3	363.8	462.3	0		30	20260726-174644
cdbe	211.0	589.6	684.0	91.8	311.7	734.6	786.8	0		31	20260726-174644
kwtm	61.0	280.1	332.5	94.3	156.2	384.1	433.4	0		32	20260726-174644
crmz	99.4	217.4	428.1	156.1	200.3	340.3	549.8	0		33	20260726-174644
qbyv	100.0	312.7	488.5	141.6	207.4	411.5	618.2	0		34	20260726-174644
yilu	45.5	299.9	393.9	164.3	160.5	453.6	520.4	0		35	20260726-174644
sktn	79.8	229.3	304.0	104.5	164.4	347.9	414.8	0		36	20260726-174644
uyvp	173.1	463.7	544.2	63.3	247.6	571.4	659.9	0		37	20260726-174644
lbeg	101.2	217.8	421.4	103.0	244.5	314.3	525.2	0		38	20260726-174644
fvdv	241.6	474.7	517.7	0.0	0.0	0.0	0.0	0		39	20260726-174644
erqb	61.9	363.7	534.8	176.5	170.6	505.1	631.7	0		40	20260726-174644
ipwl	51.3	261.9	399.0	197.9	160.7	370.5	527.8	0		41	20260726-174644
dsfk	63.0	315.9	487.0	143.6	194.0	445.8	587.7	0		42	20260726-174644
uehl	68.8	289.8	427.8	96.1	171.3	403.6	554.4	0		43	20260726-174644
cnmp	154.9	0.0	0.0	106.8	0.0	0.0	0.0	1	cm	44	20260726-174644
fzqr	89.5	358.6	416.2	163.6	200.2	473.3	570.4	0		45	20260726-174644
kure	231.7	0.0	0.0	86.6	0.0	0.0	0.0	1	kr	46	20260726-174644
ltul	86.8	212.1	377.0	0.0	0.0	0.0	0.0	0		47	20260726-174644
luwy	790.0	0.0	0.0	0.0	0.0	0.0	0.0	1	ll	48	20260726-174644
slzs	118.7	261.7	746.0	0.0	0.0	0.0	0.0	0		49	20260726-174644
bzdn	67.4	281.2	352.1	160.5	210.6	361.6	452.4	0		50	20260726-174644
kxim	149.2	225.7	379.2	90.6	236.0	324.0	490.9	0		51	20260726-174644
xyri	71.7	259.0	287.9	100.8	157.9	371.8	417.0	0		52	20260726-174644
tvff	246.8	496.9	678.1	0.0	0.0	0.0	0.0	0		53	20260726-174644
mhbv	335.9	0.0	0.0	90.3	0.0	0.0	0.0	1	mn	54	20260726-174644
cytu	93.1	228.6	296.6	98.0	174.6	334.8	413.3	0		55	20260726-174644
dkxp	96.8	275.6	0.0	73.1	175.9	0.0	0.0	1	dkz	56	20260726-174644
pmbi	68.2	258.5	331.8	144.6	223.3	362.4	437.1	0		57	20260726-174644
dmeg	70.3	271.3	0.0	75.4	184.7	0.0	0.0	1	dmg	58	20260726-174644
felc	81.6	192.9	356.1	139.6	191.0	292.0	455.0	0		59	20260726-174644
chav	109.9	188.0	365.1	92.2	173.6	275.2	504.9	0		60	20260726-174644
mmmt	146.6	258.3	374.4	0.0	0.0	0.0	0.0	1	mmmm	61	20260726-174644
ymjq	224.9	444.9	536.5	72.0	327.2	545.8	652.4	0		62	20260726-174644
thpp	54.5	215.6	392.3	0.0	0.0	0.0	0.0	0		63	20260726-174644
ornq	48.1	210.0	422.6	105.3	143.8	312.6	544.4	0		64	20260726-174644
dkrh	86.9	250.8	343.1	79.8	180.7	353.5	452.3	0		65	20260726-174644
tkhh	104.3	264.9	431.5	0.0	0.0	0.0	0.0	0		66	20260726-174644
lzkt	49.9	216.8	352.4	102.8	179.2	310.5	462.1	0		67	20260726-174644
ajnh	85.1	297.7	0.0	111.2	171.5	0.0	0.0	1	ajh	68	20260726-174644
mfdw	51.0	438.9	0.0	0.0	0.0	0.0	0.0	1	mff	69	20260726-174644
ytes	139.8	220.4	450.6	91.4	287.3	345.8	560.6	0		70	20260726-174644
vgnn	207.6	345.7	473.0	0.0	0.0	0.0	0.0	0		71	20260726-174644
tsot	76.8	238.8	360.9	0.0	0.0	0.0	0.0	0		72	20260726-174644
iaeg	71.2	339.9	565.1	115.8	174.3	491.0	636.9	0		73	20260726-174644
otan	51.4	184.4	283.9	88.8	135.1	311.0	390.7	0		74	20260726-174644
fpgh	104.7	269.3	305.7	102.5	197.2	371.7	403.3	0		75	20260726-174644
ydmu	42.0	274.4	443.7	74.0	144.7	343.6	532.1	0		76	20260726-174644
noqn	68.5	174.6	253.6	0.0	0.0	0.0	0.0	0		77	20260726-174644
cexw	203.8	454.5	669.8	88.1	280.9	528.3	764.7	0		78	20260726-174644
zfhp	177.4	384.5	576.9	125.2	296.8	500.8	682.5	0		79	20260726-174644
fuxi	97.2	276.1	0.0	108.6	191.1	0.0	0.0	1	fuz	80	20260726-174644
ksvc	33.1	438.1	709.7	120.3	149.6	542.8	803.9	0		81	20260726-174644
cvuf	104.3	279.2	394.3	196.5	227.2	388.3	499.4	0		82	20260726-174644
srvf	70.4	332.7	556.4	138.0	167.3	405.0	629.0	0		83	20260726-174644
pbdb	42.2	434.1	538.1	0.0	0.0	0.0	0.0	0		84	20260726-174644
wbso	170.7	371.5	400.4	142.7	255.1	467.6	511.3	0		85	20260726-174644
avdj	59.8	290.2	426.0	103.3	188.1	333.7	509.1	0		86	20260726-174644
mcjh	36.6	268.1	484.2	94.7	159.9	349.8	554.7	0		87	20260726-174644
mvec	41.6	247.9	488.7	92.1	160.4	330.5	572.7	0		88	20260726-174644
wkmm	88.9	260.7	409.6	0.0	0.0	0.0	0.0	0		89	20260726-174644
dcfu	199.4	376.6	485.8	82.1	311.9	498.5	590.8	0		90	20260726-174644
fcqk	320.9	564.8	898.1	112.4	418.4	686.4	988.9	0		91	20260726-174644
bbjt	178.5	284.0	434.6	0.0	0.0	0.0	0.0	0		92	20260726-174644
sqeg	358.9	581.9	791.6	121.0	474.3	667.2	914.0	0		93	20260726-174644
gtnf	220.3	631.6	719.7	98.2	322.6	726.7	822.5	0		94	20260726-174644
dubp	90.1	288.3	764.7	102.7	205.3	379.4	895.0	0		95	20260726-174644
yyuj	146.0	351.1	560.4	0.0	0.0	0.0	0.0	0		96	20260726-174644
kiwp	167.2	275.4	415.4	60.4	238.4	373.5	524.3	0		97	20260726-174644
ziyx	63.0	316.9	480.9	103.2	152.8	400.7	584.8	0		98	20260726-174644
oqiy	57.4	375.6	552.7	99.9	171.9	550.6	651.7	0		99	20260726-174644
pnvu	80.7	364.9	538.6	138.6	200.4	486.1	637.1	0		100	20260726-174644
lhaq	44.7	186.0	544.6	127.1	153.4	296.8	648.9	0		101	20260726-174644
jdio	428.7	740.9	840.5	43.1	518.5	900.2	973.9	0		102	20260726-174644
vqsd	268.0	571.1	704.0	121.9	379.5	720.6	833.3	0		103	20260726-174644
dhts	82.0	233.1	336.6	80.4	166.6	370.3	454.5	0		104	20260726-174644
enkh	94.7	383.2	0.0	79.3	176.4	0.0	0.0	1	enh	105	20260726-174644
eogc	100.0	267.6	508.2	85.3	213.4	362.1	594.1	0		106	20260726-174644
fnvz	117.7	424.3	932.9	101.5	225.1	595.6	1050.9	0		107	20260726-174644
bqzu	93.5	362.6	0.0	135.8	188.8	0.0	0.0	1	bqx	108	20260726-174644
kvop	51.8	327.0	528.8	114.6	175.8	470.6	641.5	0		109	20260726-174644
iwkl	142.0	309.0	445.6	0.0	0.0	0.0	0.0	1	iwkk	110	20260726-174644
ebkt	172.9	364.6	432.9	94.1	263.9	488.1	543.7	0		111	20260726-174644
dpnw	104.0	243.4	416.3	91.6	233.0	364.5	532.5	0		112	20260726-174644
ieij	50.6	196.3	471.9	0.0	0.0	0.0	0.0	0		113	20260726-174644
somb	107.2	192.8	396.4	115.9	257.4	321.2	481.0	0		114	20260726-174644
qrxd	60.9	656.3	910.3	126.4	173.6	744.3	973.1	0		115	20260726-174644
iyzz	100.8	322.3	505.3	0.0	0.0	0.0	0.0	0		116	20260726-174644
drjm	85.7	258.7	478.0	168.4	217.2	357.7	590.8	0		117	20260726-174644
uepy	42.9	200.1	401.5	112.5	153.6	334.9	490.2	0		118	20260726-174644
zehc	85.7	267.6	376.9	126.7	176.8	374.3	469.0	0		119	20260726-174644
whix	79.3	172.8	308.1	95.6	216.0	292.5	409.1	0		120	20260726-174644
mufi	206.0	240.8	399.5	104.7	281.8	359.3	482.3	0		121	20260726-174644
dacd	59.1	315.8	524.7	0.0	0.0	0.0	0.0	0		122	20260726-174644
vpqd	68.4	434.6	687.0	119.8	162.3	542.9	759.8	0		123	20260726-174644
jhwt	0.0	0.0	0.0	0.0	0.0	0.0	0.0	1	h	124	20260726-174644
twrn	62.0	275.3	310.6	142.9	197.3	374.7	409.0	0		125	20260726-174644
jbql	42.1	237.2	334.3	109.3	137.0	367.7	420.2	0		126	20260726-174644
tuvp	76.7	279.9	431.4	83.7	175.1	378.8	538.4	0		127	20260726-174644
swmd	210.5	304.6	428.5	97.0	292.1	403.1	508.7	0		128	20260726-174644
xeot	245.3	370.3	512.2	87.8	323.7	473.7	605.7	0		129	20260726-174644
jkdc	68.0	244.2	452.7	141.7	179.4	339.6	538.5	0		130	20260726-174644
remq	79.2	208.8	352.1	144.8	188.4	317.1	450.9	0		131	20260726-174644
etxd	43.1	323.6	596.2	128.2	170.0	414.4	665.3	0		132	20260726-174644
vcgo	67.2	329.4	407.6	138.3	178.2	411.4	496.7	0		133	20260726-174644
deyj	186.6	674.1	954.6	81.2	268.0	793.1	1086.6	0		134	20260726-174644
aboj	175.7	364.7	473.7	98.3	267.9	0.0	0.0	1	aboy	135	20260726-174644
jjmd	143.5	336.6	430.0	0.0	0.0	0.0	0.0	0		136	20260726-174644
svsr	109.6	314.0	472.3	0.0	0.0	0.0	0.0	0		137	20260726-174644
ohtc	31.8	244.7	512.2	154.1	119.6	339.0	607.1	0		138	20260726-174644
ljhx	61.7	253.1	367.0	135.3	164.5	353.7	473.0	0		139	20260726-174644
cjdn	100.1	404.4	499.2	76.7	196.7	497.2	592.9	0		140	20260726-174644
tglr	217.8	494.1	691.8	76.5	306.0	587.4	771.2	0		141	20260726-174644
hiuf	305.5	373.3	559.0	83.1	471.0	490.2	658.9	0		142	20260726-174644
sahi	96.9	268.3	327.9	154.2	230.5	384.4	461.0	0		143	20260726-174644
pbmw	37.4	280.9	363.1	76.2	116.8	373.2	472.5	0		144	20260726-174644
mahp	63.4	223.1	405.9	80.2	180.9	307.0	506.1	0		145	20260726-174644
rhbo	174.4	540.1	640.9	94.8	261.8	622.7	757.3	0		146	20260726-174644
rydp	111.9	389.7	463.7	100.3	209.6	483.2	566.2	0		147	20260726-174644
yxjg	78.9	288.9	379.2	90.9	185.9	382.2	506.5	0		148	20260726-174644
dttq	234.1	392.2	634.4	0.0	0.0	0.0	0.0	0		149	20260726-174644
hsdu	75.2	271.3	307.3	106.0	169.0	360.4	406.7	0		150	20260726-174644
qsum	107.8	330.9	550.4	166.2	250.5	407.1	645.1	0		151	20260726-174644
obnj	51.8	268.5	393.6	100.1	141.6	0.0	0.0	1	obni	152	20260726-174644
kmxn	133.2	457.9	589.5	154.6	295.0	574.8	691.1	0		153	20260726-174644
zcju	167.7	315.3	487.2	120.5	246.8	388.9	580.7	0		154	20260726-174644
tqpd	52.8	162.3	363.6	134.3	153.8	272.6	473.9	0		155	20260726-174644
gfpu	180.2	416.7	539.5	80.6	273.8	573.8	658.6	0		156	20260726-174644
pkag	235.0	0.0	0.0	67.5	0.0	0.0	0.0	1	pa	157	20260726-174644
habw	45.6	355.2	619.6	70.2	147.8	435.9	718.6	0		158	20260726-174644
frjo	199.9	294.8	359.7	91.6	284.5	407.1	492.3	0		159	20260726-174644
aaom	148.3	278.7	381.5	0.0	0.0	0.0	0.0	0		160	20260726-174644
ygtc	91.0	292.5	537.7	88.2	163.2	364.6	608.5	0		161	20260726-174644
liop	192.9	456.1	658.7	130.8	318.3	559.4	767.5	0		1	20260731-223229
pekm	80.7	364.3	0.0	104.3	178.6	0.0	0.0	1	pem	2	20260731-223229
xxkw	155.0	309.8	458.5	0.0	0.0	0.0	0.0	0		3	20260731-223229
ngpb	129.8	254.7	424.9	115.3	215.9	361.1	466.6	0		4	20260731-223229
urpu	101.5	230.2	316.6	0.0	0.0	0.0	0.0	0		5	20260731-223229
alwd	83.9	219.6	415.4	91.2	176.3	306.3	0.0	1	alws	6	20260731-223229
mzep	101.3	313.8	371.8	115.3	200.4	376.2	460.9	0		7	20260731-223229
fiew	119.7	226.3	287.9	102.7	203.8	346.6	429.6	0		8	20260731-223229
jxrr	80.5	300.6	428.2	0.0	0.0	0.0	0.0	0		9	20260731-223229
gipw	78.3	243.4	348.8	96.2	184.9	358.5	449.9	0		10	20260731-223229
txkd	169.2	314.1	418.2	92.7	271.0	407.8	478.9	0		11	20260731-223229
hdvq	98.5	277.0	436.6	102.4	167.7	461.2	533.3	0		12	20260731-223229
bhkj	83.6	198.7	424.8	58.0	230.4	287.9	516.6	0		13	20260731-223229
atlz	37.3	160.8	303.5	122.6	144.7	269.6	415.2	0		14	20260731-223229
unaw	246.4	257.9	0.0	80.2	0.0	0.0	0.0	1	unz	15	20260731-223229
wbpa	103.0	230.4	337.9	140.3	219.9	322.4	452.4	0		16	20260731-223229
rtjq	184.5	309.8	429.4	81.2	272.3	404.2	531.2	0		17	20260731-223229
ahnc	75.0	272.5	351.2	120.9	147.1	339.7	435.2	0		18	20260731-223229
vfaj	240.6	362.7	560.0	142.3	325.4	482.9	654.7	0		19	20260731-223229
srhu	77.2	174.2	325.2	134.1	170.2	242.5	415.1	0		20	20260731-223229
rteb	183.5	432.0	547.9	80.4	260.2	542.1	643.3	0		21	20260731-223229
bkys	102.3	315.1	410.6	95.9	183.0	387.9	485.9	0		22	20260731-223229
rksq	93.2	248.0	432.5	89.6	180.0	436.3	523.7	0		23	20260731-223229
dtia	96.9	215.5	343.9	148.6	170.9	339.3	413.4	0		24	20260731-223229
qzdb	238.7	507.7	617.2	91.4	368.4	605.7	719.4	0		25	20260731-223229
cqxr	77.6	351.2	464.1	125.2	186.7	467.9	556.4	0		26	20260731-223229
sdrz	85.8	281.3	502.7	202.9	207.2	383.5	614.2	0		27	20260731-223229
ncys	96.1	240.8	411.2	87.2	178.8	317.1	440.2	0		28	20260731-223229
rpua	106.5	206.0	335.4	111.1	171.6	310.2	429.6	0		29	20260731-223229
kmsa	47.9	273.4	362.1	132.3	183.4	427.2	494.8	0		30	20260731-223229
cshn	39.6	192.1	382.0	100.4	161.6	264.2	462.3	0		31	20260731-223229
ynhp	208.0	373.3	469.2	79.1	268.6	524.3	577.6	0		32	20260731-223229
igzh	99.3	298.7	404.1	91.8	184.0	418.1	500.1	0		33	20260731-223229
onmw	39.8	268.1	384.1	121.6	125.3	378.8	456.5	0		34	20260731-223229
fchi	161.1	269.2	389.2	102.5	247.2	445.8	515.1	0		35	20260731-223229
qebw	89.5	330.5	478.6	170.5	193.2	482.8	555.3	0		36	20260731-223229
nppj	217.3	421.8	651.5	0.0	0.0	0.0	0.0	0		37	20260731-223229
spsg	85.4	235.2	523.5	0.0	0.0	0.0	0.0	0		38	20260731-223229
tqjc	65.4	209.9	383.6	145.6	182.5	311.2	480.9	0		39	20260731-223229
jmuq	206.8	380.3	529.8	82.6	270.6	470.9	637.9	0		40	20260731-223229
tcoy	209.7	377.8	443.6	94.4	296.2	460.1	530.0	0		41	20260731-223229
hfia	81.8	213.8	302.4	88.0	173.5	306.4	405.3	0		42	20260731-223229
tjoz	57.0	220.1	336.2	54.0	158.0	312.6	446.1	0		43	20260731-223229
cvnz	78.2	276.2	476.9	160.6	201.3	370.5	595.8	0		44	20260731-223229
gpmq	87.4	291.0	370.7	101.1	170.4	393.6	479.5	0		45	20260731-223229
wlmm	99.3	278.1	442.7	0.0	0.0	0.0	0.0	0		46	20260731-223229
nsmw	108.4	327.3	451.8	135.4	207.6	443.0	546.1	0		47	20260731-223229
lfjy	99.6	246.8	473.9	96.0	210.4	348.6	559.0	0		48	20260731-223229
dkwf	92.2	293.3	413.8	105.7	184.8	453.4	544.2	0		49	20260731-223229
aamb	155.6	281.1	406.7	0.0	0.0	0.0	0.0	0		50	20260731-223229
myox	213.2	329.6	441.6	89.8	272.4	424.8	538.0	0		51	20260731-223229
uhty	196.8	291.0	385.7	85.6	248.7	372.3	456.4	0		52	20260731-223229
ucdc	87.3	285.3	506.2	0.0	0.0	0.0	0.0	0		53	20260731-223229
mogb	66.0	218.5	432.0	153.7	175.8	303.5	512.5	0		54	20260731-223229
rlgn	144.2	300.3	422.2	85.1	290.6	393.0	508.7	0		55	20260731-223229
btzb	216.7	486.9	686.6	0.0	0.0	0.0	0.0	0		56	20260731-223229
avee	102.9	288.3	446.7	0.0	0.0	0.0	0.0	0		57	20260731-223229
vokj	78.0	284.6	477.5	115.3	175.6	425.5	0.0	0		58	20260731-223229
xfsp	91.8	283.7	350.0	139.4	170.0	400.6	452.6	0		59	20260731-223229
akng	154.4	213.3	362.1	110.0	320.6	325.0	454.6	0		60	20260731-223229
kqaq	39.5	364.4	554.2	0.0	0.0	0.0	0.0	0		61	20260731-223229
eqnm	58.3	248.0	427.5	126.9	183.8	320.6	524.0	0		62	20260731-223229
jipg	41.2	284.9	408.4	169.1	177.2	383.2	490.2	0		63	20260731-223229
uvde	75.5	307.3	547.3	89.3	188.1	430.1	620.5	0		64	20260731-223229
vusc	126.7	298.8	603.5	129.8	214.8	347.7	689.4	0		65	20260731-223229
zvfk	77.4	322.3	395.2	151.1	189.9	405.9	481.6	0		66	20260731-223229
btmd	225.3	345.4	470.1	84.1	310.7	446.5	546.3	0		67	20260731-223229
asuk	79.4	243.9	336.5	187.6	217.9	437.6	473.3	0		68	20260731-223229
wlnr	96.1	298.0	345.3	104.9	190.9	379.7	454.9	0		69	20260731-223229
ujsh	200.9	330.8	412.1	93.3	290.8	419.7	501.2	0		70	20260731-223229
icmt	97.9	247.4	384.5	88.9	172.7	347.9	461.3	0		71	20260731-223229
lymy	72.4	311.8	498.7	0.0	0.0	0.0	0.0	0		72	20260731-223229
oqiv	60.0	190.0	302.7	80.9	178.9	286.2	415.0	0		73	20260731-223229
uqqs	214.6	408.3	653.1	0.0	0.0	0.0	0.0	0		74	20260731-223229
thuy	84.2	293.8	471.8	87.6	183.6	395.8	558.1	0		75	20260731-223229
lzcb	104.8	422.3	661.2	116.8	223.0	516.3	747.2	0		76	20260731-223229
ynqg	238.7	467.3	666.0	80.9	338.6	576.1	769.0	0		77	20260731-223229
rxoo	232.7	412.0	568.2	0.0	0.0	0.0	0.0	0		78	20260731-223229
gnsz	151.7	301.0	555.9	98.2	241.7	406.9	684.9	0		79	20260731-223229
ufyk	181.9	408.6	595.3	116.0	300.5	476.4	703.4	0		80	20260731-223229
pzng	129.6	320.3	484.4	103.4	264.7	420.8	576.1	0		81	20260731-223229
echd	235.1	360.8	541.5	76.6	326.7	463.8	625.0	0		82	20260731-223229
jqfr	119.5	318.8	551.3	88.4	220.6	429.6	623.4	0		83	20260731-223229
zthk	204.9	374.0	478.8	119.9	305.2	538.1	600.9	0		84	20260731-223229
foic	198.7	288.8	457.9	115.9	399.0	432.6	561.6	0		85	20260731-223229
tirc	119.0	240.9	514.6	96.0	217.3	333.8	600.0	0		86	20260731-223229
naji	87.1	265.5	330.8	94.1	217.2	407.8	463.0	0		87	20260731-223229
mdco	95.1	321.8	416.5	122.2	166.7	414.4	503.7	0		88	20260731-223229
izjd	81.1	289.8	392.4	94.9	198.7	396.1	475.5	0		89	20260731-223229
nfca	72.9	337.8	433.6	97.6	167.9	455.8	572.7	0		90	20260731-223229
ugoe	94.6	234.3	418.5	91.9	187.6	332.4	488.2	0		91	20260731-223229
plez	222.7	291.5	541.7	87.7	327.5	374.6	648.6	0		92	20260731-223229
nqmw	62.0	325.6	433.4	97.5	193.3	435.5	535.2	0		93	20260731-223229
zwst	248.9	486.7	586.6	112.8	332.4	612.9	700.7	0		94	20260731-223229
mfez	88.2	0.0	0.0	0.0	0.0	0.0	0.0	1	me	95	20260731-223229
eicf	94.1	290.5	459.0	87.5	184.7	496.5	595.5	0		96	20260731-223229
hqba	66.5	397.5	772.9	102.4	178.8	581.7	881.2	0		97	20260731-223229
xube	81.0	263.0	331.0	92.6	172.1	379.2	429.9	0		98	20260731-223229
biiz	170.2	301.1	432.1	0.0	0.0	0.0	0.0	0		99	20260731-223229
utui	91.9	222.0	307.6	0.0	0.0	0.0	0.0	0		100	20260731-223229
eumq	93.8	315.8	369.9	92.0	164.8	414.1	464.8	0		101	20260731-223229
okfq	183.7	376.3	494.1	89.3	268.0	531.9	617.1	0		102	20260731-223229
xsdr	233.9	503.8	645.0	113.0	324.0	651.2	736.0	0		103	20260731-223229
rvjp	248.1	418.1	980.5	88.4	354.6	543.3	1082.3	0		104	20260731-223229
wwde	154.0	376.8	567.4	0.0	0.0	0.0	0.0	0		105	20260731-223229
hhkd	151.8	357.1	497.3	0.0	0.0	0.0	0.0	0		106	20260731-223229
giun	106.0	188.6	424.5	111.4	240.7	280.4	512.3	0		107	20260731-223229
ypgf	72.0	315.0	0.0	149.8	209.6	0.0	0.0	1	ypf	108	20260731-223229
dnoa	82.5	222.3	327.3	85.4	175.3	354.1	447.1	0		109	20260731-223229
ncio	94.5	461.4	566.3	92.2	190.3	613.3	694.4	0		110	20260731-223229
gdwn	0.0	0.0	0.0	0.0	0.0	0.0	0.0	1	d	111	20260731-223229
uczv	93.1	374.9	619.8	109.6	191.2	531.4	751.0	0		112	20260731-223229
cqwr	112.5	425.9	506.7	123.7	239.3	575.8	625.9	0		113	20260731-223229
efgn	90.7	317.9	396.7	139.8	200.6	412.8	488.9	0		114	20260731-223229
xuuv	186.1	312.5	455.2	0.0	0.0	0.0	0.0	0		115	20260731-223229
zchy	198.4	330.3	510.0	107.7	270.4	406.9	582.5	0		116	20260731-223229
efwk	107.2	306.9	411.1	197.9	212.8	421.6	500.1	0		117	20260731-223229
bnlw	142.4	265.4	404.3	90.5	245.3	376.6	481.3	0		118	20260731-223229
yrfi	73.0	276.9	327.8	90.7	150.1	400.3	423.6	0		119	20260731-223229
twsl	57.3	271.1	387.1	121.0	168.7	373.0	491.4	0		120	20260731-223229
evna	92.6	274.3	376.6	154.0	218.0	372.9	478.4	0		121	20260731-223229
myhn	194.6	383.8	575.9	70.7	259.0	459.7	649.6	0		122	20260731-223229
tmah	82.8	223.9	313.0	86.4	176.6	331.6	399.8	0		123	20260731-223229
gayf	58.9	171.5	300.1	109.4	162.8	255.0	398.9	0		124	20260731-223229
lqxu	52.4	285.3	338.1	97.0	156.0	385.9	436.4	0		125	20260731-223229
nocb	83.7	374.7	567.5	166.7	164.3	485.5	665.3	0		126	20260731-223229
kkdx	154.1	284.2	489.9	0.0	0.0	0.0	0.0	0		127	20260731-223229
ilcr	72.0	247.5	359.8	163.6	190.5	422.5	462.5	0		128	20260731-223229
cdhz	188.6	301.2	445.9	79.3	256.3	395.3	567.8	0		129	20260731-223229
ejiz	169.4	234.9	385.9	72.0	325.6	317.8	494.7	0		130	20260731-223229
eynh	76.8	302.9	465.9	80.4	159.7	380.8	556.0	0		131	20260731-223229
shvl	89.2	260.2	354.5	101.4	172.8	393.9	445.1	0		132	20260731-223229
vyii	91.2	248.2	396.0	0.0	0.0	0.0	0.0	0		133	20260731-223229
tcqq	126.6	376.0	558.9	0.0	0.0	0.0	0.0	0		134	20260731-223229
oqsu	73.4	282.0	324.9	94.8	177.0	386.1	431.0	0		135	20260731-223229
rixs	106.5	284.9	0.0	94.1	192.9	0.0	0.0	1	ris	136	20260731-223229
sxvc	216.7	481.8	725.6	103.8	344.4	587.9	812.7	0		137	20260731-223229
elsf	101.4	236.7	328.6	72.6	199.5	383.6	463.5	0		138	20260731-223229
ttdk	163.8	383.8	456.3	0.0	0.0	0.0	0.0	0		139	20260731-223229
ryci	81.0	257.4	291.0	85.5	161.5	357.3	420.5	0		140	20260731-223229
acdl	185.9	417.1	510.6	127.9	277.1	492.0	597.9	0		141	20260731-223229
tsvs	68.8	401.6	479.7	0.0	0.0	0.0	0.0	0		142	20260731-223229
wzvp	255.6	465.5	520.1	96.1	356.7	580.5	626.2	0		143	20260731-223229
jsmj	65.5	210.2	385.7	0.0	0.0	0.0	0.0	0		144	20260731-223229
yqzw	24.9	342.3	591.0	92.0	134.2	436.0	679.3	0		145	20260731-223229
swpi	205.6	390.6	504.8	102.9	310.7	550.8	663.8	0		146	20260731-223229
nyeg	183.8	300.8	522.2	69.6	260.6	380.9	629.8	0		147	20260731-223229
ellj	158.3	317.9	497.0	0.0	0.0	0.0	0.0	0		148	20260731-223229
pjhg	77.4	308.5	422.2	135.6	192.6	412.6	517.9	0		149	20260731-223229
uuox	125.3	299.3	446.0	0.0	0.0	0.0	0.0	0		150	20260731-223229
hzzq	141.1	326.8	571.9	0.0	0.0	0.0	0.0	0		151	20260731-223229
nxyr	105.1	251.7	398.5	91.6	206.8	332.7	476.0	0		152	20260731-223229
rtcy	190.7	438.2	515.3	90.5	279.9	531.2	595.1	0		153	20260731-223229
uqip	96.2	224.0	365.0	112.1	203.8	425.4	474.1	0		154	20260731-223229
odit	139.2	292.3	472.3	115.7	221.4	391.4	562.3	0		155	20260731-223229
bzbg	87.1	313.6	536.4	0.0	0.0	0.0	0.0	0		156	20260731-223229
njsv	198.6	326.5	530.1	95.7	303.0	442.9	653.8	0		157	20260731-223229
qbvo	77.9	381.2	383.3	0.0	0.0	0.0	0.0	1	qbvb	158	20260731-223229
sexj	77.0	343.0	399.2	194.0	192.1	463.4	502.6	0		159	20260731-223229
shvq	83.6	271.0	419.8	121.5	163.7	504.3	566.8	0		160	20260731-223229
pqsr	87.8	350.7	429.2	107.8	222.6	510.8	549.7	0		161	20260731-223229
eqdj	60.7	310.9	378.7	127.9	184.4	390.6	465.9	0		162	20260731-223229
rmsj	96.1	289.1	419.6	81.0	184.6	396.0	532.6	0		163	20260731-223229
kslz	90.4	253.2	433.4	99.3	190.4	358.5	556.0	0		164	20260731-223229
sppz	163.0	324.5	437.8	0.0	0.0	0.0	0.0	0		165	20260731-223229
jfjy	81.9	235.6	475.8	0.0	0.0	0.0	0.0	0		166	20260731-223229
ygrn	76.9	285.1	352.5	88.2	158.5	383.5	456.6	0		167	20260731-223229
phdw	61.4	222.3	266.3	161.1	163.0	320.1	424.3	0		168	20260731-223229
mwfl	71.3	210.2	302.8	103.4	188.0	325.5	399.5	0		169	20260731-223229
jtcd	68.9	275.2	477.2	104.1	161.5	375.2	559.1	0		170	20260731-223229
lnny	224.2	357.4	573.0	0.0	0.0	0.0	0.0	0		171	20260731-223229
mowg	70.5	103.3	266.8	145.7	162.3	231.3	392.6	0		172	20260731-223229
gipe	60.3	148.3	321.0	107.3	200.8	275.1	392.8	0		173	20260731-223229
hvxi	82.2	267.9	342.5	101.1	182.7	380.8	447.2	0		174	20260731-223229
mrws	75.7	301.2	776.5	118.6	171.7	397.5	863.6	0		175	20260731-223229
nzrl	69.2	238.0	325.0	92.0	206.3	339.5	413.0	0		176	20260731-223229
pfkj	97.6	276.0	384.7	104.3	194.7	430.7	510.7	0		177	20260731-223229
ufvl	91.5	314.8	411.7	94.2	178.1	423.8	486.3	0		178	20260731-223229
buog	76.5	141.6	279.4	79.8	200.5	227.4	368.9	0		179	20260731-223229
axfy	215.8	347.7	464.8	115.7	323.4	481.5	544.6	0		180	20260731-223229
zmfc	131.9	310.1	448.9	123.3	235.0	467.8	561.9	0		181	20260731-223229
fgeo	192.6	300.5	426.8	90.2	292.2	401.8	531.9	0		182	20260731-223229
dbfm	86.9	372.9	459.6	115.4	187.8	463.1	554.7	0		183	20260731-223229
jbsh	41.8	196.5	271.3	97.6	114.5	297.1	367.0	0		184	20260731-223229
yfxl	73.3	256.3	297.1	87.9	155.1	382.9	401.8	0		185	20260731-223229
cwis	189.7	302.2	426.5	98.6	282.6	402.5	537.6	0		186	20260731-223229
hila	59.8	191.1	343.1	134.8	188.1	300.5	450.9	0		187	20260731-223229
hros	87.1	227.0	292.2	94.3	172.1	343.8	389.9	0		188	20260731-223229
vjys	90.7	278.1	358.3	138.3	165.9	360.4	462.8	0		189	20260731-223229
qsmf	169.5	179.9	0.0	167.5	0.0	0.0	0.0	1	qsw	190	20260731-223229
giji	69.0	194.6	301.5	0.0	0.0	0.0	0.0	0		191	20260731-223229
ipbi	103.0	260.8	336.9	0.0	0.0	0.0	0.0	0		192	20260731-223229
zhsx	103.2	254.3	547.0	0.0	0.0	0.0	0.0	1	zhsz	193	20260731-223229
ggfv	154.0	373.9	619.0	0.0	0.0	0.0	0.0	0		194	20260731-223229
rzcc	100.3	400.2	557.9	0.0	0.0	0.0	0.0	0		195	20260731-223229
owwx	110.7	260.8	516.9	0.0	0.0	0.0	0.0	0		196	20260731-223229
lknc	53.8	252.9	425.5	109.2	165.8	356.0	506.9	0		197	20260731-223229
igno	106.6	243.9	332.5	95.0	199.1	404.9	428.2	0		198	20260731-223229
biny	62.0	208.8	407.0	90.9	148.8	298.9	501.1	0		199	20260731-223229
zzej	182.0	416.0	493.5	0.0	0.0	0.0	0.0	0		200	20260731-223229
qdbi	164.8	388.3	491.7	159.4	263.5	488.1	580.0	0		201	20260731-223229
qgcm	81.7	365.7	617.7	163.0	217.8	462.6	0.0	1	qgcn	202	20260731-223229
ibsx	59.6	262.1	511.3	111.6	161.9	382.9	598.4	0		203	20260731-223229
sboo	218.9	293.8	439.6	0.0	0.0	0.0	0.0	0		204	20260731-223229
rpgg	89.5	285.0	455.9	0.0	0.0	0.0	0.0	0		205	20260731-223229
wdff	80.9	318.5	479.9	0.0	0.0	0.0	0.0	0		206	20260731-223229
nqbq	64.4	316.1	578.8	0.0	0.0	0.0	0.0	0		207	20260731-223229
lzwp	78.4	349.7	434.4	112.9	192.2	445.7	531.3	0		208	20260731-223229
jsej	83.4	354.9	513.2	0.0	0.0	0.0	0.0	0		209	20260731-223229
bacy	64.1	282.9	379.0	125.5	171.8	382.5	450.1	0		210	20260731-223229
osov	108.1	318.4	491.4	0.0	0.0	0.0	0.0	0		211	20260731-223229
cjxr	80.9	252.1	381.4	100.9	171.3	383.4	501.2	0		212	20260731-223229
angc	105.0	223.8	470.9	107.9	210.7	336.1	554.8	0		213	20260731-223229
xaou	200.6	349.3	522.0	96.7	320.3	457.4	647.0	0		214	20260731-223229
apoc	131.7	314.1	419.3	129.0	205.8	421.3	515.5	0		215	20260731-223229
lrfw	112.9	382.5	419.8	123.6	212.0	522.8	606.8	0		216	20260731-223229
xewo	226.5	379.4	481.6	97.3	292.5	494.9	572.2	0		217	20260731-223229
naef	87.7	265.8	415.8	101.2	165.5	378.8	544.7	0		218	20260731-223229
icrm	109.9	262.3	351.4	100.1	240.4	373.4	465.7	0		219	20260731-223229
abip	84.2	206.6	285.3	124.3	197.6	364.0	430.1	0		220	20260731-223229
gbtb	213.5	431.6	633.0	0.0	0.0	0.0	0.0	0		221	20260731-223229
iize	141.6	226.7	448.3	0.0	0.0	0.0	0.0	0		222	20260731-223229
wkhq	93.0	252.6	413.8	99.7	179.9	356.8	546.8	0		223	20260731-223229
vzga	99.8	358.6	435.6	151.6	194.7	516.4	593.1	0		224	20260731-223229
arhp	95.0	203.2	317.6	166.6	197.8	337.4	433.4	0		225	20260731-223229
hmxe	261.8	342.5	0.0	102.8	333.9	0.0	0.0	1	hmz	226	20260731-223229
nstg	55.7	245.4	432.2	93.6	145.2	338.5	544.5	0		227	20260731-223229
vghk	225.5	315.2	382.3	89.8	300.8	441.8	482.5	0		228	20260731-223229
rqay	58.5	281.5	332.6	135.9	170.9	396.3	418.4	0		229	20260731-223229
muav	187.7	250.9	0.0	75.6	0.0	0.0	0.0	1	muz	230	20260731-223229
nlil	88.3	308.4	416.9	0.0	0.0	0.0	0.0	0		231	20260731-223229
bgbk	206.9	432.5	571.9	0.0	0.0	0.0	0.0	0		232	20260731-223229
mpsv	89.8	227.4	428.1	176.1	205.9	332.9	555.3	0		233	20260731-223229
wfju	90.3	219.9	360.5	172.8	218.1	270.7	457.8	0		234	20260731-223229
auvp	127.4	298.5	396.7	119.1	221.5	423.0	506.0	0		235	20260731-223229
gljs	92.8	225.9	353.2	96.0	223.6	344.7	457.5	0		236	20260731-223229
nyqy	207.7	417.1	508.5	0.0	0.0	0.0	0.0	0		237	20260731-223229
xzts	88.7	332.8	450.2	171.4	210.3	501.2	556.2	0		238	20260731-223229
andd	105.1	204.5	358.4	0.0	0.0	0.0	0.0	0		239	20260731-223229
nlrb	75.5	237.9	466.9	150.8	177.2	327.8	574.4	0		240	20260731-223229
sovm	91.7	306.8	429.8	94.9	189.0	433.3	536.4	0		241	20260731-223229
fkjn	123.3	445.2	645.4	86.5	192.0	542.4	728.8	0		242	20260731-223229
bnjl	73.5	268.5	374.4	92.0	155.2	376.5	471.9	0		243	20260731-223229
hfab	117.5	310.7	423.8	100.3	197.7	467.6	536.9	0		244	20260731-223229
edim	190.8	253.7	353.7	60.8	270.3	394.8	480.4	0		245	20260731-223229
qlgb	85.3	248.7	504.8	97.0	179.9	343.6	511.9	0		246	20260731-223229
rfit	198.2	310.7	426.3	83.8	290.9	400.0	516.9	0		247	20260731-223229
pjwm	70.6	210.8	312.8	124.4	174.3	297.6	422.9	0		248	20260731-223229
jryc	77.7	250.8	434.8	101.3	167.7	343.8	0.0	1	jryx	249	20260731-223229
ajwx	120.1	240.8	458.1	127.5	207.8	330.8	551.0	0		250	20260731-223229
pemi	81.9	232.8	304.9	103.0	158.6	416.9	414.1	0		251	20260731-223229
lflf	74.9	224.9	340.3	0.0	0.0	0.0	0.0	0		252	20260731-223229
tmlo	75.1	187.1	801.1	0.0	0.0	0.0	0.0	1	tmll	253	20260731-223229
fyjv	71.4	308.2	490.3	110.5	164.4	408.3	584.7	0		254	20260731-223229
cekj	202.2	384.9	0.0	84.9	268.2	0.0	0.0	1	cej	255	20260731-223229
tyue	66.1	246.8	309.2	86.6	129.0	344.1	380.0	0		256	20260731-223229
ijbw	65.9	189.6	268.2	119.0	152.0	314.1	384.1	0		257	20260731-223229
kdcw	85.5	398.1	517.9	96.9	151.1	535.7	648.7	0		258	20260731-223229
gxld	80.4	220.5	317.7	133.8	178.6	314.4	388.1	0		259	20260731-223229
gwhp	57.6	118.1	212.0	127.9	179.4	265.9	352.0	0		260	20260731-223229
wuol	14.9	130.9	377.7	115.8	206.7	268.9	485.8	0		261	20260731-223229
vrfo	205.2	422.2	482.1	97.8	288.7	516.2	583.8	0		262	20260731-223229
zxte	81.1	361.9	465.7	171.8	217.9	530.6	568.6	0		263	20260731-223229
ckpq	116.6	323.1	380.1	119.6	214.1	420.1	490.1	0		264	20260731-223229
tmaj	112.6	205.8	345.8	87.2	209.9	313.8	443.4	0		265	20260731-223229
drxb	85.4	358.0	580.9	154.8	205.8	458.8	666.0	0		266	20260731-223229
whuf	69.0	250.9	325.0	110.9	143.0	344.1	427.3	0		267	20260731-223229
ziif	205.2	334.7	451.8	0.0	0.0	0.0	0.0	0		268	20260731-223229
piqy	45.2	149.7	274.5	116.8	166.6	256.7	363.7	0		269	20260731-223229
fhji	87.1	333.5	413.9	106.6	175.5	496.4	519.7	0		270	20260731-223229
rygd	89.5	312.0	466.6	104.1	184.0	503.5	602.6	0		271	20260731-223229
cvfu	97.4	323.3	388.5	150.2	207.7	414.7	489.9	0		272	20260731-223229
kpyz	58.1	264.9	454.8	152.0	181.0	368.3	575.1	0		273	20260731-223229
dehy	198.9	297.9	468.9	82.9	275.4	371.5	555.0	0		274	20260731-223229
nouk	202.3	274.8	481.4	91.8	325.3	374.7	576.9	0		275	20260731-223229
glgq	79.0	214.9	440.9	0.0	0.0	0.0	0.0	0		276	20260731-223229
losa	190.7	305.5	417.8	93.4	282.5	483.5	565.3	0		277	20260731-223229
ndiq	81.6	184.4	346.1	78.2	163.4	276.4	457.1	0		278	20260731-223229
rrqt	168.9	459.4	572.7	0.0	0.0	0.0	0.0	0		279	20260731-223229
ylsz	60.6	291.3	530.6	135.5	188.6	391.2	630.8	0		280	20260731-223229
lzpc	77.2	257.4	393.3	97.5	188.5	344.9	482.8	0		281	20260731-223229
lvgh	96.2	347.2	402.1	113.6	210.3	451.8	484.7	0		282	20260731-223229
fnwt	92.8	245.3	369.6	104.6	186.8	408.7	483.1	0		283	20260731-223229
ymmo	277.5	422.2	609.6	0.0	0.0	0.0	0.0	0		284	20260731-223229
mtqb	93.8	329.3	538.8	131.6	188.7	478.6	656.5	0		285	20260731-223229
bbip	174.7	320.7	423.7	0.0	0.0	0.0	0.0	0		286	20260731-223229
kmhg	51.3	261.4	329.0	127.4	145.9	371.3	422.0	0		287	20260731-223229
uvup	100.8	217.7	345.8	0.0	0.0	0.0	0.0	0		288	20260731-223229
sfrx	97.8	297.8	512.2	160.3	207.1	387.7	609.4	0		289	20260731-223229
rvsl	222.0	396.1	477.9	92.1	328.5	489.6	581.5	0		290	20260731-223229
sueq	93.7	210.5	365.0	97.1	195.3	293.9	506.5	0		291	20260731-223229
cbct	134.0	496.2	562.1	0.0	0.0	0.0	0.0	1	cbcd	292	20260731-223229
hsvo	64.6	311.6	437.2	76.9	170.7	420.8	529.0	0		293	20260731-223229
qvcz	83.3	382.0	513.0	133.8	216.1	524.8	653.2	0		294	20260731-223229
ixzq	179.2	293.0	572.9	100.2	372.9	425.2	690.8	0		295	20260731-223229
fdxl	0.0	0.0	0.0	0.0	0.0	0.0	0.0	1	d	296	20260731-223229
pcct	148.3	295.4	496.6	0.0	0.0	0.0	0.0	0		297	20260731-223229
quio	92.9	152.9	294.9	127.8	258.9	378.0	460.1	0		298	20260731-223229
jwka	66.2	208.2	380.4	86.7	156.6	314.2	487.8	0		299	20260731-223229
xlcz	115.3	258.3	388.1	102.9	201.2	390.2	533.2	0		300	20260731-223229
kkxv	141.5	274.7	0.0	0.0	0.0	0.0	0.0	1	kkz	301	20260731-223229
tejc	68.0	168.9	330.8	132.6	160.5	266.2	435.6	0		302	20260731-223229
qpch	92.3	223.7	305.6	97.1	171.8	315.5	389.1	0		303	20260731-223229
qgik	169.0	277.4	458.5	139.0	274.4	352.6	549.2	0		304	20260731-223229
hptk	50.3	152.5	263.9	119.3	148.8	238.6	354.3	0		305	20260731-223229
pouz	185.8	256.8	369.6	80.9	299.0	350.8	473.6	0		306	20260731-223229
jwqs	90.5	327.3	644.9	106.3	179.0	444.8	755.9	0		307	20260731-223229
vhbv	77.9	340.7	533.4	0.0	0.0	0.0	0.0	0		308	20260731-223229
lefr	76.1	208.3	397.8	96.7	185.1	315.9	487.9	0		309	20260731-223229
yifo	52.3	179.8	276.8	151.4	149.2	279.0	373.3	0		310	20260731-223229
mznk	68.4	258.9	409.6	99.5	184.6	372.8	509.5	0		311	20260731-223229
bnlo	69.6	219.9	416.3	83.9	201.2	307.9	492.6	0		312	20260731-223229
lodq	183.4	302.0	481.5	82.6	275.4	378.4	587.7	0		313	20260731-223229
qxvw	264.1	520.3	852.0	115.2	375.2	712.1	934.0	0		314	20260731-223229
sonx	82.1	226.9	393.9	102.3	163.1	331.1	492.9	0		315	20260731-223229
cyxq	98.5	379.0	590.3	86.6	172.8	496.6	703.5	0		316	20260731-223229
stoz	59.4	157.9	289.0	96.8	149.8	234.5	391.7	0		317	20260731-223229
zzjk	161.0	272.4	346.0	0.0	0.0	0.0	0.0	0		318	20260731-223229
fbke	186.8	349.9	393.8	73.2	271.0	429.6	454.9	0		319	20260731-223229
ajga	112.8	323.9	413.8	0.0	0.0	0.0	0.0	0		320	20260731-223229
oeko	76.6	202.0	342.1	0.0	0.0	0.0	0.0	0		321	20260731-223229
cjet	73.3	217.6	316.8	77.1	149.4	341.2	436.5	0		322	20260731-223229
waaz	216.9	375.5	580.5	0.0	0.0	0.0	0.0	0		323	20260731-223229
gjjn	135.9	244.5	453.6	0.0	0.0	0.0	0.0	0		324	20260731-223229
swkw	186.7	318.4	395.7	0.0	0.0	0.0	0.0	0		325	20260731-223229
angj	87.2	313.0	366.2	90.2	163.9	401.2	438.1	0		326	20260731-223229
pnfn	110.7	221.3	313.8	0.0	0.0	0.0	0.0	0		327	20260731-223229
rbhw	222.3	379.1	486.4	81.4	310.8	458.2	559.3	0		328	20260731-223229
ixjj	94.1	204.0	334.8	0.0	0.0	0.0	0.0	0		329	20260731-223229
wufb	48.1	250.1	446.0	96.7	142.3	331.2	545.1	0		330	20260731-223229
zzpd	148.5	249.5	352.6	0.0	0.0	0.0	0.0	0		331	20260731-223229
vjif	113.8	173.8	289.0	111.7	266.5	264.5	377.5	0		332	20260731-223229
swrb	510.7	596.7	889.3	104.5	661.7	681.9	963.5	0		333	20260731-223229
ymbw	219.1	382.9	463.1	77.9	305.0	520.8	583.9	0		334	20260731-223229
ixkq	72.1	249.3	365.6	89.9	168.4	341.2	0.0	1	ixkw	335	20260731-223229
kaaz	143.0	278.1	474.8	0.0	0.0	0.0	0.0	0		336	20260731-223229
rdav	55.9	241.9	472.0	130.1	205.9	359.0	580.9	0		337	20260731-223229
pyoi	48.9	270.1	367.1	101.0	134.0	415.2	497.6	0		338	20260731-223229
qmem	122.6	211.0	296.9	0.0	0.0	0.0	0.0	0		339	20260731-223229
twnu	70.4	188.4	395.6	143.6	177.6	275.7	483.8	0		340	20260731-223229
qzlh	217.9	340.6	429.1	85.0	323.9	480.8	521.0	0		341	20260731-223229
jpog	75.3	334.3	565.2	175.2	192.7	449.4	644.2	0		342	20260731-223229
hckc	76.6	201.6	255.4	0.0	0.0	0.0	0.0	0		343	20260731-223229
zzak	151.6	322.4	379.8	0.0	0.0	0.0	0.0	0		344	20260731-223229
bujj	82.4	256.6	387.1	0.0	0.0	0.0	0.0	0		345	20260731-223229
gyph	100.3	310.8	422.6	91.2	180.9	458.9	516.8	0		346	20260731-223229
iorx	77.0	221.1	448.5	201.6	199.5	316.0	539.0	0		347	20260731-223229
chdf	103.2	261.1	480.8	95.6	194.8	365.0	598.5	0		348	20260731-223229
rznn	191.4	305.0	443.1	0.0	0.0	0.0	0.0	0		349	20260731-223229
rrxe	150.1	376.4	592.2	0.0	0.0	0.0	0.0	0		350	20260731-223229
vbec	0.0	0.0	0.0	0.0	0.0	0.0	0.0	1	b	351	20260731-223229
gflr	183.3	311.1	469.2	78.7	274.5	393.9	555.2	0		352	20260731-223229
cnxf	127.7	207.3	0.0	0.0	0.0	0.0	0.0	1	cnc	353	20260731-223229
jifz	53.8	142.7	255.1	146.4	164.8	313.9	381.7	0		354	20260731-223229
lznv	75.6	230.7	476.6	97.7	195.6	326.6	583.1	0		355	20260731-223229
wber	196.2	412.2	480.3	91.1	293.1	551.3	628.8	0		356	20260731-223229
loiu	437.5	676.3	971.2	96.2	544.2	782.4	1064.7	0		357	20260731-223229
ghzu	74.3	196.5	287.9	88.7	146.3	303.0	375.9	0		358	20260731-223229
lptx	0.0	0.0	0.0	0.0	0.0	0.0	0.0	1	p	359	20260731-223229
uhun	189.0	346.1	537.1	0.0	0.0	0.0	0.0	0		360	20260731-223229
eqpn	64.0	157.0	265.0	113.2	176.3	277.0	375.0	0		361	20260731-223229
xrkd	130.9	0.0	0.0	109.8	0.0	0.0	0.0	1	xe	362	20260731-223229
qnda	80.9	246.0	307.0	101.9	163.9	357.8	415.7	0		363	20260731-223229
iwpo	75.9	249.1	414.7	91.7	162.7	378.4	517.6	0		364	20260731-223229
lgzc	64.1	311.1	540.1	93.8	158.0	426.4	595.3	0		365	20260731-223229
qzmq	222.3	340.8	492.4	0.0	0.0	0.0	0.0	0		366	20260731-223229
epim	163.4	200.4	368.3	89.5	263.0	407.2	493.0	0		367	20260731-223229
dmez	68.8	203.7	380.6	87.6	175.5	273.8	505.8	0		368	20260731-223229
brpd	199.8	367.7	469.8	75.2	278.0	471.9	544.3	0		369	20260731-223229
ubnu	60.5	233.1	415.1	0.0	0.0	0.0	0.0	0		370	20260731-223229
pqgf	35.4	223.3	424.3	81.5	142.3	303.3	509.4	0		371	20260731-223229
ffvy	149.4	378.9	535.6	0.0	0.0	0.0	0.0	0		372	20260731-223229
yuln	166.6	349.5	500.0	87.5	265.6	489.3	588.4	0		373	20260731-223229
zbzn	203.9	359.8	467.8	0.0	0.0	0.0	0.0	0		374	20260731-223229
dsgn	84.7	0.0	0.0	0.0	0.0	0.0	0.0	1	dw	375	20260731-223229
zdpy	111.3	373.9	471.2	171.1	228.2	497.5	566.0	0		376	20260731-223229
ngmw	100.4	331.0	621.8	93.8	192.7	413.8	697.6	0		377	20260731-223229
ghyx	105.4	264.2	394.2	96.8	165.6	344.0	481.3	0		378	20260731-223229
enmo	101.5	308.0	398.8	91.1	166.1	487.9	486.0	0		379	20260731-223229
mvzy	38.2	240.2	322.2	102.1	149.1	386.9	396.5	0		380	20260731-223229
rgjo	190.9	273.0	367.3	66.2	289.5	409.8	453.6	0		381	20260731-223229
styg	67.7	175.7	287.1	124.3	145.4	254.5	379.7	0		382	20260731-223229
fhoq	71.7	184.9	304.8	98.3	186.8	262.6	0.0	1	fhow	383	20260731-223229
awdk	182.7	410.1	572.3	106.1	284.0	503.6	665.5	0		384	20260731-223229
nsml	66.0	218.1	263.0	80.0	159.5	318.8	347.0	0		385	20260731-223229
cyab	86.0	196.9	303.8	82.3	159.0	358.2	416.0	0		386	20260731-223229
aflj	83.6	268.6	467.8	0.0	0.0	0.0	0.0	1	afll	387	20260731-223229
kxcj	80.1	354.5	444.8	0.0	0.0	0.0	0.0	1	kxck	388	20260731-223229
fgcy	191.7	379.3	426.9	87.9	272.7	455.4	499.0	0		389	20260731-223229
reeh	203.5	359.7	457.8	0.0	0.0	0.0	0.0	0		390	20260731-223229
braq	260.8	347.7	590.8	94.7	403.6	454.6	688.8	0		391	20260731-223229
noeo	55.3	224.0	324.8	0.0	0.0	0.0	0.0	0		392	20260731-223229
pphv	142.0	322.1	413.5	0.0	0.0	0.0	0.0	0		393	20260731-223229
xqyf	93.1	310.0	483.0	130.3	228.1	399.8	607.7	0		394	20260731-223229
fiut	88.8	150.6	242.4	96.3	217.8	249.4	336.8	0		395	20260731-223229
ngtk	45.1	237.7	240.4	68.2	132.0	322.7	345.8	0		396	20260731-223229
wtaa	113.8	267.0	456.8	0.0	0.0	0.0	0.0	0		397	20260731-223229
mohh	54.0	217.1	361.9	0.0	0.0	0.0	0.0	0		398	20260731-223229
zftf	66.6	289.8	567.5	0.0	0.0	0.0	0.0	0		399	20260731-223229
uwgu	64.0	240.3	273.8	0.0	0.0	0.0	0.0	0		400	20260731-223229
jolc	63.8	274.8	356.1	153.4	151.1	372.5	459.5	0		401	20260731-223229
bali	60.6	172.3	253.9	99.3	178.9	326.0	390.6	0		402	20260731-223229
paqp	87.0	530.0	0.0	0.0	0.0	0.0	0.0	1	pap	403	20260731-223229
pcxv	100.1	619.0	0.0	97.2	199.8	0.0	0.0	1	pcz	404	20260731-223229
usfd	83.9	243.8	467.0	0.0	0.0	0.0	0.0	1	usff	405	20260731-223229
fphm	49.0	199.2	432.5	100.9	149.0	281.1	489.2	0		406	20260731-223229
osny	56.3	172.7	340.6	81.8	146.0	244.3	428.1	0		407	20260731-223229
orya	74.7	218.4	327.8	80.7	157.6	311.5	433.5	0		408	20260731-223229
xyqy	119.0	228.7	318.2	0.0	0.0	0.0	0.0	0		409	20260731-223229
jcoy	51.0	210.6	269.2	97.7	130.4	324.5	368.3	0		410	20260731-223229
logx	185.5	270.2	510.6	76.8	258.0	356.8	591.7	0		411	20260731-223229
ghqt	67.0	295.1	457.2	0.0	0.0	0.0	0.0	1	ghqq	412	20260731-223229
ougp	55.1	145.4	246.0	113.8	141.5	238.8	349.5	0		413	20260731-223229
qxdt	222.5	428.3	598.3	114.2	317.1	516.0	701.5	0		414	20260731-223229
enuw	71.0	248.2	336.4	83.0	145.1	341.5	414.7	0		415	20260731-223229
iapl	93.5	221.8	426.0	105.0	206.9	313.2	533.8	0		416	20260731-223229
wlhc	78.1	181.1	306.0	93.8	169.3	292.1	402.1	0		417	20260731-223229
ujxw	189.7	398.0	632.7	86.6	282.7	508.3	717.7	0		418	20260731-223229
xnfk	106.1	215.3	321.1	109.4	183.3	324.2	407.5	0		419	20260731-223229
ftgv	200.9	418.6	648.9	103.0	277.4	506.6	753.5	0		420	20260731-223229
whfy	103.3	207.6	333.3	91.6	174.5	319.6	419.8	0		421	20260731-223229
brhq	241.6	505.6	777.6	92.8	317.9	604.7	886.7	0		422	20260731-223229
cgfp	137.2	380.6	501.4	127.0	245.8	487.6	589.5	0		423	20260731-223229
pnwh	74.2	331.8	422.3	178.7	188.3	413.1	519.7	0		424	20260731-223229
ioin	84.7	318.0	423.9	0.0	0.0	0.0	0.0	0		425	20260731-223229
rbep	234.3	412.8	483.9	76.8	318.8	493.9	576.8	0		426	20260731-223229
lxoq	112.0	248.1	403.4	105.4	211.6	348.6	499.2	0		427	20260731-223229
nqwu	47.3	244.0	329.9	84.8	152.7	349.8	422.4	0		428	20260731-223229
mfhb	80.9	217.8	326.6	96.6	153.9	303.8	420.9	0		429	20260731-223229
mmxw	139.5	198.6	463.0	0.0	0.0	0.0	0.0	0		430	20260731-223229
oiqn	34.1	135.1	239.3	97.8	151.8	230.5	323.2	0		431	20260731-223229
gltc	71.6	213.5	445.0	84.1	159.1	296.8	516.4	0		432	20260731-223229
hpdn	33.5	147.8	240.1	98.2	134.0	203.0	314.0	0		433	20260731-223229
nsdd	78.8	257.4	408.7	0.0	0.0	0.0	0.0	0		434	20260731-223229
ylun	70.0	234.2	460.0	119.3	177.2	336.0	536.2	0		435	20260731-223229
fdaj	45.2	240.1	319.2	132.1	130.3	338.9	401.9	0		436	20260731-223229
nbyt	89.9	230.2	350.3	92.0	187.5	312.1	432.9	0		437	20260731-223229
nqek	58.5	224.7	285.7	89.5	148.6	304.6	378.9	0		438	20260731-223229
uxpx	88.0	211.0	291.0	0.0	0.0	0.0	0.0	0		439	20260731-223229
rcob	209.1	292.6	441.6	78.2	283.9	374.4	521.5	0		440	20260731-223229
ldkl	80.2	262.5	367.8	0.0	0.0	0.0	0.0	0		441	20260731-223229
jdwp	72.9	241.8	321.7	108.0	148.4	340.5	413.7	0		442	20260731-223229
fgvp	184.4	398.1	507.2	99.0	263.3	518.5	599.2	0		443	20260731-223229
qljd	99.8	210.5	325.0	117.7	172.7	327.5	402.5	0		444	20260731-223229
dgqv	38.4	324.4	367.4	132.5	137.9	455.8	510.3	0		445	20260731-223229
cukt	73.7	156.0	234.5	79.3	223.0	280.5	322.6	0		446	20260731-223229
igdp	73.4	207.8	271.0	98.2	156.0	293.7	369.1	0		447	20260731-223229
yyye	145.4	326.5	510.3	0.0	0.0	0.0	0.0	0		448	20260731-223229
iicd	139.8	228.6	423.1	0.0	0.0	0.0	0.0	0		449	20260731-223229
ffuj	147.0	258.3	453.6	0.0	0.0	0.0	0.0	0		450	20260731-223229
tehw	67.2	207.2	347.3	152.7	215.8	293.4	459.1	0		451	20260731-223229
epqz	100.8	232.9	512.1	81.7	197.7	341.6	0.0	1	epqa	452	20260731-223229
xeiu	214.9	323.2	500.2	82.1	293.1	418.8	610.6	0		453	20260731-223229
shxy	113.4	303.5	424.7	94.7	187.7	420.3	501.5	0		454	20260731-223229
fwjw	52.3	179.8	296.9	0.0	0.0	0.0	0.0	0		455	20260731-223229
arpl	45.0	163.1	372.1	175.4	166.5	259.1	473.1	0		456	20260731-223229
uims	56.3	303.3	385.2	136.6	170.2	393.4	488.8	0		457	20260731-223229
rqba	61.9	329.7	427.7	117.9	177.9	448.7	543.0	0		458	20260731-223229
xvri	55.2	295.7	336.8	123.1	169.0	386.6	413.0	0		459	20260731-223229
untk	203.6	260.6	365.6	85.0	245.4	341.5	457.4	0		460	20260731-223229
zulg	85.3	216.8	322.4	126.3	171.6	326.6	421.4	0		461	20260731-223229
sbcy	93.8	317.1	367.2	120.6	169.7	401.5	438.6	0		462	20260731-223229
vtoj	219.0	292.7	436.5	105.0	296.1	413.3	553.5	0		463	20260731-223229
bjmr	93.6	267.9	340.2	97.1	151.0	367.9	418.6	0		464	20260731-223229
rjuh	94.3	250.2	431.0	92.4	168.3	330.4	509.2	0		465	20260731-223229
fgwd	176.1	313.8	571.0	80.4	257.7	411.4	649.0	0		466	20260731-223229
hqdo	35.9	240.3	269.0	79.1	128.4	321.3	353.9	0		467	20260731-223229
odfe	74.6	422.0	513.9	80.4	158.8	587.1	600.8	0		468	20260731-223229
zpfi	89.4	216.0	284.4	117.9	173.1	317.8	396.1	0		469	20260731-223229
ylxn	115.3	494.8	595.9	123.2	225.7	607.8	688.8	0		470	20260731-223229
bkcq	89.7	219.1	429.0	93.0	185.8	309.7	540.7	0		471	20260731-223229
copr	73.9	271.3	329.9	89.4	160.0	373.9	423.9	0		472	20260731-223229
ujbr	189.1	312.0	530.7	83.9	273.3	396.4	612.5	0		473	20260731-223229
ozam	39.9	246.9	302.4	91.8	129.7	341.8	392.2	0		474	20260731-223229
hhlt	141.7	294.3	409.3	0.0	0.0	0.0	0.0	0		475	20260731-223229
rcib	200.8	276.0	444.4	84.7	290.3	363.4	531.3	0		476	20260731-223229
tjrr	130.4	278.1	436.7	0.0	0.0	0.0	0.0	0		477	20260731-223229
qzvl	269.8	360.8	450.2	99.9	405.8	498.1	547.5	0		478	20260731-223229
yule	159.6	316.8	378.9	81.6	246.6	429.0	445.8	0		479	20260731-223229
ghll	98.1	294.4	436.7	0.0	0.0	0.0	0.0	0		1	20260801-175132
ixly	104.0	249.6	329.6	94.9	203.7	370.1	436.1	0		2	20260801-175132
wpfc	75.5	266.9	486.1	82.5	178.6	365.4	565.6	0		3	20260801-175132
zvaz	107.5	328.5	588.0	0.0	0.0	0.0	0.0	0		4	20260801-175132
plvi	217.2	373.9	476.2	101.0	317.8	485.0	572.8	0		5	20260801-175132
ge.i	72.4	218.1	372.7	133.4	187.4	343.5	496.4	0		1	20260801-175311
xirj	111.7	249.2	348.7	103.6	214.3	337.0	456.9	0		2	20260801-175311
kbrf	116.1	340.8	570.2	101.1	196.0	422.5	669.3	0		3	20260801-175311
.wyu	531.9	842.6	981.3	135.9	604.3	906.0	1075.1	0		4	20260801-175311
t,af	76.7	197.8	335.8	93.4	191.7	359.2	454.4	0		5	20260801-175311
fezt	40.9	314.1	456.0	128.0	155.7	447.8	546.8	0		6	20260801-175311
/jpy	158.6	354.3	453.3	138.4	318.1	508.6	563.4	0		7	20260801-175311
jatq	93.7	298.0	474.5	110.8	204.7	399.8	587.2	0		8	20260801-175311
ugz/	85.2	284.3	426.3	109.7	171.7	406.2	534.4	0		9	20260801-175311
vimp	106.5	291.7	398.7	143.3	207.4	445.7	498.9	0		10	20260801-175311
qitp	91.1	204.1	296.1	99.3	188.5	301.5	393.9	0		11	20260801-175311
pic;	66.0	219.1	343.1	112.3	199.3	301.5	435.7	0		12	20260801-175311
ansd	131.2	298.1	408.2	112.9	228.5	449.4	520.8	0		13	20260801-175311
rj,e	93.5	297.0	399.4	98.2	196.1	424.5	491.9	0		14	20260801-175311
d;sf	98.5	237.4	324.8	90.5	190.9	384.4	458.1	0		15	20260801-175311
aexm	123.7	402.4	520.7	135.7	209.0	506.4	616.0	0		16	20260801-175311
//.j	189.9	408.9	627.2	0.0	0.0	0.0	0.0	0		17	20260801-175311
;nay	222.7	338.5	479.3	102.8	306.4	430.0	565.7	0		18	20260801-175311
a,fu	140.8	309.2	446.4	88.6	256.3	408.7	551.4	0		19	20260801-175311
pdhe	110.1	217.1	343.6	113.6	187.5	327.8	427.9	0		20	20260801-175311
rvyk	254.3	381.8	535.4	92.3	367.1	446.5	639.1	0		21	20260801-175311
.cyg	147.3	294.1	466.1	132.7	246.1	388.0	565.8	0		22	20260801-175311
s;bb	93.9	259.6	435.3	0.0	0.0	0.0	0.0	0		23	20260801-175311
uh,b	196.6	418.3	625.2	88.1	287.5	526.9	703.4	0		24	20260801-175311
;tgp	195.5	411.8	488.9	139.8	271.6	506.9	582.2	0		25	20260801-175311
//d/	172.4	361.9	479.6	0.0	0.0	0.0	0.0	0		26	20260801-175311
sseo	162.3	382.9	498.4	0.0	0.0	0.0	0.0	0		27	20260801-175311
qejx	102.8	305.3	463.4	173.4	233.5	420.4	562.9	0		28	20260801-175311
ifut	80.0	230.6	345.3	86.8	181.3	353.6	446.8	0		29	20260801-175311
foin	150.8	200.5	349.9	86.9	305.9	363.3	488.3	0		30	20260801-175311
fkza	100.0	285.9	541.2	103.9	187.5	403.1	682.5	0		31	20260801-175311
,lhj	378.8	626.1	784.9	128.9	488.8	733.6	0.0	1	,lhg	32	20260801-175311
xbf/	79.6	343.8	449.0	114.7	185.1	423.5	552.1	0		33	20260801-175311
fhpd	71.4	222.4	323.4	82.9	148.2	338.7	416.0	0		34	20260801-175311
nb.,	109.2	325.3	557.0	93.0	203.2	448.7	669.7	0		35	20260801-175311
jcpn	110.5	256.8	348.7	113.9	207.5	405.2	475.3	0		36	20260801-175311
qdzx	110.7	425.2	767.8	137.3	220.4	534.1	877.7	0		37	20260801-175311
,uyb	130.8	334.3	518.5	122.6	234.1	435.3	616.8	0		38	20260801-175311
ldps	94.2	259.5	368.6	117.5	178.3	355.2	481.9	0		39	20260801-175311
iqkb	61.7	235.4	349.8	104.1	192.4	339.5	439.2	0		40	20260801-175311
d.;;	148.2	403.2	562.2	0.0	0.0	0.0	0.0	0		41	20260801-175311
.ieq	246.5	366.1	459.0	126.0	325.1	505.9	596.4	0		42	20260801-175311
zvvy	256.3	402.6	524.9	0.0	0.0	0.0	0.0	0		43	20260801-175311
dg.,	64.5	230.5	289.6	136.8	205.4	392.5	432.9	0		44	20260801-175311
yibi	53.4	157.6	264.4	0.0	0.0	0.0	0.0	0		45	20260801-175311
bhat	9.0	169.3	253.3	31.1	79.2	328.4	364.8	0		46	20260801-175311
chte	75.0	282.1	425.4	94.0	167.7	451.7	516.6	0		47	20260801-175311
/kmo	240.0	477.7	580.6	121.0	336.5	655.8	686.0	0		48	20260801-175311
s.fm	98.9	198.0	292.8	103.0	201.6	335.0	406.6	0		49	20260801-175311
dblx	84.2	256.6	390.7	104.8	172.4	362.9	477.2	0		50	20260801-175311
olml	210.5	432.4	547.9	0.0	0.0	0.0	0.0	0		51	20260801-175311
sinx	68.6	225.6	390.8	89.2	163.0	342.0	478.7	0		52	20260801-175311
lc/l	123.9	247.0	459.7	0.0	0.0	0.0	0.0	0		53	20260801-175311
tfel	201.7	397.2	482.0	74.4	305.9	473.5	606.2	0		54	20260801-175311
ekq/	106.5	242.6	400.3	102.6	190.9	354.7	501.3	0		55	20260801-175311
hdd.	200.2	318.3	430.6	0.0	0.0	0.0	0.0	0		56	20260801-175311
irpt	111.5	228.9	347.6	115.8	195.1	322.1	441.6	0		57	20260801-175311
q;qn	89.8	219.8	340.0	0.0	0.0	0.0	0.0	0		58	20260801-175311
ghhy	115.9	263.7	468.4	0.0	0.0	0.0	0.0	0		59	20260801-175311
yxkv	99.9	237.8	392.7	90.1	208.7	345.0	509.2	0		60	20260801-175311
vavv	80.5	267.8	458.1	0.0	0.0	0.0	0.0	0		61	20260801-175311
ecxo	285.2	0.0	0.0	90.0	0.0	0.0	0.0	1	ex	62	20260801-175311
epjn	58.0	232.0	418.5	80.5	151.9	319.8	517.7	0		63	20260801-175311
gags	110.6	416.4	512.7	0.0	0.0	0.0	0.0	0		64	20260801-175311
/dux	113.5	246.1	415.6	119.1	188.8	340.7	517.6	0		65	20260801-175311
gkb/	87.3	293.9	399.5	102.1	192.1	385.7	500.6	0		66	20260801-175311
qsoz	209.7	362.4	501.1	110.5	300.6	466.1	617.7	0		67	20260801-175311
gmli	101.5	212.9	338.6	0.0	0.0	0.0	0.0	1	gmll	68	20260801-175311
gt,u	186.4	309.2	492.6	78.8	270.2	401.3	600.0	0		69	20260801-175311
fg.e	203.2	376.9	473.4	94.3	299.5	502.8	556.8	0		70	20260801-175311
zew.	217.6	432.8	589.9	94.2	287.5	538.6	717.3	0		71	20260801-175311
/vmy	140.7	265.6	465.2	126.6	254.7	351.0	554.6	0		72	20260801-175311
hxx,	164.7	317.7	513.1	0.0	0.0	0.0	0.0	1	hxx.	73	20260801-175311
xeqk	239.1	407.2	492.0	104.2	315.0	518.5	592.4	0		74	20260801-175311
dqnn	89.3	282.0	422.3	0.0	0.0	0.0	0.0	0		75	20260801-175311
fbps	244.3	404.7	652.3	125.7	336.4	502.6	768.1	0		76	20260801-175311
umy;	241.1	426.3	631.9	141.6	295.4	512.8	743.5	0		77	20260801-175311
sths	111.7	217.8	343.5	0.0	0.0	0.0	0.0	0		78	20260801-175311
.gij	210.2	323.7	576.0	145.7	303.8	405.7	680.1	0		79	20260801-175311
gltt	121.8	290.1	0.0	0.0	0.0	0.0	0.0	1	gll	80	20260801-175311
zphj	111.0	247.4	454.7	120.8	221.0	344.6	566.6	0		81	20260801-175311
gpjc	97.2	225.4	352.7	88.6	207.2	335.5	449.8	0		82	20260801-175311
ltmw	143.6	311.5	445.9	115.1	238.8	422.6	550.3	0		83	20260801-175311
ahcn	115.9	251.7	387.7	103.9	199.5	353.3	482.9	0		84	20260801-175311
ydgv	77.7	381.7	623.9	88.8	174.3	470.3	0.0	1	ydgc	85	20260801-175311
ke;m	123.3	265.0	467.1	104.9	204.4	363.7	555.2	0		86	20260801-175311
aafc	168.3	357.6	513.0	0.0	0.0	0.0	0.0	0		87	20260801-175311
/nkn	264.5	498.9	652.1	0.0	0.0	0.0	0.0	0		88	20260801-175311
at/o	103.2	208.8	403.9	143.4	212.2	251.2	487.1	0		89	20260801-175311
nzl/	134.4	240.8	519.4	105.4	246.0	340.1	609.8	0		90	20260801-175311
,d,a	129.8	247.2	388.9	0.0	0.0	0.0	0.0	0		91	20260801-175311
lkhj	54.0	273.5	607.6	156.2	204.5	374.8	685.8	0		92	20260801-175311
juaf	158.3	318.8	490.2	88.4	256.0	421.0	598.4	0		93	20260801-175311
z.af	109.9	353.3	410.0	114.1	251.2	490.9	542.1	0		94	20260801-175311
/tnr	159.8	252.9	415.7	122.8	243.2	365.3	508.6	0		95	20260801-175311
x,.w	128.6	232.5	449.1	113.6	353.8	371.7	534.3	0		96	20260801-175311
c;,n	102.0	375.6	650.6	121.2	231.3	494.6	751.1	0		97	20260801-175311
vlpd	91.4	320.7	372.5	121.5	183.5	416.7	458.6	0		98	20260801-175311
tzn;	82.2	293.7	528.8	167.4	241.9	410.6	630.5	0		99	20260801-175311
rkx,	95.0	276.0	411.5	80.7	192.9	383.7	512.4	0		100	20260801-175311
xdik	230.6	327.1	527.9	116.4	302.0	403.9	626.0	0		101	20260801-175311
rml/	96.4	218.8	511.7	84.0	208.1	330.9	596.2	0		102	20260801-175311
wnyw	89.2	319.0	449.9	0.0	0.0	0.0	0.0	0		103	20260801-175311
omri	194.9	356.0	461.5	70.4	303.0	439.9	573.8	0		104	20260801-175311
sjyg	75.5	286.6	428.3	85.7	172.8	376.4	527.6	0		105	20260801-175311
ow.l	96.5	252.0	484.7	88.5	195.8	351.7	584.2	0		106	20260801-175311
y/ps	85.2	0.0	0.0	0.0	0.0	0.0	0.0	1	y;	107	20260801-175311
ymkx	254.2	424.9	624.3	83.4	332.9	531.0	725.1	0		108	20260801-175311
kvoc	94.1	271.9	411.7	101.8	212.1	382.2	506.3	0		109	20260801-175311
.gno	158.1	242.2	648.5	127.2	246.1	342.0	715.3	0		110	20260801-175311
.ypi	252.0	318.9	571.2	119.4	364.8	458.1	675.9	0		111	20260801-175311
opfk	106.0	335.9	437.7	247.3	243.7	433.8	556.9	0		112	20260801-175311
uus/	119.9	296.7	417.8	0.0	0.0	0.0	0.0	0		113	20260801-175311
araz	60.9	247.3	520.8	0.0	0.0	0.0	0.0	0		114	20260801-175311
yolz	65.0	295.0	469.5	140.3	171.5	407.6	592.3	0		115	20260801-175311
qrw.	101.7	278.8	375.9	158.2	226.3	406.3	535.2	0		116	20260801-175311
cqpf	70.9	240.8	349.7	116.9	198.8	346.4	470.5	0		117	20260801-175311
u.;g	246.3	483.8	690.1	107.1	346.4	591.4	789.1	0		118	20260801-175311
mlis	134.0	249.8	367.0	163.1	294.0	389.0	465.4	0		119	20260801-175311
ofxy	109.9	302.7	371.3	136.3	200.6	418.9	462.5	0		120	20260801-175311
cah,	70.0	234.0	416.6	127.2	206.8	358.0	540.5	0		121	20260801-175311
oxux	120.0	193.9	338.1	0.0	0.0	0.0	0.0	0		122	20260801-175311
qyac	82.7	254.4	483.2	109.2	169.5	359.3	570.2	0		123	20260801-175311
gmmw	170.6	313.9	409.8	0.0	0.0	0.0	0.0	0		124	20260801-175311
pz//	151.3	274.3	446.3	0.0	0.0	0.0	0.0	0		125	20260801-175311
smev	101.2	241.7	488.1	91.4	204.2	320.6	586.0	0		126	20260801-175311
wibx	102.8	307.8	486.4	98.9	193.3	377.1	576.7	0		127	20260801-175311
olpb	218.5	400.4	504.3	108.9	312.2	513.7	597.0	0		128	20260801-175311
ivxs	122.2	434.8	682.7	109.1	231.0	539.4	777.5	0		129	20260801-175311
jb/i	78.7	236.8	431.4	96.3	170.7	339.0	512.1	0		130	20260801-175311
gl./	69.2	275.1	525.8	125.5	151.3	349.8	0.0	0		131	20260801-175311
ac.x	128.0	353.1	479.7	168.6	248.6	489.3	570.2	0		132	20260801-175311
z;.z	57.1	307.7	401.4	0.0	0.0	0.0	0.0	0		133	20260801-175311
pont	216.3	298.0	377.9	79.4	367.2	387.6	473.9	0		134	20260801-175311
lsyl	88.5	238.6	344.2	0.0	0.0	0.0	0.0	0		135	20260801-175311
hz.z	106.9	261.9	367.2	0.0	0.0	0.0	0.0	0		136	20260801-175311
neb.	64.3	293.4	366.1	87.2	154.6	357.7	478.4	0		137	20260801-175311
qdaw	270.8	565.3	822.5	114.3	387.8	658.2	904.1	0		138	20260801-175311
y.yo	207.1	438.1	526.5	0.0	0.0	0.0	0.0	0		139	20260801-175311
nzia	107.1	207.9	381.1	91.2	216.1	298.7	487.8	0		140	20260801-175311
jvub	130.5	219.4	372.9	99.6	235.1	316.8	462.5	0		141	20260801-175311
kjmy	59.7	244.7	414.7	114.9	133.8	315.6	487.1	0		142	20260801-175311
fbhp	202.6	266.9	362.4	77.5	302.6	372.0	499.7	0		143	20260801-175311
nma.	169.1	334.9	507.4	65.1	258.9	443.3	615.1	0		144	20260801-175311
sqfm	76.3	307.1	379.1	165.8	208.2	416.8	472.3	0		145	20260801-175311
uesh	83.1	276.0	329.7	127.2	144.3	370.9	435.2	0		146	20260801-175311
cbdt	48.5	287.4	484.7	123.9	148.6	364.9	570.1	0		147	20260801-175311
smix	68.4	154.6	315.4	108.6	252.7	244.6	425.5	0		148	20260801-175311
;rz.	99.9	186.0	351.7	95.9	248.6	337.3	463.0	0		149	20260801-175311
mwwq	109.2	261.0	478.0	0.0	0.0	0.0	0.0	0		150	20260801-175311
bwv;	50.5	290.3	397.9	129.4	158.4	401.7	508.4	0		151	20260801-175311
/ubv	131.2	606.1	837.8	156.6	243.6	638.1	975.4	0		152	20260801-175311
emd.	90.8	214.8	274.3	70.8	180.4	314.8	406.3	0		153	20260801-175311
coh;	129.4	213.7	436.9	109.4	254.4	323.2	550.8	0		154	20260801-175311
ppvm	170.0	349.2	473.3	0.0	0.0	0.0	0.0	0		155	20260801-175311
movu	93.9	149.1	301.3	152.7	190.1	284.3	412.5	0		156	20260801-175311
uhvw	222.2	526.3	0.0	104.5	334.7	0.0	0.0	1	uhw	157	20260801-175311
jlbv	72.8	236.4	424.7	136.5	220.9	329.7	526.4	0		158	20260801-175311
wips	82.5	164.8	339.2	94.6	252.6	312.2	438.0	0		159	20260801-175311
m.gx	85.8	298.8	461.6	188.3	210.1	409.7	561.7	0		160	20260801-175311
oye;	81.2	193.8	301.2	192.1	195.3	237.7	410.5	0		161	20260801-175311
ajio	101.8	190.9	281.3	119.6	263.1	338.0	406.6	0		162	20260801-175311
/y.k	246.8	377.8	625.4	119.9	409.8	486.4	0.0	1	/y.l	163	20260801-175311
uemc	95.5	280.5	386.6	104.2	173.5	388.2	479.2	0		164	20260801-175311
vsjq	76.9	197.8	356.1	155.4	172.0	301.4	453.3	0		165	20260801-175311
moii	119.0	177.8	357.9	0.0	0.0	0.0	0.0	0		166	20260801-175311
ardi	109.5	274.2	318.3	143.8	169.4	352.9	428.0	0		167	20260801-175311
jgoh	160.8	236.4	356.0	124.3	252.1	374.6	462.6	0		168	20260801-175311
kadq	56.2	279.8	380.0	120.3	183.3	424.4	523.9	0		169	20260801-175311
.sms	101.8	258.6	405.8	0.0	0.0	0.0	0.0	0		170	20260801-175311
it;q	102.4	244.2	445.8	106.2	197.4	346.2	550.0	0		171	20260801-175311
qsvt	217.7	452.1	698.3	129.6	321.7	558.4	777.6	0		172	20260801-175311
paok	88.4	229.9	499.3	81.9	205.4	318.7	584.4	0		173	20260801-175311
ccbk	140.8	378.4	517.7	0.0	0.0	0.0	0.0	0		174	20260801-175311
ufqb	116.5	202.4	457.5	109.4	269.4	331.3	556.7	0		175	20260801-175311
neiv	101.4	212.4	329.2	106.3	185.3	300.2	446.9	0		176	20260801-175311
dads	98.7	305.8	535.7	0.0	0.0	0.0	0.0	0		177	20260801-175311
vtvl	248.2	469.8	574.0	0.0	0.0	0.0	0.0	0		178	20260801-175311
i;i;	87.1	338.8	435.8	0.0	0.0	0.0	0.0	0		1	20260801-181004
,bw.	153.4	215.9	318.2	126.8	248.6	307.1	442.0	0		2	20260801-181004
s;l,	86.0	430.1	667.7	100.8	186.5	527.8	0.0	1	s;l.	3	20260801-181004
.m,s	103.2	333.4	472.7	195.5	260.1	447.5	570.4	0		4	20260801-181004
hz;o	110.0	241.2	490.4	121.0	244.7	374.7	604.5	0		5	20260801-181004
zi,w	133.6	367.9	473.8	142.1	211.9	471.7	566.0	0		6	20260801-181004
k./;	36.5	316.5	667.0	185.2	189.1	451.4	779.4	0		7	20260801-181004
,r/p	147.1	278.6	539.9	154.3	222.5	376.4	627.9	0		8	20260801-181004
j/q,	106.5	369.3	538.5	228.5	251.8	486.7	641.0	0		9	20260801-181004
;x.t	132.1	259.7	377.1	110.7	227.9	373.4	461.9	0		10	20260801-181004
.h.v	47.4	280.1	482.8	0.0	0.0	0.0	0.0	0		11	20260801-181004
,h.d	65.1	298.4	489.5	129.8	177.8	429.7	565.0	0		12	20260801-181004
.r.z	94.6	249.8	446.6	0.0	0.0	0.0	0.0	0		13	20260801-181004
ep/c	98.7	349.0	363.4	103.8	177.9	0.0	0.0	1	ep/;	14	20260801-181004
igz.	118.5	242.1	414.8	133.2	273.4	371.3	579.1	0		15	20260801-181004
lr.l	87.9	240.9	433.3	0.0	0.0	0.0	0.0	0		16	20260801-181004
dr/a	53.7	179.4	345.2	137.1	148.1	295.1	493.1	0		17	20260801-181004
u.rh	68.9	254.8	397.9	183.9	235.7	344.3	496.6	0		18	20260801-181004
p,iq	214.8	424.1	515.0	96.5	320.4	521.5	615.3	0		19	20260801-181004
za/n	364.8	473.9	742.2	218.2	451.0	586.9	0.0	1	za/.	20	20260801-181004
a;,w	80.8	275.8	391.0	126.4	159.4	396.4	465.6	0		21	20260801-181004
aiz/	89.7	245.8	367.6	97.1	171.5	364.9	482.3	0		22	20260801-181004
yzr,	103.3	317.7	402.5	85.6	212.2	406.7	499.4	0		23	20260801-181004
bns,	122.9	190.6	322.3	91.5	184.7	285.5	409.5	0		24	20260801-181004
o/mb	204.4	465.1	667.8	70.1	313.4	572.7	739.0	0		25	20260801-181004
r/ay	66.7	204.3	315.8	86.3	185.8	321.9	396.4	0		26	20260801-181004
j/r,	110.4	249.2	347.4	208.1	253.5	336.4	471.1	0		27	20260801-181004
m;f/	87.3	189.1	343.2	178.3	197.0	322.4	440.9	0		28	20260801-181004
dnzr	113.7	256.5	399.3	76.7	220.0	408.6	506.0	0		29	20260801-181004
k/g,	68.3	271.1	383.0	190.0	217.5	375.5	484.3	0		30	20260801-181004
p;;f	252.6	421.9	532.7	0.0	0.0	0.0	0.0	0		31	20260801-181004
tk,s	113.7	320.9	381.2	92.6	192.6	415.0	477.6	0		32	20260801-181004
dv,r	31.3	172.9	285.8	87.5	158.4	278.2	371.8	0		33	20260801-181004
gcff	87.2	331.7	503.6	0.0	0.0	0.0	0.0	0		34	20260801-181004
g;vo	54.2	273.6	366.0	88.4	151.4	373.3	465.6	0		35	20260801-181004
x/w;	105.7	266.7	413.6	102.3	225.1	366.6	515.1	0		36	20260801-181004
v.ve	77.7	245.4	403.6	0.0	0.0	0.0	0.0	0		37	20260801-181004
h/co	51.6	208.1	317.7	199.7	203.8	292.3	410.1	0		38	20260801-181004
jf.w	160.1	262.5	365.6	97.6	234.7	371.5	462.7	0		39	20260801-181004
.zj/	113.9	244.6	357.1	120.8	227.3	410.9	505.5	0		40	20260801-181004
c,z/	109.9	238.5	320.5	92.8	200.1	345.2	422.4	0		41	20260801-181004
zls;	120.6	249.9	340.2	117.0	219.5	353.7	443.9	0		42	20260801-181004
i/q;	185.8	275.4	473.9	241.3	294.4	382.4	588.5	0		43	20260801-181004
f;hf	99.8	308.4	476.3	0.0	0.0	0.0	0.0	0		44	20260801-181004
qjxp	61.4	240.9	314.7	91.3	148.6	355.9	405.3	0		46	20260801-181004
hshx	72.1	204.5	314.8	0.0	0.0	0.0	0.0	0		47	20260801-181004
rjte	87.3	207.3	315.9	84.2	170.9	360.9	414.3	0		48	20260801-181004
w,li	100.9	331.2	376.8	98.4	177.4	473.1	540.9	0		49	20260801-181004
d,pj	68.7	285.8	447.8	94.7	168.0	402.7	548.9	0		50	20260801-181004
cu..	88.9	282.3	454.6	0.0	0.0	0.0	0.0	0		51	20260801-181004
t.j.	93.6	259.0	391.9	0.0	0.0	0.0	0.0	0		52	20260801-181004
k/pr	65.3	329.8	438.3	154.3	197.8	419.6	523.1	0		53	20260801-181004
/bo.	133.9	239.8	465.5	97.0	229.9	309.0	579.0	0		54	20260801-181004
h;j;	90.3	311.3	407.0	0.0	0.0	0.0	0.0	0		55	20260801-181004
ceav	273.4	327.9	605.2	95.8	431.9	485.7	721.6	0		56	20260801-181004
rx/s	119.9	375.9	548.7	176.9	260.4	492.9	648.9	0		57	20260801-181004
v,;q	55.5	243.3	387.3	106.4	169.6	362.3	480.9	0		58	20260801-181004
gq.q	72.3	219.7	325.0	0.0	0.0	0.0	0.0	0		59	20260801-181004
j,qk	90.4	218.7	320.6	181.9	197.4	331.1	415.1	0		60	20260801-181004
dzis	55.3	219.6	349.2	111.7	215.1	308.0	440.2	0		61	20260801-181004
oyw,	53.2	196.7	344.0	138.8	145.6	300.9	439.0	0		62	20260801-181004
i.a.	134.1	149.6	0.0	0.0	0.0	0.0	0.0	1	i.l	63	20260801-181004
y.b,	106.8	302.1	582.7	209.1	256.7	427.4	690.7	0		64	20260801-181004
exbt	200.8	368.3	596.8	79.5	291.2	468.9	681.1	0		65	20260801-181004
se/z	108.2	291.2	425.5	184.4	215.1	420.5	548.6	0		66	20260801-181004
;d;l	112.9	247.7	509.6	0.0	0.0	0.0	0.0	0		67	20260801-181004
p;z/	207.7	363.4	456.9	107.2	318.1	490.0	550.4	0		68	20260801-181004
x;a,	93.8	260.2	437.6	97.5	189.1	357.5	521.8	0		69	20260801-181004
u,.d	151.1	433.6	563.3	304.5	296.3	558.2	659.1	0		70	20260801-181004
dbd/	36.7	251.5	317.6	0.0	0.0	0.0	0.0	0		71	20260801-181004
j.o,	90.6	303.6	583.3	179.2	182.5	395.9	681.3	0		72	20260801-181004
uq,t	75.0	225.8	306.1	106.1	175.8	338.0	386.2	0		73	20260801-181004
lv;c	94.7	251.2	420.0	128.0	224.0	356.3	511.8	0		74	20260801-181004
rtxo	194.5	434.2	541.7	96.3	289.2	536.8	640.4	0		75	20260801-181004
i;pv	52.7	394.5	464.3	206.2	214.3	467.7	579.0	0		76	20260801-181004
if.u	106.2	251.1	398.9	101.2	204.9	367.3	506.7	0		77	20260801-181004
my,v	193.9	393.5	615.7	76.4	279.9	508.2	738.8	0		78	20260801-181004
;u,m	86.5	352.4	628.2	163.2	195.4	453.3	737.1	0		79	20260801-181004
wsi,	205.4	308.8	535.3	68.9	304.9	379.8	650.4	0		80	20260801-181004
i,k,	246.3	418.8	593.8	0.0	0.0	0.0	0.0	0		81	20260801-181004
bn/f	112.9	270.2	398.7	90.8	256.9	396.4	501.2	0		82	20260801-181004
q/hd	69.8	246.8	290.6	112.0	188.2	345.0	381.0	0		83	20260801-181004
o;j,	214.0	373.9	601.8	98.3	307.6	499.4	725.5	0		84	20260801-181004
egi/	140.3	232.1	419.3	134.1	228.9	334.7	510.0	0		85	20260801-181004
l,c,	223.8	520.3	657.5	0.0	0.0	0.0	0.0	0		86	20260801-181004
s/ql	115.4	442.0	520.9	113.4	218.6	558.8	620.2	0		87	20260801-181004
h.op	82.7	441.5	574.1	201.3	247.7	655.3	729.3	0		88	20260801-181004
p;sf	187.5	336.9	469.7	85.1	302.2	491.1	578.7	0		89	20260801-181004
jtac	106.6	206.6	467.4	103.9	199.1	346.4	552.9	0		90	20260801-181004
.qv/	83.3	210.0	343.1	116.4	224.7	349.0	467.3	0		91	20260801-181004
y;gb	60.8	250.2	424.9	174.8	247.5	300.6	520.7	0		92	20260801-181004
c,o;	81.3	307.9	505.4	119.4	187.7	389.3	618.6	0		93	20260801-181004
slai	89.8	220.1	304.5	82.5	179.2	316.4	395.7	0		94	20260801-181004
mm.k	144.6	348.2	606.2	0.0	0.0	0.0	0.0	0		95	20260801-181004
io,t	37.9	339.3	463.8	153.5	188.3	465.5	543.3	0		96	20260801-181004
c,qa	124.6	265.6	510.7	98.7	232.4	386.0	625.1	0		97	20260801-181004
/nk,	264.7	381.1	629.5	180.7	437.0	484.0	740.5	0		98	20260801-181004
dd/x	158.2	273.9	421.3	0.0	0.0	0.0	0.0	0		99	20260801-181004
e/ff	115.2	395.9	0.0	96.4	244.5	0.0	0.0	1	e/k	100	20260801-181004
ew/y	74.8	194.0	416.6	139.7	252.1	328.5	512.4	0		101	20260801-181004
x.pv	60.7	292.4	307.7	127.8	164.9	381.7	441.3	0		102	20260801-181004
jwdr	82.2	276.5	384.8	104.1	217.2	478.8	522.9	0		103	20260801-181004
aui;	131.9	139.6	407.6	91.6	179.6	306.3	533.4	0		104	20260801-181004
gu/y	61.4	260.0	470.6	124.3	198.4	395.6	556.5	0		105	20260801-181004
ou/i	122.0	350.6	520.1	193.2	242.4	478.1	632.5	0		106	20260801-181004
l;t,	207.9	398.0	542.8	117.5	319.4	501.6	645.9	0		107	20260801-181004
to/k	61.4	312.9	479.9	112.6	170.0	432.3	594.1	0		108	20260801-181004
.nys	152.5	342.0	529.1	149.0	231.2	433.4	629.7	0		109	20260801-181004
gjhl	66.3	235.8	337.8	89.3	146.4	356.5	472.0	0		110	20260801-181004
c/o/	68.1	294.0	0.0	101.2	176.6	0.0	0.0	1	c/i	111	20260801-181004
ynjb	201.3	374.9	529.6	76.9	283.0	479.9	620.4	0		112	20260801-181004
q,k.	105.9	292.2	487.9	116.4	177.1	385.5	584.0	0		113	20260801-181004
i.u;	225.2	412.8	632.8	102.7	325.0	508.3	741.4	0		114	20260801-181004
fkb,	126.2	301.6	492.6	90.0	224.6	391.7	584.5	0		115	20260801-181004
zc/v	93.8	271.7	420.7	151.6	225.5	393.0	542.8	0		116	20260801-181004
ux.d	119.3	256.1	413.7	105.8	232.5	392.5	495.6	0		117	20260801-181004
uu;v	143.1	314.7	470.2	0.0	0.0	0.0	0.0	0		118	20260801-181004
v;xf	85.1	240.0	352.2	109.7	182.7	423.8	469.0	0		119	20260801-181004
k.s/	99.5	248.9	356.7	186.7	226.6	369.4	458.3	0		120	20260801-181004
ce,r	205.1	306.2	420.3	96.4	285.2	409.2	506.6	0		121	20260801-181004
g/,c	78.1	291.0	431.4	95.0	180.5	398.6	534.8	0		122	20260801-181004
.n/x	33.0	325.7	673.7	124.4	137.6	449.9	778.5	0		123	20260801-181004
uctd	98.5	312.5	433.7	107.9	210.9	467.9	584.7	0		124	20260801-181004
x,g/	106.2	228.9	409.6	98.6	231.5	329.5	458.5	0		125	20260801-181004
/hoa	137.9	305.4	614.1	121.9	234.3	401.9	718.5	0		126	20260801-181004
e/ze	149.4	269.9	409.4	0.0	0.0	0.0	0.0	0		127	20260801-181004
ei.j	60.3	309.4	626.9	94.3	162.2	383.5	752.0	0		128	20260801-181004
v/w/	96.0	302.1	390.8	0.0	0.0	0.0	0.0	0		129	20260801-181004
n.g;	94.9	350.9	515.7	187.7	282.4	463.5	618.1	0		130	20260801-181004
w;o.	73.1	275.6	509.5	118.8	177.0	373.2	611.4	0		131	20260801-181004
ox;x	97.0	253.9	686.7	0.0	0.0	0.0	0.0	0		132	20260801-181004
ty.v	85.5	270.1	428.0	110.6	167.6	395.6	531.1	0		133	20260801-181004
.chy	166.0	240.8	408.7	132.5	261.2	322.5	503.1	0		134	20260801-181004
;..t	271.6	402.4	545.4	0.0	0.0	0.0	0.0	0		135	20260801-181004
jgm.	106.2	260.8	512.9	110.4	218.2	395.1	633.2	0		136	20260801-181004
f.,,	221.2	463.7	624.8	0.0	0.0	0.0	0.0	0		137	20260801-181004
o,s.	261.8	378.1	701.9	110.5	361.3	472.7	819.0	0		138	20260801-181004
a;w,	97.4	246.6	358.8	113.6	194.1	341.3	451.5	0		139	20260801-181004
cwcr	117.9	386.5	495.4	0.0	0.0	0.0	0.0	0		140	20260801-181004
ks;u	98.5	254.7	461.3	127.3	199.0	372.7	573.4	0		141	20260801-181004
ch.u	72.5	229.6	349.3	108.6	158.9	384.3	0.0	0		142	20260801-181004
cvm/	27.2	187.9	335.0	137.8	179.0	376.0	474.3	0		143	20260801-181004
euc.	73.6	257.2	339.0	90.0	162.0	364.0	432.7	0		144	20260801-181004
sg/u	96.1	146.7	226.4	121.1	198.4	291.0	328.5	0		145	20260801-181004
i/ti	80.8	221.3	312.6	0.0	0.0	0.0	0.0	0		146	20260801-181004
s/xh	87.2	223.3	317.2	96.9	212.1	331.4	406.0	0		147	20260801-181004
mtr.	51.5	249.5	330.5	124.8	149.0	334.1	456.5	0		148	20260801-181004
n/da	107.6	299.1	450.2	194.5	225.7	454.9	476.9	0		149	20260801-181004
h.io	70.7	316.0	424.1	163.1	209.6	516.8	545.7	0		150	20260801-181004
n./f	199.5	404.4	584.3	109.5	288.4	516.8	661.0	0		151	20260801-181004
lyn.	50.6	334.1	451.9	125.9	160.3	429.2	583.5	0		152	20260801-181004
p,ic	136.2	0.0	0.0	109.5	0.0	0.0	0.0	1	pc	153	20260801-181004
v.b;	125.7	299.7	446.9	124.2	282.7	413.3	555.1	0		154	20260801-181004
ve.c	85.8	223.4	369.4	161.7	183.1	340.1	475.6	0		155	20260801-181004
htxk	108.7	287.9	373.6	114.5	184.0	393.2	463.4	0		156	20260801-181004
w;;v	239.0	397.0	576.1	0.0	0.0	0.0	0.0	0		157	20260801-181004
vnxp	73.8	208.4	288.2	87.4	170.7	314.9	389.2	0		158	20260801-181004
ia/t	108.7	205.9	327.2	104.3	204.2	330.0	413.4	0		159	20260801-181004
bh;z	52.0	201.4	309.1	99.7	147.6	315.6	427.1	0		160	20260801-181004
aey/	75.7	162.8	267.1	152.8	216.7	322.8	368.4	0		161	20260801-181004
;y,,	113.3	343.9	502.0	0.0	0.0	0.0	0.0	0		162	20260801-181004
l;lk	104.6	529.0	619.8	0.0	0.0	0.0	0.0	0		163	20260801-181004
q;p.	76.5	284.2	517.4	116.5	171.5	369.2	615.3	0		164	20260801-181004
iqr,	72.6	192.1	311.9	87.2	219.4	304.3	416.9	0		165	20260801-181004
noe;	64.2	178.7	314.4	153.3	165.4	269.4	419.3	0		166	20260801-181004
;ik;	284.5	471.0	0.0	119.3	0.0	0.0	0.0	1	;il	167	20260801-181004
pik;	66.0	370.5	503.8	109.7	214.4	561.1	627.6	0		168	20260801-181004
jze;	67.8	268.5	331.2	101.1	175.9	344.9	452.9	0		169	20260801-181004
g.lo	38.6	301.3	460.4	120.1	159.6	373.8	572.6	0		170	20260801-181004
u/m;	97.5	373.2	510.4	194.1	251.8	527.7	645.1	0		171	20260801-181004
xh/k	80.6	362.3	600.1	117.0	176.0	475.6	699.9	0		172	20260801-181004
ag/m	81.3	146.8	307.1	145.2	198.4	258.4	421.0	0		173	20260801-181004
q;i,	111.3	270.8	499.9	129.6	189.2	363.9	595.1	0		174	20260801-181004
buag	65.3	202.5	383.9	68.6	151.0	319.9	478.3	0		175	20260801-181004
wz,e	233.3	391.1	496.4	114.4	365.5	493.3	568.3	0		176	20260801-181004
.c;e	97.9	266.5	363.2	141.5	185.3	374.9	438.6	0		177	20260801-181004
mn/e	166.5	372.8	428.6	74.1	254.9	467.4	509.6	0		178	20260801-181004
g,,.	163.2	306.3	502.4	0.0	0.0	0.0	0.0	0		179	20260801-181004
h;n,	55.9	298.9	997.6	141.9	189.9	398.7	1061.6	0		180	20260801-181004
nr;w	163.6	279.7	365.6	165.3	252.7	394.0	508.1	0		181	20260801-181004
wb,n	90.3	196.8	377.3	122.9	188.0	282.2	482.8	0		182	20260801-181004
t/em	64.0	159.7	251.1	92.7	169.3	243.8	358.0	0		183	20260801-181004
.oyq	296.7	355.9	766.0	115.1	436.0	497.8	900.4	0		184	20260801-181004
g;;h	180.4	314.7	543.2	0.0	0.0	0.0	0.0	0		185	20260801-181004
v,,a	184.7	322.1	454.4	0.0	0.0	0.0	0.0	0		186	20260801-181004
sfpd	79.1	219.9	317.0	157.2	199.5	314.3	417.4	0		187	20260801-181004
n.;.	94.3	386.0	0.0	175.2	239.6	0.0	0.0	1	n.l	188	20260801-181004
k;eg	89.5	204.4	326.5	153.7	208.3	367.1	443.0	0		189	20260801-181004
qxn;	234.0	306.6	433.8	114.5	345.7	496.3	549.7	0		190	20260801-181004
n,/k	0.0	0.0	0.0	0.0	0.0	0.0	0.0	1	,	191	20260801-181004
ru;d	71.5	150.7	265.0	86.2	219.8	273.9	359.7	0		192	20260801-181004
y;;c	48.7	333.1	650.4	0.0	0.0	0.0	0.0	0		193	20260801-181004
q;tt	101.5	224.5	380.5	0.0	0.0	0.0	0.0	0		194	20260801-181004
nt.r	87.3	223.5	318.8	89.0	184.6	341.6	418.6	0		195	20260801-181004
r/.m	52.9	295.6	404.0	101.4	153.9	463.5	564.6	0		196	20260801-181004
pa.x	76.9	264.2	326.6	92.3	190.4	375.2	432.5	0		197	20260801-181004
sx;f	205.7	284.4	392.6	106.3	305.2	390.5	500.8	0		198	20260801-181004
.pg.	205.2	309.6	478.4	0.0	0.0	0.0	0.0	0		199	20260801-181004
ai;r	92.8	285.0	383.0	127.7	214.5	392.6	478.2	0		200	20260801-181004
n/l/	73.6	518.6	743.5	0.0	0.0	0.0	0.0	0		201	20260801-181004
p;bj	201.1	380.4	477.7	87.4	321.8	481.9	568.2	0		202	20260801-181004
h/qg	41.8	385.4	493.6	189.5	210.2	542.6	612.3	0		203	20260801-181004
;htp	107.5	326.6	408.5	166.1	230.5	423.5	514.0	0		204	20260801-181004
h.,q	78.5	326.7	501.2	177.2	254.9	429.9	614.8	0		205	20260801-181004
z;m,	89.1	394.6	0.0	132.7	205.0	0.0	0.0	1	z;,	206	20260801-181004
v..r	150.4	286.9	445.3	0.0	0.0	0.0	0.0	0		207	20260801-181004
o/bo	211.4	376.8	457.8	0.0	0.0	0.0	0.0	0		208	20260801-181004
jlc;	43.3	228.1	302.6	167.7	156.1	321.1	407.9	0		209	20260801-181004
vytw	77.4	267.2	334.1	101.9	165.3	401.6	512.6	0		210	20260801-181004
x/a;	117.3	272.6	415.3	105.4	228.3	369.6	530.2	0		211	20260801-181004
kryu	79.2	267.7	423.8	93.0	187.2	351.0	544.3	0		212	20260801-181004
l,fa	238.5	327.0	418.5	100.4	315.7	490.5	534.1	0		213	20260801-181004
q..v	178.5	332.1	440.1	0.0	0.0	0.0	0.0	0		214	20260801-181004
/o;z	307.3	581.2	963.3	127.5	417.3	727.1	1136.0	0		215	20260801-181004
b.k/	101.6	385.5	704.6	95.6	211.7	492.9	815.3	0		216	20260801-181004
t;/f	91.5	324.2	0.0	117.7	206.5	0.0	0.0	1	t;.	217	20260801-181004
ddd.	201.0	391.0	590.0	0.0	0.0	0.0	0.0	0		218	20260801-181004
vtv,	242.3	458.3	658.2	0.0	0.0	0.0	0.0	0		219	20260801-181004
s,y/	113.3	342.5	469.0	101.3	219.8	0.0	0.0	1	s,y;	220	20260801-181004
ko;b	53.5	325.7	459.1	189.4	186.9	439.1	547.8	0		221	20260801-181004
v;u/	88.1	237.2	418.2	127.9	189.4	385.9	581.1	0		222	20260801-181004
sk.;	194.7	496.8	720.1	106.3	326.9	582.8	810.7	0		223	20260801-181004
gqqp	302.2	491.9	608.2	0.0	0.0	0.0	0.0	0		224	20260801-181004
w.tb	102.9	248.3	477.6	109.4	231.4	345.6	577.2	0		225	20260801-181004
p/,q	238.3	491.0	591.0	86.6	329.8	615.8	687.7	0		226	20260801-181004
e,b;	131.5	389.4	492.3	120.2	266.5	488.7	596.3	0		227	20260801-181004
.zof	199.0	347.2	427.1	141.1	348.9	409.3	545.4	0		228	20260801-181004
/j,s	103.9	329.6	450.9	184.9	234.8	462.5	547.6	0		229	20260801-181004
ntdw	97.2	343.9	433.8	110.6	193.1	469.0	577.6	0		230	20260801-181004
nxda	73.4	322.0	424.6	87.1	160.6	462.2	606.0	0		231	20260801-181004
eqf,	43.4	286.4	345.1	108.4	174.8	401.3	454.8	0		232	20260801-181004
.a,w	83.6	267.2	361.6	0.0	0.0	0.0	0.0	1	.a,a	233	20260801-181004
hxi,	104.2	391.5	705.8	112.6	210.3	501.1	795.2	0		234	20260801-181004
e/b,	92.7	272.4	351.3	96.1	203.6	378.6	474.9	0		235	20260801-181004
wldt	104.1	289.4	459.7	97.7	213.6	461.6	575.0	0		236	20260801-181004
uspc	119.1	197.9	342.7	121.2	188.2	298.1	462.8	0		237	20260801-181004
ea.e	41.2	205.7	306.5	0.0	0.0	0.0	0.0	0		238	20260801-181004
m/t/	80.4	230.8	314.7	0.0	0.0	0.0	0.0	0		239	20260801-181004
e,bd	102.8	318.5	419.8	97.1	219.7	476.0	513.7	0		240	20260801-181004
nzyi	96.5	261.7	360.6	89.6	215.3	448.0	471.5	0		241	20260801-181004
rdw/	80.9	248.1	428.0	156.9	175.8	373.9	548.3	0		243	20260801-181004
r.cv	85.1	338.6	399.6	101.6	213.2	455.4	530.0	0		244	20260801-181004
l.st	264.2	404.1	574.8	84.9	366.0	546.8	672.6	0		245	20260801-181004
l/m.	192.1	414.1	579.5	81.8	289.7	538.8	696.7	0		246	20260801-181004
d/s,	104.7	235.9	317.7	82.6	200.2	340.1	412.9	0		247	20260801-181004
kv/w	70.5	291.9	511.0	84.4	208.5	398.1	600.1	0		248	20260801-181004
cup.	71.6	202.7	487.1	102.4	170.2	306.2	607.1	0		249	20260801-181004
w.g,	61.9	231.6	339.8	117.5	181.5	335.0	445.8	0		250	20260801-181004
n;cf	58.6	260.7	366.6	180.2	203.9	442.9	512.5	0		251	20260801-181004
ij.f	35.6	316.8	448.8	176.2	165.3	453.6	557.7	0		252	20260801-181004
ixr.	112.3	251.9	354.3	114.7	223.8	352.3	502.7	0		253	20260801-181004
sj,j	101.8	279.4	0.0	111.8	196.3	0.0	0.0	1	sj.	254	20260801-181004
l,hw	228.0	413.3	475.0	120.5	319.0	519.8	562.8	0		255	20260801-181004
nwog	96.0	359.0	465.6	77.6	194.4	446.4	551.4	0		256	20260801-181004
c.dv	92.0	275.4	327.3	86.9	199.7	384.8	466.5	0		257	20260801-181004
gj..	83.1	256.4	401.5	0.0	0.0	0.0	0.0	0		258	20260801-181004
x.m,	81.5	598.3	680.5	113.7	190.8	765.4	829.3	0		259	20260801-181004
esyt	65.7	199.6	303.0	140.0	190.8	297.2	434.3	0		260	20260801-181004
,kt.	205.7	306.0	474.5	94.3	301.4	400.1	612.8	0		261	20260801-181004
m/gl	83.3	254.3	357.3	205.1	219.1	355.1	474.6	0		262	20260801-181004
r,l/	66.5	380.1	644.5	114.7	197.0	465.2	746.8	0		263	20260801-181004
z;sa	73.0	302.7	336.6	115.2	157.7	427.4	497.5	0		264	20260801-181004
kzgs	78.9	403.0	503.0	110.1	224.3	565.8	632.4	0		265	20260801-181004
yg,t	73.8	253.0	349.4	130.0	180.5	358.7	433.7	0		266	20260801-181004
u.p.	60.8	348.2	578.8	0.0	0.0	0.0	0.0	0		267	20260801-181004
dwbt	37.0	591.2	839.1	108.7	156.8	675.3	926.4	0		268	20260801-181004
y.bb	65.4	195.5	376.1	0.0	0.0	0.0	0.0	0		269	20260801-181004
by;w	44.9	158.5	294.5	79.2	146.5	301.3	392.4	0		270	20260801-181004
y,;;	103.6	372.8	552.7	0.0	0.0	0.0	0.0	0		271	20260801-181004
j;n.	55.7	362.5	537.7	179.8	212.1	522.9	0.0	1	j;nl	272	20260801-181004
k/z,	61.9	223.9	343.1	149.0	213.5	348.2	443.8	0		273	20260801-181004
tf.n	208.6	307.6	523.9	89.1	305.7	405.6	621.8	0		274	20260801-181004
sx/r	191.2	355.2	562.9	80.1	291.4	458.8	653.5	0		275	20260801-181004
c.pa	80.2	282.7	318.7	108.0	162.3	384.0	424.1	0		276	20260801-181004
wp/v	68.4	288.2	421.2	113.4	151.2	392.5	534.7	0		277	20260801-181004
/l;h	220.0	523.1	828.1	109.6	339.2	610.6	919.5	0		278	20260801-181004
c.b/	88.4	230.1	323.0	94.2	160.5	328.0	423.1	0		279	20260801-181004
d.ml	48.7	322.8	423.3	115.4	186.9	505.7	525.8	0		280	20260801-181004
ele,	129.9	247.1	429.3	0.0	0.0	0.0	0.0	0		281	20260801-181004
,fxa	126.7	466.3	774.8	124.0	259.9	592.1	966.2	0		282	20260801-181004
a.fu	86.1	190.0	308.6	106.6	185.3	312.5	402.6	0		283	20260801-181004
w;sz	85.3	374.6	583.3	87.1	186.8	473.4	720.2	0		284	20260801-181004
foi/	136.0	190.9	622.3	119.1	273.9	382.5	719.3	0		285	20260801-181004
hm,g	236.7	480.6	705.2	91.4	309.4	587.6	804.5	0		286	20260801-181004
pl.y	219.0	467.4	633.4	89.0	290.2	638.0	730.5	0		287	20260801-181004
nqef	90.4	303.0	335.8	106.2	223.6	436.6	513.4	0		288	20260801-181004
;udy	69.8	154.1	236.5	132.7	144.6	239.9	323.3	0		289	20260801-181004
hhv/	130.9	281.5	388.1	0.0	0.0	0.0	0.0	0		290	20260801-181004
m;jg	193.6	0.0	0.0	0.0	0.0	0.0	0.0	1	mm	291	20260801-181004
i/,k	84.9	341.9	555.3	157.1	212.9	422.9	613.0	0		292	20260801-181004
vzf,	60.9	289.8	405.9	158.5	185.6	391.0	509.1	0		293	20260801-181004
rsgn	72.0	251.6	307.9	119.8	175.4	364.6	394.1	0		294	20260801-181004
d,ay	144.3	211.4	339.6	99.4	230.3	324.5	431.5	0		295	20260801-181004
zxlj	60.8	134.4	201.9	161.7	164.9	278.0	323.7	0		296	20260801-181004
gh,/	21.8	259.6	520.0	116.9	176.7	418.9	582.0	0		297	20260801-181004
mh/l	194.0	408.7	652.1	98.3	306.6	525.2	749.8	0		298	20260801-181004
k,/h	207.6	406.7	594.3	127.6	335.9	540.7	0.0	0		299	20260801-181004
dy/;	53.1	255.1	533.5	114.5	164.4	375.2	644.0	0		300	20260801-181004
dcje	210.1	338.9	441.5	80.8	287.8	443.5	514.2	0		301	20260801-181004
ycdl	106.3	271.5	345.2	108.1	178.5	368.8	450.6	0		302	20260801-181004
.m/g	70.0	288.4	619.0	144.8	186.2	398.8	709.3	0		303	20260801-181004
xg,n	94.6	211.1	392.5	138.1	203.0	299.9	491.0	0		304	20260801-181004
x,p;	99.1	316.5	519.4	119.9	202.6	405.9	634.9	0		305	20260801-181004
r.mh	84.8	324.3	0.0	104.1	230.3	0.0	0.0	1	r.h	306	20260801-181004
y,o.	130.9	368.4	631.2	147.1	256.6	485.7	718.7	0		307	20260801-181004
kkdq	114.2	264.6	397.0	0.0	0.0	0.0	0.0	0		308	20260801-181004
m/f/	61.7	229.0	321.6	0.0	0.0	0.0	0.0	0		309	20260801-181004
ezry	206.0	369.5	425.2	77.6	303.2	462.1	507.0	0		310	20260801-181004
rl.z	78.7	289.3	365.5	98.8	161.3	393.8	505.6	0		311	20260801-181004
lv;f	77.0	229.2	316.2	102.0	191.2	327.0	408.1	0		312	20260801-181004
h,qu	127.6	262.0	346.8	200.0	227.8	369.7	454.8	0		313	20260801-181004
nbhg	50.9	249.9	0.0	100.2	137.5	0.0	0.0	1	nbg	314	20260801-181004
,;x;	88.7	417.7	468.9	0.0	0.0	0.0	0.0	0		315	20260801-181004
a/fp	88.4	199.1	339.8	90.1	188.1	300.3	425.8	0		316	20260801-181004
l/k/	214.5	473.3	616.9	0.0	0.0	0.0	0.0	0		317	20260801-181004
jtpv	86.3	220.6	336.7	119.8	176.4	313.3	461.1	0		318	20260801-181004
dhi,	137.9	258.2	550.1	133.9	184.5	392.2	638.1	0		319	20260801-181004
tiwn	151.5	203.7	385.9	80.3	226.9	302.4	488.3	0		1	20260801-204014
p/fh	217.9	345.4	431.9	77.4	321.6	437.4	533.8	0		2	20260801-204014
q/ut	78.8	244.4	362.4	134.8	196.8	367.6	444.7	0		3	20260801-204014
i/g.	220.8	359.2	511.8	114.9	314.7	458.9	635.1	0		4	20260801-204014
ue/d	104.6	241.9	418.3	111.7	199.4	373.4	503.4	0		5	20260801-204014
zq.q	241.1	292.8	459.3	0.0	0.0	0.0	0.0	0		6	20260801-204014
qgij	41.8	167.5	242.4	147.1	179.9	309.6	348.5	0		7	20260801-204014
cq.v	91.0	195.6	380.9	152.3	214.4	326.6	517.0	0		8	20260801-204014
w,xi	93.9	308.3	393.7	113.4	199.3	437.6	477.9	0		9	20260801-204014
dehk	166.9	348.8	459.4	70.4	264.4	514.6	575.4	0		10	20260801-204014
.o/t	229.4	452.8	574.4	106.0	301.6	549.8	655.2	0		11	20260801-204014
yneu	217.5	311.2	439.9	85.7	302.4	400.5	538.7	0		12	20260801-204014
asm,	57.3	216.1	306.6	155.0	250.8	396.9	452.4	0		13	20260801-204014
gf;e	200.8	306.8	455.4	86.6	286.1	407.7	535.1	0		14	20260801-204014
wjn/	94.7	352.1	561.6	123.8	178.1	386.1	607.3	0		15	20260801-204014
ud,j	92.1	242.4	421.2	101.1	171.3	340.9	526.4	0		16	20260801-204014
/cpe	108.3	254.1	353.1	95.8	208.0	360.6	430.4	0		17	20260801-204014
vtcf	239.5	432.2	552.8	102.1	319.0	588.4	658.4	0		18	20260801-204014
u.dj	134.4	329.4	447.6	237.1	289.5	416.9	557.6	0		19	20260801-204014
acok	187.4	287.6	502.1	120.9	280.4	389.9	589.4	0		20	20260801-204014
/kzo	202.2	384.0	555.6	127.5	304.3	522.8	711.6	0		21	20260801-204014
pl,u	225.8	469.4	650.0	92.6	316.5	595.3	774.7	0		22	20260801-204014
,nv.	210.7	370.5	567.7	113.7	303.0	500.1	650.1	0		23	20260801-204014
z;yg	47.6	289.5	399.2	74.8	189.9	378.8	498.9	0		24	20260801-204014
lm.l	79.2	293.0	499.4	0.0	0.0	0.0	0.0	0		25	20260801-204014
ffs,	158.0	301.4	419.8	0.0	0.0	0.0	0.0	0		26	20260801-204014
cal,	114.4	242.6	494.6	160.7	238.0	357.1	595.3	0		27	20260801-204014
hd.b	127.5	239.3	468.3	123.7	225.3	363.7	503.0	0		28	20260801-204014
vf;d	200.8	394.4	535.1	100.4	295.0	500.2	608.7	0		29	20260801-204014
a/ud	102.0	271.0	377.3	114.9	219.8	401.4	468.0	0		30	20260801-204014
njgz	194.1	528.7	626.8	85.3	322.8	655.1	748.5	0		31	20260801-204014
ge.o	61.2	225.8	417.1	117.8	170.7	282.7	501.6	0		32	20260801-204014
f.ln	94.0	308.5	417.6	106.2	182.5	477.0	519.5	0		33	20260801-204014
ef/y	78.7	225.8	437.5	142.7	206.9	354.6	516.3	0		34	20260801-204014
s.j.	60.3	245.6	400.4	0.0	0.0	0.0	0.0	0		35	20260801-204014
;ie.	89.5	227.5	395.8	131.8	208.0	320.5	517.2	0		36	20260801-204014
ea/p	67.5	145.2	377.4	117.5	200.7	245.9	467.5	0		37	20260801-204014
xh;o	36.8	163.4	380.1	95.7	166.9	299.0	487.1	0		38	20260801-204014
btie	204.8	307.9	396.6	75.0	280.8	400.6	482.5	0		39	20260801-204014
kb,d	89.6	244.5	319.1	78.2	144.6	323.8	389.2	0		40	20260801-204014
n/ea	205.0	343.2	446.0	70.5	296.5	496.1	585.5	0		41	20260801-204014
j;fg	68.4	172.1	370.2	126.9	189.5	267.3	472.3	0		42	20260801-204014
s,u;	92.3	295.4	429.0	96.4	166.5	425.0	547.3	0		43	20260801-204014
tfb,	210.5	456.2	598.0	71.9	294.0	539.5	0.0	1	tfbj	44	20260801-204014
qtzf	66.6	373.4	433.2	159.5	178.8	511.9	566.2	0		45	20260801-204014
e;do	86.1	227.8	308.9	81.6	184.4	315.3	415.2	0		46	20260801-204014
ffo;	151.5	260.4	360.8	0.0	0.0	0.0	0.0	0		47	20260801-204014
jara	62.8	231.6	351.9	0.0	0.0	0.0	0.0	0		48	20260801-204014
i;ag	71.9	213.8	292.8	146.3	200.6	366.8	430.0	0		49	20260801-204014
ehvn	89.1	222.6	327.2	92.7	165.4	332.2	405.0	0		50	20260801-204014
/ska	84.4	208.3	322.5	111.0	171.2	297.6	435.4	0		51	20260801-204014
ox,y	113.2	256.7	449.9	106.8	211.4	349.3	533.2	0		52	20260801-204014
b;kr	89.2	241.0	326.9	92.7	182.7	351.7	431.4	0		53	20260801-204014
rq,x	70.1	150.2	361.9	141.6	183.2	263.9	460.5	0		54	20260801-204014
ud;r	0.0	0.0	0.0	0.0	0.0	0.0	0.0	1	d	55	20260801-204014
psw.	71.3	280.2	361.9	92.9	160.8	392.0	467.6	0		56	20260801-204014
/cbt	43.4	171.8	397.9	167.9	182.6	244.3	467.4	0		57	20260801-204014
vr,w	226.9	266.2	536.5	90.9	278.5	372.6	630.6	0		58	20260801-204014
.eef	152.8	278.3	585.9	0.0	0.0	0.0	0.0	0		59	20260801-204014
zu,h	94.5	205.6	452.0	108.8	257.6	275.1	557.2	0		60	20260801-204014
oi.i	89.8	375.5	619.0	0.0	0.0	0.0	0.0	0		61	20260801-204014
fozo	99.5	228.7	303.8	0.0	0.0	0.0	0.0	0		62	20260801-204014
r.hg	67.7	247.5	314.1	89.2	243.6	340.1	432.6	0		63	20260801-204014
/pgd	258.0	420.1	904.9	107.2	357.1	574.3	997.9	0		64	20260801-204014
yrmz	106.9	274.7	380.4	102.7	170.3	376.0	493.0	0		65	20260801-204014
;/vq	206.9	437.2	605.9	86.7	333.3	674.1	735.5	0		66	20260801-204014
sza;	248.1	451.0	527.8	87.8	366.6	558.0	630.8	0		67	20260801-204014
jr;e	82.8	204.9	332.5	90.4	189.0	305.3	438.5	0		68	20260801-204014
ot,f	101.6	255.3	372.8	93.1	232.3	381.7	467.0	0		69	20260801-204014
ltoj	114.7	231.9	396.0	105.1	199.2	351.8	552.2	0		70	20260801-204014
c/,h	142.3	377.2	549.0	123.7	222.9	588.6	661.5	0		71	20260801-204014
xwpr	309.5	474.4	664.5	87.9	411.0	553.9	773.8	0		72	20260801-204014
gbnj	191.2	311.3	536.8	67.0	277.8	400.0	626.1	0		73	20260801-204014
owsb	90.4	330.8	452.3	109.4	178.9	467.7	550.8	0		74	20260801-204014
;p;/	220.8	424.0	641.4	0.0	0.0	0.0	0.0	0		75	20260801-204014
azin	218.5	388.6	454.2	93.0	320.6	526.5	579.1	0		76	20260801-204014
due/	110.3	216.5	667.6	95.5	198.3	300.7	794.4	0		77	20260801-204014
a.ab	132.6	230.3	507.7	0.0	0.0	0.0	0.0	0		78	20260801-204014
o/,n	237.1	724.1	937.1	103.0	332.5	811.3	1025.3	0		79	20260801-204014
;qvh	91.9	233.2	394.1	106.7	231.3	379.2	509.2	0		80	20260801-204014
/jhj	74.6	276.4	730.9	0.0	0.0	0.0	0.0	0		81	20260801-204014
v.;y	158.8	419.7	582.2	163.0	240.3	586.5	685.7	0		82	20260801-204014
usid	72.2	186.2	303.3	82.1	179.5	309.9	417.9	0		83	20260801-204014
wosz	91.0	280.7	528.5	101.8	204.7	405.8	667.2	0		84	20260801-204014
jsqr	75.5	324.0	383.2	94.2	167.5	470.8	532.2	0		85	20260801-204014
lkia	76.2	264.4	376.9	138.8	165.5	354.4	463.1	0		86	20260801-204014
xs/k	182.0	405.5	0.0	78.6	278.8	0.0	0.0	1	xs;	87	20260801-204014
yll,	254.4	393.1	636.0	0.0	0.0	0.0	0.0	0		88	20260801-204014
.ugc	133.2	290.7	506.5	203.6	234.7	382.8	625.5	0		89	20260801-204014
k/rb	96.9	302.7	537.9	204.0	246.2	399.4	725.5	0		90	20260801-204014
mgc,	104.0	313.4	403.9	122.2	209.3	435.8	531.5	0		91	20260801-204014
kquf	11.1	195.7	357.4	75.0	130.1	361.9	367.4	0		92	20260801-204014
hr,h	122.5	266.6	412.9	0.0	0.0	0.0	0.0	0		93	20260801-204014
o/vv	251.6	432.4	612.0	0.0	0.0	0.0	0.0	0		94	20260801-204014
m/ha	93.4	286.5	366.4	146.1	223.4	373.6	467.3	0		95	20260801-204014
cn//	70.0	252.2	414.2	0.0	0.0	0.0	0.0	0		96	20260801-204014
o/fs	207.6	459.8	552.1	80.0	318.9	668.7	670.4	0		97	20260801-204014
d/.x	109.5	311.5	544.3	113.8	205.7	475.1	651.5	0		98	20260801-204014
uh,x	210.1	401.8	609.9	96.3	305.3	525.7	714.0	0		99	20260801-204014
rb,j	232.5	324.0	487.4	76.4	317.9	443.3	604.6	0		100	20260801-204014
;i//	176.4	392.5	575.9	0.0	0.0	0.0	0.0	0		101	20260801-204014
iuey	32.4	115.6	222.2	91.9	102.4	200.5	291.5	0		102	20260801-204014
knce	202.3	220.3	447.1	204.7	234.7	307.9	0.0	1	kncd	103	20260801-204014
lo,m	171.2	509.2	759.5	70.3	291.6	620.3	0.0	1	lo,n	104	20260801-204014
nwmg	90.1	233.3	400.0	96.4	187.4	332.4	536.0	0		105	20260801-204014
qrui	76.9	208.5	255.9	164.2	186.8	350.3	399.5	0		106	20260801-204014
v.xo	70.6	235.1	330.9	86.2	177.8	336.5	413.0	0		107	20260801-204014
;pkb	149.0	363.2	515.9	41.9	242.0	473.2	593.4	0		108	20260801-204014
en,e	84.2	274.7	321.4	0.0	0.0	0.0	0.0	0		109	20260801-204014
h;k/	50.9	293.1	526.6	142.0	182.3	400.0	632.5	0		110	20260801-204014
l.,m	276.8	342.1	527.7	170.6	469.7	485.6	666.4	0		111	20260801-204014
/bgh	116.4	319.1	396.8	125.9	192.3	410.7	485.8	0		112	20260801-204014
v;,c	54.2	308.3	376.9	103.3	164.7	381.7	485.2	0		113	20260801-204014
xqhq	61.7	188.7	316.5	0.0	0.0	0.0	0.0	0		114	20260801-204014
fxjh	76.9	205.4	750.0	0.0	0.0	0.0	0.0	1	fxjj	115	20260801-204014
ae;r	39.9	139.6	284.7	144.6	133.8	242.0	367.9	0		116	20260801-204014
wks/	117.0	230.6	334.0	119.2	183.8	345.2	428.8	0		117	20260801-204014
mu/w	205.9	392.0	537.8	81.4	279.1	499.2	631.6	0		118	20260801-204014
e;vg	93.7	253.2	476.6	110.6	206.1	356.9	565.5	0		119	20260801-204014
kkhh	141.9	317.1	486.6	0.0	0.0	0.0	0.0	0		120	20260801-204014
jbuu	73.8	227.1	382.1	0.0	0.0	0.0	0.0	0		121	20260801-204014
q;kc	75.5	223.7	304.0	106.0	161.4	336.1	404.2	0		122	20260801-204014
k.ib	109.8	395.1	531.3	284.8	236.4	486.8	636.6	0		123	20260801-204014
c;h;	128.4	267.7	407.9	0.0	0.0	0.0	0.0	0		124	20260801-204014
jl,m	52.8	330.6	543.1	200.7	209.3	442.2	676.7	0		125	20260801-204014
t,e/	94.8	204.5	320.0	93.1	189.5	304.6	430.4	0		126	20260801-204014
zcll	205.2	391.8	0.0	107.5	290.8	0.0	0.0	1	zc;	127	20260801-204014
/k;r	170.0	488.1	703.9	124.3	274.9	581.6	796.9	0		128	20260801-204014
gcmm	75.3	199.7	371.7	0.0	0.0	0.0	0.0	0		129	20260801-204014
u/oc	94.1	305.0	484.9	208.4	211.9	420.6	560.9	0		130	20260801-204014
lofv	204.5	417.6	624.6	96.9	294.2	489.3	734.1	0		131	20260801-204014
xf,v	108.3	302.0	538.8	168.9	228.8	441.3	596.3	0		132	20260801-204014
a;zj	66.2	223.8	0.0	0.0	0.0	0.0	0.0	1	a;a	133	20260801-204014
v,ve	114.2	211.9	399.1	0.0	0.0	0.0	0.0	0		134	20260801-204014
;ldv	36.8	257.6	365.6	130.3	223.5	448.9	541.0	0		135	20260801-204014
x.t/	88.7	237.4	355.4	93.9	172.3	328.6	445.4	0		136	20260801-204014
g/t;	87.9	278.0	393.8	106.5	205.6	0.0	0.0	1	g/tl	137	20260801-204014
p/zs	243.6	372.1	676.0	90.1	354.7	505.5	792.6	0		138	20260801-204014
.tkv	133.3	279.0	397.6	129.4	219.4	384.7	525.0	0		139	20260801-204014
aeyg	61.7	252.1	369.0	153.6	180.1	337.5	478.2	0		140	20260801-204014
k,zv	60.2	0.0	0.0	0.0	0.0	0.0	0.0	1	kc	141	20260801-204014
jfs;	88.6	238.0	323.9	115.1	195.6	382.5	415.1	0		142	20260801-204014
mkq/	31.3	310.9	384.1	200.1	167.6	401.6	511.6	0		143	20260801-204014
,su;	86.9	227.7	405.0	110.8	189.4	339.7	509.3	0		144	20260801-204014
cax.	90.4	405.7	539.1	167.5	209.2	488.4	615.1	0		145	20260801-204014
mhf,	176.1	295.2	446.0	81.9	269.3	394.9	0.0	1	mhf.	146	20260801-204014
qrxb	62.6	441.3	476.5	180.3	161.4	485.9	569.0	0		147	20260801-204014
avrj	94.5	300.8	372.2	142.1	205.8	403.0	482.1	0		148	20260801-204014
n,p,	100.7	351.1	659.2	0.0	0.0	0.0	0.0	0		149	20260801-204014
hmf;	233.6	399.0	518.9	78.5	347.7	508.0	637.7	0		150	20260801-204014
/.h/	642.5	887.5	1024.0	0.0	0.0	0.0	0.0	0		151	20260801-204014
a,gp	73.1	358.7	460.2	130.2	201.2	474.8	564.0	0		152	20260801-204014
ykxf	102.8	239.6	389.3	174.9	242.9	398.9	515.6	0		153	20260801-204014
.f;.	106.3	272.8	539.0	0.0	0.0	0.0	0.0	0		154	20260801-204014
,zgg	153.7	414.4	557.7	0.0	0.0	0.0	0.0	0		155	20260801-204014
kpuj	255.8	335.1	569.0	105.9	387.2	450.5	718.8	0		156	20260801-204014
jbm;	84.1	254.2	416.2	109.0	201.7	481.1	524.9	0		157	20260801-204014
,fac	64.5	143.2	372.5	124.4	206.6	277.7	476.1	0		158	20260801-204014
rmcl	128.7	272.4	354.6	91.2	231.6	367.3	450.2	0		159	20260801-204014
huhg	192.3	400.7	509.1	0.0	0.0	0.0	0.0	0		160	20260801-204014
k/oz	242.9	617.1	785.4	114.0	350.0	724.7	915.9	0		161	20260801-204014
ihdm	80.9	205.7	314.8	151.1	166.9	291.7	436.6	0		162	20260801-204014
rqt.	42.6	254.3	348.0	120.2	180.7	342.6	460.2	0		163	20260801-204014
eecp	148.5	381.1	486.2	0.0	0.0	0.0	0.0	0		164	20260801-204014
zynj	56.2	284.5	447.6	120.7	126.5	343.8	540.5	0		165	20260801-204014
zkv/	109.1	275.5	430.9	113.1	196.5	404.1	530.1	0		166	20260801-204014
edwv	231.6	604.0	697.5	94.3	329.7	770.7	848.4	0		167	20260801-204014
wy/x	68.9	284.5	401.4	88.4	139.5	381.7	0.0	1	wy/z	168	20260801-204014
gs/s	76.1	179.4	350.6	0.0	0.0	0.0	0.0	0		169	20260801-204014
djzd	102.1	313.9	461.6	0.0	0.0	0.0	0.0	0		170	20260801-204014
/n./	333.8	0.0	0.0	114.1	0.0	0.0	0.0	1	/.	171	20260801-204014
j,hv	127.2	302.0	416.9	180.5	220.1	406.7	530.0	0		172	20260801-204014
ssj.	158.1	292.5	534.9	0.0	0.0	0.0	0.0	0		173	20260801-204014
tnib	70.9	197.2	330.0	98.6	253.5	286.8	425.1	0		174	20260801-204014
nkx;	57.2	146.8	232.4	128.9	150.7	257.8	342.3	0		175	20260801-204014
ucx/	56.2	233.5	301.0	91.2	131.1	0.0	0.0	1	ucx;	176	20260801-204014
s.w/	95.0	225.1	301.2	103.2	187.8	0.0	0.0	1	s.w;	177	20260801-204014
kq/h	62.3	259.2	491.5	98.4	200.5	367.0	576.8	0		178	20260801-204014
x;tr	100.4	247.0	436.8	96.2	195.8	333.7	535.3	0		179	20260801-204014
j/is	88.6	282.9	407.4	189.1	231.2	410.0	490.0	0		180	20260801-204014
cez,	210.0	440.1	631.2	109.3	311.3	600.8	739.2	0		181	20260801-204014
j,yy	177.5	437.2	606.1	0.0	0.0	0.0	0.0	0		182	20260801-204014
vs,,	138.3	245.0	403.5	0.0	0.0	0.0	0.0	0		183	20260801-204014
q,/g	123.2	292.0	460.8	127.0	222.5	436.8	546.4	0		184	20260801-204014
.oxk	207.2	287.4	444.4	83.8	295.5	393.9	623.9	0		185	20260801-204014
yats	52.8	139.1	382.1	40.9	175.8	254.5	418.0	0		186	20260801-204014
sqoe	65.2	312.3	425.1	163.0	213.9	429.3	502.0	0		187	20260801-204014
ygja	73.3	235.2	344.3	82.1	177.6	327.5	435.6	0		188	20260801-204014
ngg;	106.6	264.1	418.1	0.0	0.0	0.0	0.0	0		189	20260801-204014
mvh,	81.4	235.2	411.8	91.8	195.8	332.2	0.0	1	mvhc	190	20260801-204014
lz,e	84.6	245.9	405.8	95.0	202.1	354.8	485.3	0		191	20260801-204014
vi.j	131.4	350.6	499.5	157.6	214.6	602.0	684.1	0		192	20260801-204014
hjbn	189.2	374.5	492.4	70.1	286.8	494.5	579.8	0		193	20260801-204014
hm;v	203.6	333.3	516.0	75.8	326.0	457.5	632.0	0		194	20260801-204014
/ht/	146.6	285.3	417.7	0.0	0.0	0.0	0.0	0		195	20260801-204014
ed;o	225.2	341.1	733.3	85.9	328.1	453.3	821.6	0		196	20260801-204014
txmj	99.9	244.3	433.4	171.3	235.6	330.4	526.3	0		197	20260801-204014
xw.a	225.4	398.3	654.8	100.4	350.8	527.5	0.0	1	xw.o	198	20260801-204014
o/is	219.2	421.5	477.6	80.6	317.7	521.9	571.5	0		199	20260801-204014
xk.d	90.6	275.9	340.7	99.4	149.8	400.5	404.1	0		200	20260801-204014
/b/z	68.3	226.0	472.0	0.0	0.0	0.0	0.0	0		201	20260801-204014
nh,m	528.2	973.9	1426.2	92.1	604.7	1087.3	1507.2	0		202	20260801-204014
l,oo	232.3	460.5	681.8	0.0	0.0	0.0	0.0	0		203	20260801-204014
wts,	67.4	269.9	366.7	113.4	210.0	393.7	446.1	0		204	20260801-204014
q/m;	67.6	260.6	427.2	142.7	191.7	463.9	572.2	0		205	20260801-204014
cjda	90.0	259.6	345.0	94.0	192.9	398.4	477.2	0		206	20260801-204014
bqiq	80.6	182.3	315.5	0.0	0.0	0.0	0.0	0		207	20260801-204014
i;i;	93.5	289.6	375.0	0.0	0.0	0.0	0.0	0		208	20260801-204014
nhz,	157.4	298.8	467.9	68.1	248.4	417.3	585.5	0		209	20260801-204014
fq;w	73.3	189.2	372.8	146.9	184.8	369.0	411.1	0		210	20260801-204014
yp/m	81.4	325.9	583.7	146.3	164.5	443.9	671.5	0		211	20260801-204014
,gtl	84.4	281.9	321.4	122.1	212.7	367.3	453.6	0		212	20260801-204014
e.n;	199.6	240.4	0.0	96.6	0.0	0.0	0.0	1	e.m	213	20260801-204014
lkc,	50.7	166.6	284.0	105.3	152.2	247.5	375.9	0		214	20260801-204014
g;ky	118.3	0.0	0.0	106.5	0.0	0.0	0.0	1	gk	215	20260801-204014
csqm	53.5	295.3	395.3	105.4	171.1	409.1	511.0	0		216	20260801-204014
yztp	54.2	201.2	248.9	84.6	118.2	301.7	372.6	0		217	20260801-204014
iwti	48.4	218.6	262.6	0.0	0.0	0.0	0.0	0		218	20260801-204014
y;ck	65.0	224.9	294.1	137.0	227.0	284.0	394.2	0		219	20260801-204014
l;nz	54.8	298.4	394.8	160.3	226.6	407.5	525.7	0		220	20260801-204014
hqv.	64.8	283.4	338.2	102.9	178.0	406.8	462.4	0		221	20260801-204014
lea,	104.3	163.3	263.5	91.2	226.6	293.5	381.3	0		222	20260801-204014
jyqb	204.1	333.2	439.6	77.1	267.3	457.3	553.5	0		223	20260801-204014
ftzy	212.0	334.4	481.6	100.5	292.3	478.1	562.3	0		224	20260801-204014
wko.	86.2	299.1	695.0	114.0	316.1	372.7	812.8	0		225	20260801-204014
wesm	74.0	287.6	399.9	167.0	190.1	434.9	505.5	0		226	20260801-204014
/b.k	93.1	239.5	439.0	121.2	190.1	470.1	549.3	0		227	20260801-204014
ggha	155.6	278.1	380.6	0.0	0.0	0.0	0.0	0		228	20260801-204014
ax/x	171.7	318.5	428.2	0.0	0.0	0.0	0.0	0		229	20260801-204014
zmpb	100.9	224.6	338.1	127.6	226.3	344.9	433.1	0		230	20260801-204014
kwoy	101.8	214.6	352.4	112.4	209.1	372.1	464.6	0		231	20260801-204014
ydyn	73.6	207.1	446.2	0.0	0.0	0.0	0.0	0		232	20260801-204014
adof	89.7	205.6	337.0	135.1	197.1	302.3	449.1	0		233	20260801-204014
a/cl	105.4	224.0	318.7	110.5	190.6	325.5	463.7	0		234	20260801-204014
v;,h	107.8	283.2	470.9	110.5	217.2	387.6	565.4	0		235	20260801-204014
njxe	166.3	292.1	505.1	79.1	258.6	396.1	585.4	0		236	20260801-204014
qc.n	214.4	326.2	545.7	108.5	317.5	455.7	649.3	0		237	20260801-204014
qtae	48.4	305.4	430.2	171.7	187.5	467.7	569.3	0		238	20260801-204014
iokp	66.0	325.5	441.3	169.6	193.4	508.9	585.9	0		239	20260801-204014
ttwd	145.3	244.5	505.7	0.0	0.0	0.0	0.0	0		240	20260801-204014
o/ds	209.5	386.0	511.3	72.9	388.2	427.9	0.0	1	o/dx	241	20260801-204014
sc/,	62.8	230.6	450.9	141.3	187.1	374.7	567.5	0		242	20260801-204014
cbsz	128.0	306.7	539.8	143.2	149.5	429.1	661.6	0		243	20260801-204014
/ga/	88.6	186.8	264.8	0.0	0.0	0.0	0.0	0		244	20260801-204014
ddr;	137.9	304.9	383.3	0.0	0.0	0.0	0.0	0		245	20260801-204014
b;wy	78.0	171.7	292.8	94.6	165.7	276.2	378.4	0		246	20260801-204014
d,t;	103.8	203.2	319.2	79.3	199.7	306.3	434.8	0		247	20260801-204014
gyx,	67.0	219.0	262.9	83.2	142.9	317.4	365.4	0		248	20260801-204014
wej,	55.4	131.8	298.3	148.0	166.7	349.7	406.3	0		249	20260801-204014
rl.r	99.2	310.8	394.0	0.0	0.0	0.0	0.0	0		250	20260801-204014
d;yd	51.5	205.9	299.1	0.0	0.0	0.0	0.0	0		251	20260801-204014
k;a.	60.0	360.2	0.0	164.4	190.0	0.0	0.0	1	k;d	252	20260801-204014
atd;	103.7	221.1	310.1	147.9	228.7	316.6	431.8	0		253	20260801-204014
qh,i	90.7	226.4	445.5	115.5	265.0	298.4	527.0	0		254	20260801-204014
g;oa	63.6	195.7	330.0	84.5	126.1	321.8	432.3	0		255	20260801-204014
,duf	86.5	189.1	303.6	90.6	178.5	292.6	420.5	0		256	20260801-204014
wqpu	40.8	206.9	271.3	137.9	151.4	334.2	384.1	0		257	20260801-204014
fch/	104.7	190.5	352.5	22.9	202.6	273.3	465.4	0		258	20260801-204014
o;ax	87.3	238.6	443.6	197.2	259.8	349.2	552.9	0		259	20260801-204014
onp.	51.1	215.9	490.7	139.6	154.3	338.7	607.3	0		260	20260801-204014
t;jo	68.7	237.4	329.9	94.3	169.2	386.4	436.1	0		261	20260801-204014
h;dj	36.7	145.2	252.1	104.6	156.6	234.5	367.4	0		262	20260801-204014
vzm.	68.0	228.6	350.4	150.3	187.0	421.0	535.7	0		263	20260801-204014
;v/i	46.9	235.2	426.6	88.9	184.9	342.9	522.4	0		264	20260801-204014
sspi	152.6	330.8	432.2	0.0	0.0	0.0	0.0	0		265	20260801-204014
jkb/	27.7	212.7	331.2	148.9	182.0	325.5	445.1	0		266	20260801-204014
kqas	40.4	320.9	414.6	103.9	161.5	544.4	530.7	0		267	20260801-204014
h,uo	109.6	317.6	400.0	197.2	229.3	500.8	523.1	0		268	20260801-204014
gxex	97.0	334.5	493.0	0.0	0.0	0.0	0.0	0		269	20260801-204014
mjpx	187.3	351.7	531.7	94.3	278.7	459.1	653.9	0		270	20260801-204014
./si	102.9	264.0	373.9	169.9	268.3	359.5	471.4	0		271	20260801-204014
atnq	89.3	224.9	339.4	144.1	212.0	333.7	449.7	0		272	20260801-204014
vm,x	118.5	238.0	416.6	100.6	275.3	374.8	506.5	0		273	20260801-204014
h.z;	58.4	211.1	327.7	133.6	173.7	323.3	446.3	0		274	20260801-204014
rig/	120.1	232.7	335.2	116.5	177.6	339.4	438.9	0		275	20260801-204014
b;b;	57.6	202.8	245.0	0.0	0.0	0.0	0.0	0		276	20260801-204014
jkct	46.3	201.7	330.0	120.2	205.1	266.1	413.2	0		277	20260801-204014
do;g	83.5	275.6	347.9	125.2	168.7	375.6	433.4	0		278	20260801-204014
apgs	84.7	226.3	303.1	86.8	171.3	347.0	396.6	0		279	20260801-204014
ax/r	245.8	389.2	495.8	105.0	326.1	507.1	583.0	0		280	20260801-204014
e,vm	105.6	223.9	329.0	83.3	199.9	359.4	429.9	0		281	20260801-204014
;utt	77.9	197.9	356.8	0.0	0.0	0.0	0.0	0		282	20260801-204014
/g.p	114.0	269.3	499.8	126.1	223.9	394.5	617.0	0		283	20260801-204014
oi/r	40.6	442.9	569.2	159.6	216.1	572.6	614.9	0		284	20260801-204014
fq,o	32.0	167.9	393.5	159.4	157.8	300.8	490.0	0		285	20260801-204014
d,o,	42.0	243.7	511.1	0.0	0.0	0.0	0.0	0		286	20260801-204014
llhk	153.2	472.2	604.0	0.0	0.0	0.0	0.0	0		287	20260801-204014
tbl;	224.0	376.5	596.6	80.8	342.4	486.2	742.3	0		288	20260801-204014
osu.	76.9	209.0	415.7	91.5	200.8	310.8	550.3	0		289	20260801-204014
xpwd	99.2	268.5	380.7	106.5	184.6	417.4	510.0	0		290	20260801-204014
w/ej	135.2	267.4	434.8	90.8	255.5	366.3	538.9	0		291	20260801-204014
j,.w	265.4	431.4	653.0	93.8	509.3	518.1	767.8	0		292	20260801-204014
avcx	85.4	332.8	480.4	180.2	233.1	468.6	645.9	0		293	20260801-204014
.nxu	181.4	334.4	481.6	104.5	269.6	438.3	580.8	0		294	20260801-204014
yqlk	72.7	190.1	302.4	89.2	194.8	394.4	460.0	0		295	20260801-204014
em/u	74.8	283.4	496.3	90.6	176.6	438.0	611.1	0		296	20260801-204014
opov	144.3	663.9	796.7	0.0	0.0	0.0	0.0	0		297	20260801-204014
.um.	180.4	687.5	883.0	0.0	0.0	0.0	0.0	0		298	20260801-204014
tu..	80.1	261.0	435.4	0.0	0.0	0.0	0.0	0		299	20260801-204014
ga,l	34.1	142.5	255.6	111.6	149.3	337.4	385.8	0		300	20260801-204014
upmk	41.9	293.8	390.5	142.8	180.2	438.3	518.6	0		301	20260801-204014
/n.q	531.5	740.6	988.8	124.8	629.8	888.7	1119.7	0		302	20260801-204014
fhr/	99.1	249.8	370.6	103.7	195.6	350.8	505.8	0		303	20260801-204014
hf.w	87.0	204.9	296.9	111.8	191.1	357.2	396.3	0		304	20260801-204014
yh;m	242.7	0.0	0.0	110.9	0.0	0.0	0.0	1	yj	305	20260801-204014
so.y	53.4	254.5	368.5	67.9	98.1	393.4	465.4	0		306	20260801-204014
jlfb	44.0	178.5	389.5	135.0	153.4	270.1	504.6	0		307	20260801-204014
k,ho	0.0	0.0	0.0	0.0	0.0	0.0	0.0	1	,	308	20260801-204014
dme/	111.5	240.2	296.5	93.4	215.8	317.9	421.7	0		309	20260801-204014
kqnr	38.7	223.4	304.8	90.8	159.2	327.7	391.5	0		310	20260801-204014
kp.u	48.7	358.8	440.0	160.2	194.5	534.7	561.2	0		311	20260801-204014
calt	77.7	195.8	317.4	130.9	203.1	299.0	422.1	0		312	20260801-204014
eekw	145.9	277.3	367.8	0.0	0.0	0.0	0.0	0		313	20260801-204014
d/y;	97.1	280.5	425.7	205.3	208.8	413.8	534.9	0		314	20260801-204014
vb/j	205.8	302.0	507.5	89.5	284.1	425.7	603.8	0		315	20260801-204014
xpow	127.1	180.4	351.0	56.6	271.1	324.4	448.9	0		316	20260801-204014
zhqf	120.6	332.4	491.4	96.5	225.9	501.7	611.6	0		317	20260801-204014
gj;f	238.0	484.7	628.2	106.0	353.1	625.6	707.9	0		318	20260801-204014
d,m;	157.6	381.3	464.2	86.2	252.6	541.1	596.7	0		319	20260801-204014
fcbc	106.1	395.6	622.2	0.0	0.0	0.0	0.0	0		320	20260801-204014
zjza	77.8	197.4	431.1	0.0	0.0	0.0	0.0	0		321	20260801-204014
d;sa	103.6	304.6	400.0	85.1	176.3	525.2	539.0	0		322	20260801-204014
cxqj	33.8	323.6	416.0	163.7	168.1	452.6	514.6	0		323	20260801-204014
.p,,	262.9	520.8	675.3	0.0	0.0	0.0	0.0	0		324	20260801-204014
msgy	65.9	280.2	363.6	129.8	194.1	393.8	456.7	0		325	20260801-204014
rwcx	72.1	400.4	487.0	169.4	273.6	566.3	642.3	0		326	20260801-204014
wqkm	62.1	211.4	268.0	144.8	193.6	348.5	400.1	0		327	20260801-204014
kydi	61.7	192.6	263.9	98.7	148.0	265.9	350.9	0		328	20260801-204014
e,qj	119.5	295.8	410.4	98.8	245.3	424.6	515.9	0		329	20260801-204014
hnhu	205.3	357.5	548.7	0.0	0.0	0.0	0.0	0		330	20260801-204014
imc;	83.0	248.4	381.3	192.6	207.8	376.5	466.5	0		331	20260801-204014
vijh	96.4	219.0	413.9	148.4	202.5	310.7	508.1	0		332	20260801-204014
g,pd	44.8	239.6	289.6	92.4	133.7	336.1	377.7	0		333	20260801-204014
,vig	131.0	244.7	416.1	88.4	257.5	326.8	507.9	0		334	20260801-204014
r;wz	87.6	220.1	493.8	93.3	189.5	334.1	620.6	0		335	20260801-204014
rpfy	83.3	252.3	298.9	88.1	165.8	351.8	391.0	0		336	20260801-204014
;p/r	235.6	417.6	511.7	111.2	281.2	519.8	595.0	0		337	20260801-204014
qpj;	135.2	244.4	413.6	124.2	217.1	381.2	527.8	0		338	20260801-204014
m/cz	56.2	336.9	433.9	186.7	196.9	525.8	582.9	0		339	20260801-204014
;yfw	157.1	337.6	480.6	108.4	276.3	487.0	624.0	0		340	20260801-204014
.sti	148.9	268.9	331.1	151.5	189.2	366.0	424.7	0		341	20260801-204014
v.lp	75.5	334.1	0.0	129.5	197.8	0.0	0.0	1	v.;	342	20260801-204014
pk;x	0.0	0.0	0.0	0.0	0.0	0.0	0.0	1	k	343	20260801-204014
qn,a	73.3	259.9	388.9	124.1	156.9	365.4	608.4	0		344	20260801-204014
qhqy	97.5	301.0	389.9	0.0	0.0	0.0	0.0	0		345	20260801-204014
i;gs	79.5	218.0	293.0	162.7	196.1	360.6	407.6	0		346	20260801-204014
qyrd	88.2	201.0	396.4	95.3	160.8	294.6	0.0	1	qyrf	347	20260801-204014
;nrl	184.8	261.0	380.9	125.3	264.6	352.0	491.3	0		348	20260801-204014
zp/h	55.2	263.6	407.0	82.3	112.2	370.5	491.8	0		349	20260801-204014
cnq.	101.2	202.9	271.1	82.4	171.2	305.4	447.5	0		350	20260801-204014
pff/	108.7	265.2	461.0	0.0	0.0	0.0	0.0	0		351	20260801-204014
/;z;	212.6	510.0	647.2	0.0	0.0	0.0	0.0	0		352	20260801-204014
tts,	145.8	284.0	405.5	0.0	0.0	0.0	0.0	0		353	20260801-204014
,imb	197.9	349.5	494.0	79.9	289.4	446.2	569.7	0		354	20260801-204014
lnb.	85.6	252.6	404.6	158.7	202.3	352.1	497.8	0		355	20260801-204014
gckl	78.2	177.0	251.5	168.5	219.3	362.6	330.9	0		356	20260801-204014
hxfh	68.2	212.8	279.8	0.0	0.0	0.0	0.0	0		357	20260801-204014
buvy	57.0	205.7	279.2	83.6	152.3	339.7	361.8	0		358	20260801-204014
vzyj	50.7	228.3	467.4	144.7	178.8	343.5	567.3	0		359	20260801-204014
eu;l	79.1	193.9	425.5	104.1	220.2	327.9	539.8	0		360	20260801-204014
jd/m	71.6	201.2	407.5	92.9	160.6	325.8	500.7	0		361	20260801-204014
lyh.	87.4	278.0	515.7	135.5	180.5	388.8	0.0	1	lyh,	362	20260801-204014
uvmj	118.2	263.0	417.5	106.9	227.6	331.2	517.2	0		363	20260801-204014
rdvo	99.0	285.8	328.3	161.7	184.0	420.1	433.3	0		364	20260801-204014
ncqq	103.5	305.5	493.9	0.0	0.0	0.0	0.0	0		365	20260801-204014
gnam	64.6	211.6	277.6	82.8	140.3	314.0	374.3	0		366	20260801-204014
wvkk	53.6	223.2	359.3	0.0	0.0	0.0	0.0	0		367	20260801-204014
tpdh	84.8	200.9	288.3	88.2	179.0	292.5	377.7	0		368	20260801-204014
b,ug	65.1	230.9	298.7	89.3	153.0	323.0	408.0	0		369	20260801-204014
.mz,	61.0	259.2	414.2	209.2	228.8	406.7	530.3	0		370	20260801-204014
olq/	187.8	306.9	483.5	86.5	304.8	436.8	596.6	0		371	20260801-204014
y,up	67.9	100.3	0.0	0.0	0.0	0.0	0.0	1	y,k	372	20260801-204014
gj/a	80.0	196.5	310.2	110.1	174.3	336.4	424.8	0		373	20260801-204014
hoba	131.9	184.2	241.7	134.2	138.3	306.4	363.1	0		374	20260801-204014
b.gx	90.7	270.7	471.8	104.2	203.6	421.9	575.9	0		375	20260801-204014
gbzk	214.1	317.9	427.3	90.6	297.3	483.6	493.1	0		376	20260801-204014
dnta	79.1	187.7	277.8	75.9	183.0	324.1	418.9	0		377	20260801-204014
j,lk	47.2	264.5	386.5	155.0	175.1	491.8	519.3	0		378	20260801-204014
;qv,	27.0	201.3	362.3	121.8	197.4	325.2	461.4	0		379	20260801-204014
;ql,	46.5	272.1	392.4	91.5	146.8	340.5	0.0	1	;qlv	380	20260801-204014
mf,f	82.4	210.4	286.8	0.0	0.0	0.0	0.0	0		381	20260801-204014
i;.c	47.0	358.9	454.4	171.7	180.0	477.6	539.1	0		382	20260801-204014
u,;x	209.0	425.9	564.6	108.3	316.2	536.2	0.0	1	u,;z	383	20260801-204014
o,wv	221.0	416.9	576.9	105.8	343.6	569.4	711.4	0		384	20260801-204014
c,bb	131.2	267.6	446.4	0.0	0.0	0.0	0.0	0		385	20260801-204014
g/bv	107.9	259.8	432.3	106.1	214.7	0.0	0.0	1	g/bc	386	20260801-204014
pt,q	95.6	258.4	336.6	100.6	166.2	395.9	439.6	0		387	20260801-204014
,.rh	85.8	165.5	284.9	196.8	204.7	265.6	393.7	0		388	20260801-204014
,br.	141.1	334.3	416.1	145.4	213.1	429.5	542.0	0		389	20260801-204014
kxlr	50.1	221.9	317.2	88.9	184.8	305.4	401.6	0		390	20260801-204014
akkn	169.5	315.0	560.7	0.0	0.0	0.0	0.0	0		391	20260801-204014
.u;p	113.2	301.3	495.9	155.0	288.1	462.8	594.7	0		392	20260801-204014
zxtj	35.6	275.9	343.0	169.7	172.2	353.0	423.0	0		393	20260801-204014
m;i/	55.3	235.8	478.3	177.3	181.2	412.1	606.7	0		394	20260801-204014
i/go	170.6	315.9	403.6	126.4	292.0	421.6	505.1	0		395	20260801-204014
dgj;	44.2	71.7	146.3	81.1	140.2	190.3	260.3	0		396	20260801-204014
gy/u	42.2	173.9	297.1	96.5	117.0	313.5	397.2	0		397	20260801-204014
hoim	93.6	176.2	324.9	111.7	282.2	321.4	504.7	0		398	20260801-204014
i;pi	77.0	333.9	409.9	155.3	169.4	0.0	0.0	1	i;po	399	20260801-204014
,/d.	74.8	205.5	314.8	182.2	178.9	285.0	434.2	0		400	20260801-204014
,inx	180.6	403.5	771.2	76.6	279.1	501.7	867.3	0		401	20260801-204014
ty.g	61.8	294.1	372.9	116.7	164.3	409.0	461.9	0		402	20260801-204014
evd/	68.7	323.2	363.3	121.7	186.2	399.5	468.9	0		403	20260801-204014
q/,e	102.8	300.5	376.2	115.2	186.5	416.8	454.5	0		404	20260801-204014
,qdl	27.6	220.9	281.4	45.7	142.3	310.5	389.8	0		405	20260801-204014
zcwa	129.1	281.1	0.0	151.2	219.8	0.0	0.0	1	zcu	406	20260801-204014
/zph	72.2	278.4	352.5	112.2	267.5	427.7	460.9	0		407	20260801-204014
yqlh	57.8	219.9	313.1	93.4	184.0	364.4	421.1	0		408	20260801-204014
y;xj	67.0	203.7	303.0	153.7	200.6	321.7	440.5	0		409	20260801-204014
jyhz	174.5	356.0	424.5	69.0	237.9	438.1	551.5	0		410	20260801-204014
rnnz	152.6	280.9	418.6	0.0	0.0	0.0	0.0	0		411	20260801-204014
cpak	110.0	214.2	292.6	93.4	195.7	318.5	388.9	0		412	20260801-204014
p,p;	202.1	386.6	586.2	0.0	0.0	0.0	0.0	0		413	20260801-204014
hdli	79.9	215.1	300.5	83.7	178.4	366.6	432.2	0		414	20260801-204014
jwnb	57.2	217.6	413.1	88.6	172.0	324.0	516.2	0		415	20260801-204014
xxal	192.4	376.5	472.7	0.0	0.0	0.0	0.0	0		416	20260801-204014
vxv;	67.2	260.7	350.8	0.0	0.0	0.0	0.0	0		417	20260801-204014
j;mg	77.7	238.6	318.1	110.1	146.2	348.0	402.5	0		418	20260801-204014
nrfy	97.1	299.1	367.0	114.6	179.3	412.8	440.2	0		419	20260801-204014
djpk	106.3	143.2	339.0	92.3	227.1	262.4	436.9	0		420	20260801-204014
nl/p	66.2	301.4	558.2	134.0	174.3	409.4	668.0	0		421	20260801-204014
fnp,	69.1	218.9	504.8	111.4	161.6	326.7	619.0	0		422	20260801-204014
chwt	96.7	300.9	360.7	93.1	181.2	404.3	503.5	0		423	20260801-204014
npve	55.4	167.1	347.0	135.7	160.7	351.8	406.6	0		424	20260801-204014
bcov	72.6	182.9	295.3	126.3	151.5	277.6	399.1	0		425	20260801-204014
wq.h	52.1	188.2	349.4	148.4	169.2	329.0	449.9	0		426	20260801-204014
i,cg	210.6	294.7	472.5	85.9	291.0	400.6	561.2	0		427	20260801-204014
yaeo	74.9	245.7	321.5	80.1	164.6	331.5	425.2	0		428	20260801-204014
o/rl	242.9	374.1	427.0	95.2	376.1	416.2	546.4	0		429	20260801-204014
hkqe	59.6	177.6	240.9	175.7	174.0	268.6	365.7	0		430	20260801-204014
u/z.	88.7	193.1	335.7	161.8	212.5	310.9	460.4	0		431	20260801-204014
ng.v	67.1	219.0	317.4	92.9	153.3	329.7	413.8	0		432	20260801-204014
/iwj	122.5	416.3	505.7	165.8	250.8	512.2	586.2	0		433	20260801-204014
yrn.	51.9	209.1	504.6	77.8	158.5	314.6	603.7	0		434	20260801-204014
zllr	110.6	235.3	325.5	0.0	0.0	0.0	0.0	0		435	20260801-204014
a;bz	38.8	230.2	301.1	88.1	131.3	347.8	412.7	0		436	20260801-204014
stew	105.0	201.0	419.3	117.1	258.6	296.3	540.0	0		437	20260801-204014
yfdx	95.4	235.3	458.0	86.0	239.1	347.0	558.2	0		438	20260801-204014
bote	92.7	236.2	299.3	86.0	155.2	364.1	465.5	0		439	20260801-204014
ww/.	159.5	271.5	414.2	0.0	0.0	0.0	0.0	0		440	20260801-204014
vn.w	72.9	199.9	328.0	133.4	170.6	309.1	430.4	0		441	20260801-204014
cefy	187.7	332.3	397.2	78.1	264.8	413.8	471.9	0		442	20260801-204014
g;u/	55.6	195.3	327.6	100.5	130.6	345.3	460.2	0		443	20260801-204014
nt;c	139.0	442.3	740.9	133.8	236.6	549.4	769.7	0		444	20260801-204014
eab;	80.7	283.0	330.8	116.9	194.2	392.9	427.6	0		445	20260801-204014
play	240.8	355.8	434.6	107.6	354.2	460.4	523.0	0		446	20260801-204014
f/x,	132.5	312.2	382.4	99.7	236.3	412.7	496.7	0		447	20260801-204014
ifny	64.4	196.5	369.5	98.4	163.3	270.1	480.7	0		448	20260801-204014
npld	9.4	221.0	317.3	92.8	107.9	332.2	391.6	0		449	20260801-204014
vh/,	43.8	190.9	438.0	134.6	158.1	318.7	535.6	0		450	20260801-204014
qo;;	61.2	282.9	445.6	0.0	0.0	0.0	0.0	0		451	20260801-204014
mqis	47.1	180.3	301.4	84.0	136.4	277.1	409.0	0		452	20260801-204014
ph,d	35.0	245.4	349.0	108.9	121.5	353.4	386.6	0		453	20260801-204014
t/qv	94.8	185.6	418.7	98.9	180.1	345.5	0.0	1	t/qm	454	20260801-204014
bals	58.2	126.3	279.2	107.9	152.0	207.5	349.3	0		455	20260801-204014
,,mw	127.5	318.7	412.9	0.0	0.0	0.0	0.0	0		456	20260801-204014
orhf	86.0	197.4	330.2	87.8	172.8	305.1	432.0	0		457	20260801-204014
b.kq	62.5	254.6	397.6	88.7	152.1	328.6	515.1	0		458	20260801-204014
ujfr	184.2	245.6	442.6	68.1	261.9	328.6	533.6	0		459	20260801-204014
ftt/	215.0	354.4	431.6	0.0	0.0	0.0	0.0	0		460	20260801-204014
u,jk	233.3	421.5	506.9	96.7	314.3	588.3	604.6	0		461	20260801-204014
fywh	75.3	172.1	265.8	79.9	126.6	278.8	360.1	0		462	20260801-204014
e;sw	60.9	350.0	540.7	64.8	152.9	452.9	633.6	0		463	20260801-204014
tiiq	129.1	254.4	368.5	0.0	0.0	0.0	0.0	0		464	20260801-204014
fw.u	47.2	193.3	287.5	134.7	164.4	372.6	391.9	0		465	20260801-204014
,jtk	114.6	224.0	364.9	106.4	220.9	322.1	457.7	0		466	20260801-204014
wne;	109.1	389.7	495.3	101.8	173.3	456.3	609.9	0		467	20260801-204014
.w/d	52.0	212.1	362.2	86.2	156.5	320.1	470.1	0		468	20260801-204014
qxus	251.0	366.8	481.7	108.6	350.0	469.1	619.4	0		469	20260801-204014
tzyn	75.9	279.9	507.6	161.5	206.8	358.7	581.8	0		470	20260801-204014
drj/	63.6	129.8	252.4	128.1	168.7	261.8	340.4	0		471	20260801-204014
f/qj	95.6	205.3	282.0	99.2	188.6	310.3	391.8	0		472	20260801-204014
oedc	93.2	275.5	472.0	95.9	142.0	355.3	560.0	0		473	20260801-204014
ct/u	184.7	345.7	543.9	104.1	239.9	539.8	630.7	0		474	20260801-204014
zy,v	104.1	349.9	0.0	115.6	184.4	0.0	0.0	1	zy.	475	20260801-204014
r.tt	97.0	207.9	392.7	0.0	0.0	0.0	0.0	0		476	20260801-204014
xr,n	46.4	190.6	378.6	180.4	162.2	299.8	458.4	0		477	20260801-204014
n;tz	53.9	185.4	393.7	160.3	171.8	292.0	551.1	0		478	20260801-204014
h.hd	79.2	234.4	348.7	0.0	0.0	0.0	0.0	0		479	20260801-204014
nbwb	47.2	161.5	328.1	0.0	0.0	0.0	0.0	0		480	20260801-204014
qg.s	60.7	146.1	269.2	140.1	149.8	261.5	370.1	0		481	20260801-204014
eiqp	84.8	222.2	0.0	86.9	204.6	0.0	0.0	1	eip	482	20260801-204014
tbk/	201.2	316.3	711.5	76.4	285.4	438.5	824.9	0		483	20260801-204014
qulh	37.2	153.9	294.3	92.1	131.8	316.8	393.1	0		484	20260801-204014
avrl	64.1	256.9	304.8	94.4	145.3	350.3	436.9	0		485	20260801-204014
ta;p	80.8	125.3	307.0	149.6	184.1	214.2	385.3	0		486	20260801-204014
gv/c	195.0	272.9	540.1	73.9	339.6	390.5	617.2	0		487	20260801-204014
;pg.	189.5	286.3	454.5	89.0	268.3	370.5	563.5	0		488	20260801-204014
.xym	104.0	219.6	449.2	107.6	215.5	287.7	517.0	0		489	20260801-204014
j/io	21.3	213.2	302.2	132.2	123.0	387.7	519.2	0		490	20260801-204014
mqqu	62.3	194.8	268.1	0.0	0.0	0.0	0.0	0		491	20260801-204014
c/n/	99.8	282.5	437.6	0.0	0.0	0.0	0.0	0		492	20260801-204014
mb/i	176.8	231.3	434.3	109.2	265.1	346.9	530.8	0		493	20260801-204014
jito	20.0	203.7	282.2	130.2	154.7	305.5	372.7	0		494	20260801-204014
bzu/	71.9	157.7	304.9	123.0	198.3	300.4	404.4	0		495	20260801-204014
kklw	123.4	272.9	352.8	0.0	0.0	0.0	0.0	0		496	20260801-204014
f,;/	74.9	164.9	388.8	107.8	249.9	292.6	487.6	0		497	20260801-204014
hrdt	71.6	239.2	372.9	94.9	151.0	394.5	435.1	0		498	20260801-204014
js,;	94.6	232.5	347.2	105.3	206.4	381.7	512.6	0		499	20260801-204014
hbu.	100.7	215.9	415.3	81.2	193.7	291.2	537.8	0		500	20260801-204014
mbyc	128.0	245.3	344.2	113.6	212.1	322.1	443.7	0		501	20260801-204014
iw/q	87.0	231.2	304.4	90.4	178.9	345.1	406.0	0		502	20260801-204014
rg;u	214.1	375.1	470.4	67.7	322.0	527.8	599.8	0		503	20260801-204014
/v.c	81.3	225.6	355.9	93.6	194.0	330.9	450.1	0		504	20260801-204014
.meb	186.5	243.0	443.4	97.0	285.7	324.1	528.7	0		505	20260801-204014
clwc	83.5	216.5	448.9	0.0	0.0	0.0	0.0	0		506	20260801-204014
s;cs	29.5	239.6	253.5	0.0	0.0	0.0	0.0	0		507	20260801-204014
c.hn	45.7	209.9	340.7	103.9	214.5	232.5	432.7	0		508	20260801-204014
j;jz	67.4	210.0	301.8	0.0	0.0	0.0	0.0	0		509	20260801-204014
ivca	231.5	0.0	0.0	115.0	0.0	0.0	0.0	1	ic	510	20260801-204014
col/	41.6	268.2	508.0	90.8	114.6	369.2	612.6	0		511	20260801-204014
ij;/	24.6	275.1	515.5	170.2	192.6	386.8	626.9	0		512	20260801-204014
murn	185.9	292.1	399.0	85.5	261.2	386.7	505.3	0		513	20260801-204014
kvzx	30.5	241.9	432.1	91.3	155.7	490.2	569.2	0		514	20260801-204014
s/u;	80.9	215.1	408.0	105.1	219.8	321.7	514.2	0		515	20260801-204014
/uk.	120.1	277.5	579.1	114.0	349.0	405.7	706.9	0		516	20260801-204014
ykwe	67.3	190.4	290.1	153.0	195.5	374.1	425.5	0		517	20260801-204014
p.dq	272.2	368.1	540.2	132.5	398.9	465.6	677.5	0		518	20260801-204014
bmf;	73.4	192.5	257.1	71.5	150.9	283.7	351.8	0		519	20260801-204014
iyt.	76.1	173.2	284.1	114.8	147.6	253.6	400.9	0		520	20260801-204014
zisf	55.5	191.8	343.4	82.4	136.7	347.6	439.6	0		521	20260801-204014
vxom	79.1	149.8	237.4	134.1	168.0	268.7	377.0	0		522	20260801-204014
.jse	182.2	0.0	0.0	178.7	0.0	0.0	0.0	1	.s	523	20260801-204014
pvrr	48.6	270.9	428.3	0.0	0.0	0.0	0.0	0		524	20260801-204014
p./y	529.4	656.9	943.9	93.7	722.2	831.8	1036.9	0		525	20260801-204014
wv.q	58.3	141.0	302.3	122.9	171.7	268.1	463.4	0		526	20260801-204014
xdwc	46.5	373.6	395.1	142.9	152.5	0.0	0.0	1	xdwv	527	20260801-204014
urqf	103.4	218.8	362.9	114.2	181.7	394.1	493.4	0		528	20260801-204014
h.sl	85.8	248.5	300.0	230.1	244.5	298.3	405.2	0		529	20260801-204014
wbco	64.8	307.6	320.8	115.0	153.2	385.8	405.3	0		530	20260801-204014
qeih	48.8	132.5	230.7	143.5	147.2	242.6	333.2	0		531	20260801-204014
k,ys	162.6	309.9	391.4	41.3	231.1	402.0	496.1	0		532	20260801-204014
xi/;	83.4	209.3	449.8	113.1	225.6	311.0	537.0	0		533	20260801-204014
pv;c	79.9	251.0	439.6	108.4	219.0	376.5	527.8	0		534	20260801-204014
,zog	0.0	0.0	0.0	0.0	0.0	0.0	0.0	1	.	535	20260801-204014
yf;.	142.5	196.3	441.7	146.0	192.0	297.3	560.6	0		536	20260801-204014
d;/w	151.1	288.7	389.3	153.6	172.0	378.3	484.0	0		537	20260801-204014
lnpm	80.6	271.6	375.2	153.4	188.9	428.3	519.6	0		538	20260801-204014
rmv,	142.2	249.9	382.0	83.5	227.3	374.3	0.0	1	rmv.	539	20260801-204014
/wch	118.3	329.2	418.0	76.0	218.7	458.0	493.3	0		540	20260801-204014
qk/o	132.2	233.5	543.6	128.5	313.5	362.6	647.9	0		541	20260801-204014
,;c/	79.8	233.5	413.5	229.2	225.1	332.0	544.4	0		542	20260801-204014
fbq,	218.6	366.8	505.8	94.4	336.6	499.7	603.3	0		543	20260801-204014
okxv	166.7	388.7	560.9	96.2	285.0	543.6	675.1	0		544	20260801-204014
,itz	251.1	467.7	652.4	0.0	0.0	0.0	0.0	1	,itt	545	20260801-204014
tdio	89.5	145.8	214.6	144.3	219.1	317.3	331.8	0		546	20260801-204014
jhbs	163.3	361.2	442.0	76.8	256.2	477.6	573.9	0		547	20260801-204014
dxik	69.1	184.9	386.6	148.7	202.5	273.9	472.1	0		548	20260801-204014
t/lv	60.8	247.9	292.4	97.8	151.7	338.0	409.1	0		549	20260801-204014
y;;z	193.1	388.1	480.7	0.0	0.0	0.0	0.0	0		550	20260801-204014
w.vi	112.3	281.8	370.6	117.1	214.0	398.8	460.1	0		551	20260801-204014
kbur	66.5	252.5	316.5	90.0	156.7	323.6	406.9	0		552	20260801-204014
zk.y	73.1	247.0	355.5	150.6	166.5	419.2	451.0	0		553	20260801-204014
ncw,	51.4	315.0	509.3	109.8	156.3	397.6	604.9	0		554	20260801-204014
cgkb	84.3	180.3	323.6	105.8	152.8	271.6	413.7	0		555	20260801-204014
wgtw	98.2	407.5	461.1	0.0	0.0	0.0	0.0	0		556	20260801-204014
xef/	241.5	393.8	490.5	147.1	315.4	497.9	605.1	0		557	20260801-204014
,upt	264.3	360.9	475.8	130.4	445.9	510.7	610.5	0		558	20260801-204014
e,a.	126.2	257.6	420.6	85.6	242.6	366.2	529.9	0		559	20260801-204014
kxdy	69.7	236.3	295.8	80.0	149.1	304.2	379.8	0		560	20260801-204014
cj.v	103.7	193.2	320.4	80.0	252.8	325.0	444.3	0		561	20260801-204014
vbix	207.7	293.4	427.0	99.2	290.0	369.2	518.3	0		562	20260801-204014
kf/g	71.7	226.2	413.6	82.8	169.8	324.5	497.7	0		563	20260801-204014
pknd	64.9	265.3	371.6	101.1	181.9	368.6	452.9	0		564	20260801-204014
ditw	77.7	205.2	304.9	71.3	169.9	391.1	480.2	0		565	20260801-204014
f,ji	100.6	222.7	329.5	116.3	135.5	402.7	425.7	0		566	20260801-204014
fduh	63.1	166.0	355.0	132.7	171.9	252.1	442.0	0		567	20260801-204014
spdr	79.6	218.9	294.8	101.7	147.0	362.8	410.3	0		568	20260801-204014
odqv	72.3	237.2	342.0	81.2	159.9	411.8	471.5	0		569	20260801-204014
my.e	181.9	360.4	426.9	70.3	234.3	477.2	496.6	0		570	20260801-204014
scmf	81.1	166.6	329.1	124.8	193.6	275.2	436.8	0		571	20260801-204014
fkt,	105.7	226.3	302.5	97.9	185.2	306.0	410.8	0		572	20260801-204014
;gcx	144.7	237.7	417.3	114.4	276.5	317.0	568.0	0		573	20260801-204014
ucq;	65.3	170.7	227.6	100.8	155.7	290.8	332.9	0		574	20260801-204014
mk/,	76.4	249.7	481.7	180.6	162.1	406.6	580.2	0		575	20260801-204014
ru.j	83.5	163.2	349.5	154.2	218.2	291.2	441.1	0		576	20260801-204014
cll.	132.1	251.8	479.6	0.0	0.0	0.0	0.0	0		577	20260801-204014
ln;e	56.1	203.6	301.0	109.7	152.2	323.2	375.1	0		578	20260801-204014
lkey	54.6	153.0	260.5	119.8	164.7	234.4	393.1	0		579	20260801-204014
v/yp	80.0	298.6	352.3	129.0	187.5	403.7	489.8	0		580	20260801-204014
yzy;	38.0	182.5	327.0	0.0	0.0	0.0	0.0	0		581	20260801-204014
xx;b	139.0	260.4	377.0	0.0	0.0	0.0	0.0	0		582	20260801-204014
vwcv	52.9	331.5	393.5	0.0	0.0	0.0	0.0	0		583	20260801-204014
blqo	113.1	313.4	317.0	116.7	150.3	321.4	343.4	0		584	20260801-204014
h;..	43.6	274.5	439.4	0.0	0.0	0.0	0.0	0		585	20260801-204014
kvj.	46.8	242.5	313.2	67.0	176.5	403.7	451.2	0		586	20260801-204014
tfil	180.7	249.4	321.9	72.0	278.0	376.9	456.1	0		587	20260801-204014
t;aq	21.7	288.9	490.5	56.5	111.7	429.9	566.4	0		588	20260801-204014
mb,i	69.3	316.4	0.0	94.6	163.0	0.0	0.0	1	mbk	589	20260801-204014
geah	166.6	225.5	347.4	108.4	271.6	350.8	415.4	0		590	20260801-204014
pjgm	44.9	196.1	282.6	119.0	148.5	288.2	407.6	0		591	20260801-204014
doyd	55.3	115.1	173.5	0.0	0.0	0.0	0.0	0		592	20260801-204014
z;pa	21.6	186.7	0.0	58.8	81.1	0.0	0.0	1	z;a	593	20260801-204014
jnms	177.9	308.4	378.9	72.2	252.8	420.0	496.5	0		594	20260801-204014
z,ft	91.9	169.5	353.8	103.1	162.1	248.5	444.9	0		595	20260801-204014
azim	194.2	266.6	307.2	76.4	298.2	381.5	460.8	0		596	20260801-204014
pic.	9.9	104.6	244.0	51.5	108.9	190.2	368.2	0		597	20260801-204014
y/vx	89.7	249.6	352.1	157.1	214.6	0.0	0.0	1	y/vs	598	20260801-204014
rtj.	204.5	244.1	365.9	98.5	296.2	418.5	525.6	0		599	20260801-204014
hi;y	78.5	199.3	370.0	150.9	167.7	328.4	455.4	0		600	20260801-204014
p/i.	219.4	379.9	646.5	96.8	317.5	485.2	0.0	1	p/il	601	20260801-204014
;fti	64.2	263.0	282.5	110.8	152.0	352.7	381.7	0		602	20260801-204014
axfw	182.6	376.5	463.0	104.8	297.3	531.6	599.8	0		603	20260801-204014
qheo	58.8	156.1	208.3	81.6	129.4	236.4	320.5	0		604	20260801-204014
jrom	0.0	0.0	0.0	0.0	0.0	0.0	0.0	1	i	605	20260801-204014
oxcu	18.4	212.4	265.8	86.3	111.0	298.2	349.4	0		606	20260801-204014
zvnu	38.8	157.2	307.3	155.2	163.6	207.7	388.8	0		607	20260801-204014
u,u,	99.8	239.6	383.4	0.0	0.0	0.0	0.0	0		608	20260801-204014
kdho	84.9	161.0	244.5	73.3	171.2	283.5	330.7	0		609	20260801-204014
;whg	87.4	187.2	357.7	104.5	178.6	293.1	456.3	0		610	20260801-204014
y.xi	80.6	203.0	329.5	159.4	220.1	313.1	410.3	0		611	20260801-204014
qqto	140.5	315.6	372.6	0.0	0.0	0.0	0.0	0		612	20260801-204014
vz.;	58.7	179.6	400.9	136.1	168.1	272.6	505.8	0		613	20260801-204014
aoki	58.1	249.7	453.6	121.2	158.9	340.0	555.5	0		614	20260801-204014
rlvp	74.4	351.3	384.4	103.1	216.1	407.1	481.9	0		615	20260801-204014
vbze	216.0	367.1	532.9	109.4	299.6	521.8	617.7	0		616	20260801-204014
/spi	92.0	367.8	432.1	83.0	194.3	509.0	646.2	0		617	20260801-204014
zxlg	100.5	225.5	339.1	185.0	198.4	333.4	433.8	0		618	20260801-204014
eald	98.5	222.7	334.0	159.8	218.1	311.3	422.6	0		619	20260801-204014
jm.,	184.8	407.4	584.7	90.8	299.7	644.1	707.6	0		620	20260801-204014
hftp	79.5	258.9	275.2	114.5	157.5	350.8	368.6	0		621	20260801-204014
lwyx	52.6	184.3	332.4	93.2	143.7	278.9	432.4	0		622	20260801-204014
pxbe	65.5	264.9	344.3	97.8	156.1	397.2	468.9	0		623	20260801-204014
rc.h	70.1	134.8	261.1	129.8	218.6	264.4	365.0	0		624	20260801-204014
.lna	211.9	291.3	467.7	84.8	337.0	413.0	565.8	0		625	20260801-204014
/deo	80.6	269.3	318.4	107.2	156.2	343.5	411.5	0		626	20260801-204014
bfds	212.5	364.5	492.6	80.1	315.0	539.2	628.1	0		627	20260801-204014
b,je	87.7	226.0	316.3	79.3	163.2	355.9	396.8	0		628	20260801-204014
;hfo	257.2	0.0	0.0	122.2	0.0	0.0	0.0	1	;f	629	20260801-204014
f,tj	74.8	226.9	302.0	100.6	176.3	322.1	445.8	0		630	20260801-204014
o;nf	211.8	479.1	0.0	70.6	282.5	0.0	0.0	1	o;f	631	20260801-204014
,ruz	113.3	214.4	364.2	97.0	200.4	323.8	481.7	0		632	20260801-204014
,phs	5.2	196.2	215.6	51.8	117.1	252.4	324.5	0		633	20260801-204014
x,zb	110.1	270.0	307.9	104.3	217.7	390.1	421.2	0		634	20260801-204014
uq;y	44.4	149.6	232.3	48.3	146.0	284.5	331.3	0		635	20260801-204014
xrt,	166.9	414.4	500.9	163.4	282.8	492.3	623.0	0		636	20260801-204014
dt.n	80.2	95.0	191.5	98.1	169.5	251.6	300.6	0		637	20260801-204014
ulw;	40.0	150.6	244.3	139.0	142.6	248.7	366.3	0		638	20260801-204014
ujvw	200.2	347.5	444.6	87.8	344.1	535.9	582.8	0		639	20260801-204014
sqd;	126.9	387.2	458.6	109.1	266.9	476.1	565.5	0		640	20260801-204014
d,p,	51.8	238.5	422.2	0.0	0.0	0.0	0.0	0		641	20260801-204014
qbip	97.1	192.8	246.5	160.0	189.3	311.0	400.9	0		642	20260801-204014
tt.h	155.4	259.5	361.3	0.0	0.0	0.0	0.0	0		643	20260801-204014
.kuh	268.9	330.2	525.0	132.5	394.0	451.4	623.9	0		644	20260801-204014
cw;,	30.8	192.7	586.0	112.9	194.7	265.8	657.6	0		645	20260801-204014
qw/;	50.2	163.4	0.0	0.0	0.0	0.0	0.0	1	qw;	646	20260801-204014
kmt.	99.5	125.6	294.9	109.5	159.4	210.1	404.3	0		647	20260801-204014
tzbr	57.5	295.6	499.5	113.0	169.7	372.1	590.0	0		648	20260801-204014
kcbl	52.8	243.2	305.5	89.0	146.8	336.2	406.1	0		649	20260801-204014
/zua	71.5	170.1	320.1	74.6	175.4	261.2	455.6	0		650	20260801-204014
nurq	167.2	227.6	435.9	82.1	253.9	318.5	531.0	0		651	20260801-204014
vwfe	75.2	283.4	344.8	156.5	171.7	421.2	522.7	0		652	20260801-204014
sii;	116.8	266.2	469.9	0.0	0.0	0.0	0.0	0		653	20260801-204014
;d,/	91.0	236.8	361.5	0.0	0.0	0.0	0.0	1	;d,;	654	20260801-204014
x;xm	77.8	206.9	302.9	0.0	0.0	0.0	0.0	0		655	20260801-204014
jze.	50.2	265.7	373.5	108.6	154.2	339.6	507.1	0		656	20260801-204014
.hwa	168.9	180.9	638.4	118.7	251.9	303.2	0.0	1	.hws	657	20260801-204014
ynr;	200.5	304.3	491.5	79.0	293.1	392.2	536.1	0		658	20260801-204014
r/is	54.2	210.2	259.3	95.3	147.3	316.5	374.2	0		659	20260801-204014
vjgo	56.2	255.3	283.5	92.2	146.1	306.0	378.8	0		660	20260801-204014
ewxy	31.2	279.7	362.8	109.6	130.1	367.8	460.1	0		661	20260801-204014
jw/j	54.7	222.1	347.1	0.0	0.0	0.0	0.0	0		662	20260801-204014
myyz	209.6	348.3	420.7	0.0	0.0	0.0	0.0	0		663	20260801-204014
zq,f	219.2	300.7	426.4	105.1	310.6	395.5	540.4	0		664	20260801-204014
dz,l	38.2	173.5	381.3	115.5	206.1	400.3	519.5	0		665	20260801-204014
wlq.	107.3	200.9	340.7	97.2	211.8	320.2	466.8	0		666	20260801-204014
f.so	65.7	181.4	280.0	87.0	145.5	278.1	374.0	0		667	20260801-204014
xedf	214.3	424.0	530.3	116.2	262.6	560.2	650.6	0		668	20260801-204014
tzsx	96.0	296.8	574.1	132.1	266.4	416.4	665.6	0		669	20260801-204014
v.li	102.4	305.3	351.1	128.2	178.8	479.7	534.9	0		670	20260801-204014
mzhr	34.5	202.0	282.8	72.7	145.3	304.4	371.8	0		671	20260801-204014
z/bc	49.0	241.6	400.1	78.1	162.7	484.8	437.9	0		672	20260801-204014
flx/	52.9	174.7	290.0	66.2	153.3	293.3	388.1	0		673	20260801-204014
,y,x	92.6	292.9	388.2	0.0	0.0	0.0	0.0	0		674	20260801-204014
;,lu	204.1	396.3	458.8	113.1	284.2	543.4	583.8	0		675	20260801-204014
dzaz	62.6	323.7	0.0	0.0	0.0	0.0	0.0	1	dzz	676	20260801-204014
sclb	82.3	201.0	379.6	130.2	195.6	314.5	478.9	0		677	20260801-204014
eudr	63.2	215.7	292.4	70.7	159.8	349.2	401.8	0		678	20260801-204014
qsif	267.2	391.9	474.3	143.9	369.9	481.9	597.4	0		679	20260801-204014
ddsy	138.5	302.7	415.5	0.0	0.0	0.0	0.0	0		680	20260801-204014
fh.e	45.2	246.9	263.2	91.7	125.1	336.4	347.7	0		681	20260801-204014
m;,a	26.0	291.5	0.0	153.5	161.1	0.0	0.0	1	m;.	682	20260801-204014
xh/.	118.6	159.5	366.6	127.3	260.0	291.7	484.4	0		683	20260801-204014
dtvx	60.1	358.4	636.2	136.8	164.9	640.7	765.8	0		684	20260801-204014
.//f	230.2	405.8	517.1	0.0	0.0	0.0	0.0	0		685	20260801-204014
o,/q	203.2	366.7	563.5	84.2	322.5	526.1	674.9	0		686	20260801-204014
vazb	55.6	325.0	380.6	129.0	203.1	454.6	483.0	0		687	20260801-204014
amud	60.7	228.2	281.9	106.1	132.8	317.2	353.1	0		688	20260801-204014
bp.p	46.4	256.9	472.3	0.0	0.0	0.0	0.0	0		689	20260801-204014
bowl	46.0	164.3	250.4	72.2	108.3	258.4	346.2	0		690	20260801-204014
anjg	67.1	222.7	281.3	88.9	180.6	328.0	369.8	0		691	20260801-204014
.a,m	112.5	246.0	473.6	133.9	242.5	386.8	598.3	0		692	20260801-204014
vnjj	112.1	277.8	433.4	0.0	0.0	0.0	0.0	0		693	20260801-204014
j;yw	39.9	243.0	333.2	113.1	150.8	311.4	421.5	0		694	20260801-204014
ecc.	242.6	385.6	469.6	0.0	0.0	0.0	0.0	0		695	20260801-204014
e;ci	43.5	241.1	254.3	72.2	144.3	304.3	353.9	0		696	20260801-204014
i.yh	69.7	376.2	578.6	206.2	185.9	474.8	663.0	0		697	20260801-204014
;rpl	81.7	234.3	373.0	117.7	179.5	370.9	0.0	1	;rph	698	20260801-204014
u;ec	63.5	210.0	435.6	174.6	178.3	287.0	525.1	0		699	20260801-204014
,qm.	303.4	396.0	801.7	110.6	392.8	503.7	882.1	0		700	20260801-204014
fqd.	59.0	357.5	362.4	164.4	168.6	366.8	454.2	0		701	20260801-204014
vjdp	56.6	222.2	308.4	85.6	173.1	302.5	404.5	0		702	20260801-204014
ruq.	84.1	247.1	367.7	102.3	179.9	365.7	526.9	0		703	20260801-204014
m;xd	36.7	185.1	327.2	156.9	170.2	350.7	426.3	0		704	20260801-204014
;k;g	76.6	303.1	462.0	0.0	0.0	0.0	0.0	0		705	20260801-204014
ld/g	48.0	194.7	253.4	55.5	123.1	280.1	344.9	0		706	20260801-204014
.x/t	99.2	221.2	327.4	106.5	176.0	321.4	407.2	0		707	20260801-204014
qyfh	90.9	202.4	285.0	120.4	168.5	316.0	375.1	0		708	20260801-204014
tnxi	60.2	197.3	238.9	85.6	123.7	294.4	325.7	0		709	20260801-204014
zyqj	120.3	228.5	303.6	116.3	162.0	320.0	392.3	0		710	20260801-204014
ydl;	74.7	171.1	388.3	85.9	157.0	285.1	479.9	0		711	20260801-204014
dh.k	30.3	205.3	393.1	84.3	126.4	292.6	458.6	0		712	20260801-204014
weh,	46.2	146.7	329.9	133.2	142.8	274.9	438.1	0		713	20260801-204014
,efp	76.4	222.6	290.4	114.5	172.6	368.3	391.9	0		714	20260801-204014
o;l.	174.3	396.3	596.5	83.4	300.1	488.9	693.6	0		715	20260801-204014
wxux	216.0	323.0	405.0	0.0	0.0	0.0	0.0	0		716	20260801-204014
kjlk	37.1	218.7	293.8	0.0	0.0	0.0	0.0	0		717	20260801-204014
dzv,	24.2	303.9	414.3	87.2	157.8	426.5	495.3	0		718	20260801-204014
qtr.	148.3	327.2	414.9	139.9	217.6	417.6	541.0	0		719	20260801-204014
xfmd	89.2	195.1	324.6	154.8	185.0	302.9	405.5	0		720	20260801-204014
.,at	55.9	164.2	265.5	133.7	185.7	276.2	350.3	0		721	20260801-204014
p/u.	221.1	366.3	553.1	155.3	341.1	461.9	680.1	0		722	20260801-204014
qfr/	102.7	306.3	457.3	139.5	207.8	393.8	598.6	0		723	20260801-204014
tpcf	52.8	284.9	338.5	100.0	165.7	421.4	443.4	0		724	20260801-204014
uoba	55.4	160.9	245.5	156.6	153.2	351.7	378.3	0		725	20260801-204014
k.uh	182.9	363.4	538.0	75.5	277.6	429.8	618.6	0		726	20260801-204014
lfzl	46.2	230.5	301.0	0.0	0.0	0.0	0.0	0		727	20260801-204014
nc,m	94.2	230.3	391.4	80.6	198.0	346.2	525.2	0		728	20260801-204014
k/mo	78.3	297.6	429.2	153.0	210.0	484.1	521.4	0		729	20260801-204014
dmta	106.1	182.5	325.9	78.1	192.0	284.7	0.0	1	dmtq	730	20260801-204014
/i,y	169.9	397.4	604.5	111.1	267.5	477.6	686.5	0		731	20260801-204014
se;x	27.3	188.1	396.6	138.5	136.5	392.3	492.3	0		732	20260801-204014
xgst	97.8	315.5	384.4	111.4	181.7	472.5	530.6	0		733	20260801-204014
bxu/	107.0	194.1	617.8	79.7	207.0	366.1	727.0	0		734	20260801-204014
ih.y	0.0	0.0	0.0	0.0	0.0	0.0	0.0	1	h	735	20260801-204014
t.p;	17.2	267.7	478.1	102.5	190.9	360.8	576.6	0		736	20260801-204014
eyu/	115.1	243.0	463.1	109.6	178.7	360.5	602.3	0		737	20260801-204014
vopo	59.7	307.3	421.8	0.0	0.0	0.0	0.0	0		738	20260801-204014
,c.i	57.8	196.8	384.0	67.5	153.8	387.8	486.4	0		739	20260801-204014
zcm/	232.4	283.1	449.4	117.7	313.3	389.0	576.3	0		740	20260801-204014
xtrg	203.8	370.3	569.7	89.1	269.5	440.6	656.5	0		741	20260801-204014
hhde	106.0	225.8	414.2	0.0	0.0	0.0	0.0	0		742	20260801-204014
kb/;	82.6	238.4	460.0	133.4	176.0	332.7	548.5	0		743	20260801-204014
cvoc	44.6	171.9	288.4	0.0	0.0	0.0	0.0	0		744	20260801-204014
ip;x	236.7	497.8	605.7	223.5	336.9	614.8	692.3	0		745	20260801-204014
ogrg	87.9	298.3	478.6	0.0	0.0	0.0	0.0	0		746	20260801-204014
l.es	203.9	290.6	454.0	100.8	306.8	353.5	562.2	0		747	20260801-204014
fwcz	51.5	452.8	581.6	149.1	176.6	594.5	707.6	0		748	20260801-204014
qhs/	67.7	232.8	284.2	110.3	148.4	331.7	398.2	0		749	20260801-204014
j.cl	97.0	184.3	308.7	175.0	200.7	276.4	388.4	0		750	20260801-204014
pomx	32.5	270.7	441.5	143.2	193.4	383.8	544.2	0		751	20260801-204014
,rdg	143.5	290.6	483.3	151.3	186.6	409.7	599.6	0		752	20260801-204014
cbxo	68.1	279.4	373.0	120.1	136.9	382.3	473.1	0		753	20260801-204014
swt/	213.5	430.1	703.9	107.3	299.2	514.5	820.1	0		754	20260801-204014
qnq,	94.2	196.8	354.6	0.0	0.0	0.0	0.0	0		755	20260801-204014
,fmg	0.0	0.0	0.0	0.0	0.0	0.0	0.0	1	.	756	20260801-204014
e/;c	152.3	461.6	876.2	147.4	227.6	562.7	959.0	0		757	20260801-204014
dgbe	90.6	287.5	337.7	105.8	170.1	459.9	506.2	0		758	20260801-204014
xj/;	107.8	233.0	487.8	101.6	305.6	369.4	615.0	0		759	20260801-204014
xyyp	143.5	271.4	416.1	0.0	0.0	0.0	0.0	0		760	20260801-204014
.uap	80.2	234.3	314.9	146.2	191.8	333.7	452.4	0		761	20260801-204014
,d.m	88.8	295.2	464.3	107.6	179.4	394.2	589.2	0		762	20260801-204014
lc,j	95.7	246.4	365.6	98.5	195.7	346.4	500.9	0		763	20260801-204014
x;bo	73.9	225.3	283.4	77.5	160.5	302.8	369.3	0		764	20260801-204014
dw,s	41.3	145.4	254.7	97.5	127.0	230.7	350.6	0		765	20260801-204014
ojov	28.7	250.6	330.3	0.0	0.0	0.0	0.0	0		766	20260801-204014
.vcb	123.8	199.1	382.8	146.7	246.4	279.5	456.8	0		767	20260801-204014
qhyg	95.2	247.6	298.0	133.3	170.4	347.5	398.5	0		768	20260801-204014
jmc.	194.4	306.9	375.1	105.4	279.6	402.0	498.0	0		769	20260801-204014
svqf	40.9	272.9	331.7	139.3	185.6	395.3	457.2	0		770	20260801-204014
u,hx	290.5	0.0	0.0	109.2	0.0	0.0	0.0	1	um	771	20260801-204014
ozxw	87.2	330.7	514.2	119.1	212.6	410.8	0.0	1	ozxq	772	20260801-204014
;tms	68.4	188.5	285.9	95.3	152.2	311.3	387.6	0		773	20260801-204014
svb.	96.9	374.8	476.2	116.4	173.5	403.9	613.9	0		774	20260801-204014
q;rb	62.3	144.9	362.4	83.1	244.9	248.7	444.7	0		775	20260801-204014
a;b/	12.5	163.2	242.4	43.2	99.7	255.4	346.1	0		776	20260801-204014
f;im	88.8	212.1	332.8	97.2	164.5	358.0	448.8	0		777	20260801-204014
z/t,	66.2	224.1	365.3	88.8	158.0	363.5	376.9	0		778	20260801-204014
hglv	56.9	123.6	288.7	66.1	134.4	220.6	384.1	0		779	20260801-204014
perb	57.5	110.6	346.8	79.4	185.0	188.5	404.3	0		780	20260801-204014
hwcf	36.5	280.8	432.6	99.4	138.4	457.7	522.4	0		781	20260801-204014
hlvp	47.5	153.4	286.4	131.8	150.0	281.3	363.2	0		782	20260801-204014
zf.w	53.2	133.9	268.4	129.8	150.7	251.5	354.0	0		783	20260801-204014
kirb	187.6	251.2	468.8	84.1	255.0	333.9	564.0	0		784	20260801-204014
;dnp	69.3	185.3	312.8	98.2	152.8	292.5	409.7	0		785	20260801-204014
xyav	96.0	257.5	319.8	93.6	165.0	351.8	456.6	0		786	20260801-204014
mlpy	86.6	0.0	0.0	0.0	0.0	0.0	0.0	1	m;	787	20260801-204014
gxoe	60.4	165.0	280.3	114.5	143.7	251.8	347.5	0		788	20260801-204014
nn,c	128.8	335.2	437.4	0.0	0.0	0.0	0.0	0		789	20260801-204014
/bx.	94.8	255.4	298.7	119.9	165.8	353.3	408.5	0		790	20260801-204014
xfg,	78.1	268.7	309.7	146.7	167.5	370.4	402.3	0		791	20260801-204014
/acp	89.3	263.2	332.1	103.1	201.9	345.7	436.0	0		792	20260801-204014
v,vu	68.0	166.8	256.3	0.0	0.0	0.0	0.0	0		793	20260801-204014
idiz	79.7	176.3	353.3	0.0	0.0	0.0	0.0	0		794	20260801-204014
qctr	184.5	384.0	566.1	102.5	282.9	469.2	661.4	0		795	20260801-204014
r;k,	77.7	274.2	477.7	124.5	191.7	370.8	578.0	0		796	20260801-204014
sjy;	53.4	245.5	425.9	100.0	146.4	327.5	535.9	0		797	20260801-204014
t/sy	71.8	185.9	297.8	80.7	155.6	292.3	372.9	0		798	20260801-204014
.t;z	91.7	296.8	439.1	125.5	196.5	399.0	554.0	0		799	20260801-204014
pmwt	84.6	216.5	422.1	188.9	197.9	388.2	534.2	0		800	20260801-204014
r;qn	69.1	270.6	347.8	84.7	180.5	389.1	440.6	0		801	20260801-204014
adl.	42.9	117.8	337.5	192.6	150.5	228.9	439.0	0		802	20260801-204014
h,;/	57.0	231.3	503.0	167.4	180.5	351.1	616.7	0		803	20260801-204014
/nvv	202.8	316.9	493.2	0.0	0.0	0.0	0.0	0		804	20260801-204014
jvp.	68.7	216.4	475.1	111.9	185.6	297.5	589.4	0		805	20260801-204014
q.tv	52.5	215.1	462.7	105.0	205.0	311.7	601.7	0		806	20260801-204014
r,rh	133.2	229.1	354.3	0.0	0.0	0.0	0.0	0		807	20260801-204014
ecxw	232.2	423.7	641.7	83.7	306.8	515.5	727.1	0		808	20260801-204014
,uy,	190.2	366.4	705.9	104.5	282.7	464.2	0.0	1	,uyv	809	20260801-204014
au/c	69.9	233.5	374.3	115.0	183.1	383.7	468.7	0		810	20260801-204014
/qrg	75.6	151.2	251.0	126.1	208.4	0.0	0.0	1	/qrh	811	20260801-204014
ff.k	156.9	242.6	412.5	0.0	0.0	0.0	0.0	0		812	20260801-204014
imsp	76.0	163.2	284.4	157.9	184.8	256.3	383.7	0		813	20260801-204014
f/xm	80.3	219.6	287.1	88.6	203.6	328.4	396.3	0		814	20260801-204014
ayyt	105.4	219.7	329.9	0.0	0.0	0.0	0.0	0		815	20260801-204014
/onw	222.6	275.2	358.5	112.8	363.9	376.3	453.0	0		816	20260801-204014
q,gv	74.7	233.2	503.7	137.0	215.7	351.5	619.6	0		817	20260801-204014
r..o	172.4	320.4	527.8	0.0	0.0	0.0	0.0	0		818	20260801-204014
j.jl	69.7	310.9	371.9	0.0	0.0	0.0	0.0	0		819	20260801-204014
d,df	128.0	205.1	374.2	0.0	0.0	0.0	0.0	0		820	20260801-204014
liab	75.2	155.1	228.2	162.6	210.4	275.0	360.3	0		821	20260801-204014
v,te	78.3	231.3	305.3	91.7	192.4	348.0	410.0	0		822	20260801-204014
qjya	64.5	221.4	252.3	96.6	140.1	300.7	360.7	0		823	20260801-204014
;ior	70.8	330.0	443.7	168.7	247.7	437.5	533.4	0		824	20260801-204014
ikvs	182.7	276.7	407.6	78.2	269.2	484.1	506.7	0		825	20260801-204014
,uan	151.2	209.4	386.2	104.2	243.4	327.2	475.2	0		826	20260801-204014
vd./	67.2	111.4	336.5	148.9	141.1	219.1	456.1	0		827	20260801-204014
m/jm	41.1	267.0	464.2	0.0	0.0	0.0	0.0	0		828	20260801-204014
m/v/	72.2	168.0	261.9	0.0	0.0	0.0	0.0	0		829	20260801-204014
x.f.	62.4	192.4	262.3	0.0	0.0	0.0	0.0	0		830	20260801-204014
gctz	85.2	287.7	380.0	138.9	151.3	423.5	519.3	0		831	20260801-204014
/m//	44.4	222.4	395.5	0.0	0.0	0.0	0.0	0		832	20260801-204014
gdai	69.7	188.9	278.6	124.3	137.3	315.7	363.4	0		833	20260801-204014
c..i	131.8	274.8	486.0	0.0	0.0	0.0	0.0	0		834	20260801-204014
ui.r	63.0	264.7	352.0	152.4	185.2	417.2	437.3	0		835	20260801-204014
fdtk	55.4	246.8	288.9	116.6	144.0	331.4	363.5	0		836	20260801-204014
h.is	45.7	223.0	288.0	134.1	216.0	314.5	381.0	0		837	20260801-204014
lej/	73.0	180.1	341.2	106.9	177.8	354.7	458.3	0		838	20260801-204014
mrrn	148.1	305.1	393.0	0.0	0.0	0.0	0.0	0		839	20260801-204014
zgmj	101.3	210.7	435.9	112.4	213.6	346.2	538.1	0		840	20260801-204014
unlc	210.6	302.2	392.2	74.3	268.7	435.0	485.6	0		841	20260801-204014
fz..	67.1	198.6	351.0	0.0	0.0	0.0	0.0	0		842	20260801-204014
h/vv	68.0	245.9	429.1	0.0	0.0	0.0	0.0	0		843	20260801-204014
zbk,	64.9	181.7	390.7	148.6	150.6	271.8	475.8	0		844	20260801-204014
,e,n	130.3	243.6	539.5	0.0	0.0	0.0	0.0	0		845	20260801-204014
gow;	53.8	160.8	294.8	86.2	150.0	258.6	400.7	0		846	20260801-204014
c/bq	80.4	253.2	392.8	96.0	212.5	406.0	516.4	0		847	20260801-204014
zxda	74.3	324.4	386.6	126.0	167.3	420.0	507.0	0		848	20260801-204014
fyja	38.4	239.2	254.1	93.7	110.8	343.8	373.5	0		849	20260801-204014
px/,	76.5	439.6	702.2	95.6	172.2	544.0	785.6	0		850	20260801-204014
qff;	226.4	382.5	488.2	0.0	0.0	0.0	0.0	0		851	20260801-204014
rhng	55.8	233.5	319.7	95.5	134.7	335.8	421.3	0		852	20260801-204014
in,/	113.7	367.7	574.3	197.1	251.0	582.6	736.0	0		853	20260801-204014
eqow	2.1	107.1	232.7	59.1	110.2	209.6	327.9	0		854	20260801-204014
i.wz	214.7	286.3	572.3	74.6	315.8	383.9	717.1	0		855	20260801-204014
.r/i	94.7	237.4	423.9	104.3	184.8	374.1	529.7	0		856	20260801-204014
bryt	202.7	294.6	418.2	76.3	283.3	378.1	495.2	0		857	20260801-204014
e/nq	47.1	240.5	304.1	88.9	156.6	342.0	410.1	0		858	20260801-204014
mofg	58.8	161.1	356.0	140.5	159.1	248.2	436.6	0		859	20260801-204014
dkl.	56.7	250.4	517.7	101.5	167.2	361.2	648.7	0		860	20260801-204014
unft	193.7	226.4	422.0	89.0	299.7	311.6	504.9	0		861	20260801-204014
.fpm	123.0	257.7	429.1	127.0	221.0	368.3	526.8	0		862	20260801-204014
,lal	165.4	255.0	370.2	0.0	0.0	0.0	0.0	0		863	20260801-204014
/.y,	212.5	450.7	634.1	115.5	342.8	541.0	737.0	0		864	20260801-204014
n,wd	129.6	255.8	367.1	220.0	227.2	422.4	494.5	0		865	20260801-204014
wmdp	101.6	228.2	302.7	104.4	200.7	320.3	402.5	0		866	20260801-204014
myw,	188.1	271.1	435.8	65.8	253.0	363.0	532.3	0		867	20260801-204014
lib.	85.9	250.9	354.9	172.9	204.4	345.9	0.0	1	lib,	868	20260801-204014
ewk;	68.8	231.9	311.0	145.2	190.9	369.5	422.0	0		869	20260801-204014
c.f,	92.1	217.3	327.5	102.1	210.4	321.3	439.2	0		870	20260801-204014
sv;v	49.3	163.3	291.7	0.0	0.0	0.0	0.0	0		871	20260801-204014
ozz/	137.2	289.9	373.2	0.0	0.0	0.0	0.0	0		872	20260801-204014
jzon	128.2	194.5	278.7	95.5	248.9	324.3	382.9	0		873	20260801-204014
mr,b	89.7	182.3	344.3	91.5	169.7	302.8	426.3	0		874	20260801-204014
nlba	53.9	126.8	203.7	131.0	135.6	0.0	0.0	1	nlbs	876	20260801-204014
s/a/	94.5	198.5	260.7	0.0	0.0	0.0	0.0	0		877	20260801-204014
e,nw	72.3	231.3	0.0	83.3	170.1	0.0	0.0	1	e,w	878	20260801-204014
sxyw	223.3	309.0	492.3	93.2	314.7	396.6	600.4	0		879	20260801-204014
ehsr	73.1	204.8	273.0	85.2	152.8	312.1	388.7	0		880	20260801-204014
klkc	50.0	236.2	340.5	0.0	0.0	0.0	0.0	0		881	20260801-204014
tqoy	56.7	164.6	219.8	144.7	183.6	251.7	324.5	0		882	20260801-204014
hfw.	71.5	199.3	328.7	88.6	169.5	312.5	446.7	0		883	20260801-204014
tgok	197.1	288.9	479.7	74.7	294.3	389.3	571.6	0		884	20260801-204014
juik	245.1	0.0	0.0	110.5	0.0	0.0	0.0	1	ji	885	20260801-204014
w,ug	85.2	252.2	319.6	114.2	166.0	368.3	423.3	0		886	20260801-204014
kcid	96.2	231.5	331.9	81.3	191.7	327.6	412.8	0		887	20260801-204014
erqc	34.7	124.8	448.2	160.2	162.6	250.2	544.1	0		888	20260801-204014
wpqx	97.2	195.7	437.4	85.8	188.7	304.4	534.9	0		889	20260801-204014
gsw;	75.9	256.5	304.0	152.6	149.3	342.1	406.6	0		890	20260801-204014
i;i/	60.0	289.4	522.9	0.0	0.0	0.0	0.0	0		891	20260801-204014
ximu	62.5	230.7	386.9	109.0	161.3	289.5	496.9	0		892	20260801-204014
xqtm	14.5	217.7	278.1	100.5	131.9	311.9	371.4	0		893	20260801-204014
jsxa	56.9	319.2	394.3	109.5	150.4	460.9	535.1	0		894	20260801-204014
vdoy	91.5	189.2	308.6	168.1	181.5	306.8	391.8	0		895	20260801-204014
f/z.	93.7	210.9	286.9	84.9	166.6	330.5	427.4	0		896	20260801-204014
gb;;	205.8	284.3	456.2	0.0	0.0	0.0	0.0	0		897	20260801-204014
fsxb	73.5	458.5	629.3	148.9	222.3	547.6	744.7	0		898	20260801-204014
p/qk	212.7	292.1	422.4	100.3	334.3	411.8	517.6	0		899	20260801-204014
wqxs	60.4	404.5	820.0	198.5	201.6	598.5	924.5	0		900	20260801-204014
hriv	56.5	155.7	268.4	94.7	143.8	255.2	368.1	0		901	20260801-204014
s,w/	110.6	214.6	334.7	95.6	190.4	315.4	422.0	0		902	20260801-204014
r;gf	103.9	251.8	0.0	84.3	202.6	0.0	0.0	1	r;f	903	20260801-204014
hlss	76.3	166.0	321.2	0.0	0.0	0.0	0.0	0		904	20260801-204014
on,w	98.6	334.7	378.8	169.7	189.5	415.8	463.3	0		905	20260801-204014
/qlw	105.3	242.4	347.9	129.2	220.9	357.2	469.5	0		1	20260801-225431
oyiy	101.8	322.9	508.5	0.0	0.0	0.0	0.0	0		2	20260801-225431
h/jq	79.9	281.1	438.5	148.5	244.1	404.4	535.6	0		3	20260801-225431
kiel	173.5	284.9	392.4	72.6	260.2	365.4	504.1	0		4	20260801-225431
,xfk	101.4	248.2	351.0	132.3	217.6	367.8	454.3	0		5	20260801-225431
f,vg	122.3	317.5	561.9	115.0	245.2	424.5	656.3	0		6	20260801-225431
fpse	89.0	227.6	341.8	94.2	181.2	423.1	462.0	0		7	20260801-225431
r,ko	63.7	292.7	494.3	82.8	182.2	391.0	0.0	1	r,ki	8	20260801-225431
cua.	88.9	274.4	345.3	80.7	172.6	381.2	463.6	0		9	20260801-225431
mlql	68.1	191.5	265.3	0.0	0.0	0.0	0.0	0		10	20260801-225431
,et.	69.8	241.4	357.1	93.0	179.5	348.3	503.2	0		11	20260801-225431
;/uz	593.8	738.5	881.4	108.7	679.4	843.7	1024.0	0		12	20260801-225431
/vpu	109.0	290.7	369.3	107.0	234.9	423.7	482.0	0		13	20260801-225431
qscw	331.0	569.7	767.6	159.8	440.3	688.1	865.9	0		14	20260801-225431
,ibx	217.0	321.1	589.8	92.8	302.8	409.3	673.8	0		15	20260801-225431
zpkf	68.4	263.5	353.8	117.5	179.2	370.6	452.9	0		16	20260801-225431
s.iw	66.6	274.5	345.4	113.6	161.2	393.1	455.6	0		17	20260801-225431
shzw	82.5	284.4	523.3	91.0	172.2	396.6	608.2	0		18	20260801-225431
fvbt	234.0	445.0	638.9	81.7	334.7	524.5	721.8	0		19	20260801-225431
oj/m	57.4	311.6	498.1	137.6	173.9	454.6	619.8	0		1	20260802-220236
sbs;	83.4	246.3	319.0	0.0	0.0	0.0	0.0	0		2	20260802-220236
pjqv	67.1	0.0	0.0	0.0	0.0	0.0	0.0	1	pq	3	20260802-220236
je,x	65.7	204.6	360.8	102.6	145.5	352.2	462.9	0		4	20260802-220236
b.iy	73.4	295.5	382.1	108.4	179.6	442.0	476.4	0		5	20260802-220236
n/sw	71.0	179.4	413.8	165.2	215.1	309.3	538.2	0		6	20260802-220236
/gud	157.1	233.7	358.3	136.0	245.2	337.4	446.0	0		7	20260802-220236
f,,w	208.0	331.7	437.0	0.0	0.0	0.0	0.0	0		8	20260802-220236
gil.	86.5	187.1	364.3	134.1	236.9	280.1	504.5	0		9	20260802-220236
doau	131.9	211.6	337.7	69.5	206.0	339.7	447.4	0		10	20260802-220236
thgk	96.2	239.1	287.7	89.6	196.1	361.3	410.0	0		11	20260802-220236
jn/r	183.6	416.0	469.8	77.3	274.2	467.3	546.5	0		12	20260802-220236
yncg	245.4	332.8	527.3	110.4	359.8	466.9	629.6	0		13	20260802-220236
qixz	95.9	309.8	0.0	105.7	195.7	0.0	0.0	1	qia	14	20260802-220236
n/dt	100.0	217.2	347.5	187.6	241.3	380.5	456.5	0		15	20260802-220236
/bav	114.1	626.1	0.0	130.5	238.9	0.0	0.0	1	/bz	16	20260802-220236
;vmo	86.8	240.3	336.2	121.6	218.7	410.9	458.2	0		17	20260802-220236
t;ym	63.0	259.5	481.9	101.7	168.5	334.5	578.7	0		18	20260802-220236
t,dy	81.9	211.5	305.8	95.0	190.3	316.5	386.7	0		19	20260802-220236
sqoq	54.9	262.3	372.5	0.0	0.0	0.0	0.0	0		20	20260802-220236
juyn	168.0	378.3	595.6	87.5	270.4	455.3	693.7	0		21	20260802-220236
gbwr	177.1	374.4	475.4	62.8	272.2	536.2	576.5	0		22	20260802-220236
qbiq	95.9	256.8	345.8	0.0	0.0	0.0	0.0	0		23	20260802-220236
rbe/	219.3	422.7	478.1	83.3	304.1	496.7	607.6	0		24	20260802-220236
wigw	79.7	226.5	341.8	0.0	0.0	0.0	0.0	0		25	20260802-220236
qwsl	61.7	370.6	416.1	204.1	228.3	489.9	530.9	0		26	20260802-220236
a,lb	113.8	285.2	374.0	125.4	192.3	404.4	475.6	0		27	20260802-220236
xtyu	120.7	229.5	376.1	103.8	211.2	306.6	498.2	0		28	20260802-220236
z/k/	141.5	296.9	422.1	0.0	0.0	0.0	0.0	0		29	20260802-220236
yqel	35.7	235.9	276.2	91.9	152.4	324.4	400.2	0		30	20260802-220236
usb;	48.5	243.9	323.5	94.9	129.1	348.0	434.0	0		31	20260802-220236
fo,z	89.2	333.2	461.9	91.2	202.7	441.6	587.6	0		32	20260802-220236
weld	65.0	154.1	305.9	144.5	157.1	253.0	404.9	0		33	20260802-220236
qj.l	116.2	234.0	432.6	130.8	305.7	325.5	548.0	0		34	20260802-220236
sa,;	81.8	284.0	509.0	199.6	225.9	428.5	651.3	0		35	20260802-220236
;,.f	292.8	646.7	0.0	116.8	476.0	0.0	0.0	1	;,f	36	20260802-220236
e.bp	89.7	244.1	345.1	99.7	184.0	341.8	423.7	0		37	20260802-220236
//eq	175.3	313.3	382.2	0.0	0.0	0.0	0.0	0		38	20260802-220236
kgww	111.3	279.1	439.8	0.0	0.0	0.0	0.0	0		39	20260802-220236
zpjy	152.1	266.5	444.0	148.1	292.6	354.7	541.9	0		40	20260802-220236
i,rx	224.1	324.2	568.4	93.2	339.0	407.0	692.3	0		41	20260802-220236
ingg	93.8	231.4	393.3	0.0	0.0	0.0	0.0	0		42	20260802-220236
qxdb	250.5	567.0	687.3	128.9	369.3	684.6	796.8	0		44	20260802-220236
xmyw	111.0	308.1	421.3	118.1	192.7	394.1	520.5	0		45	20260802-220236
bpwj	35.4	143.3	244.7	73.8	110.8	255.0	363.1	0		46	20260802-220236
at,i	69.5	113.6	314.7	130.8	162.4	196.7	397.7	0		47	20260802-220236
isjo	70.3	187.6	285.9	84.9	168.2	352.5	391.9	0		48	20260802-220236
mx;a	79.4	207.1	275.8	99.9	165.8	302.6	382.5	0		49	20260802-220236
q/ia	48.7	210.9	264.1	107.9	151.7	306.1	360.3	0		50	20260802-220236
vn;o	34.1	98.5	304.6	108.6	154.0	230.7	387.5	0		51	20260802-220236
rave	61.4	254.2	329.4	117.8	185.0	409.4	445.2	0		52	20260802-220236
rvaz	268.9	381.5	634.1	110.3	419.9	474.9	744.5	0		53	20260802-220236
ms/p	73.3	182.8	411.2	110.1	165.2	280.1	508.7	0		54	20260802-220236
xwbm	191.4	392.9	582.2	84.1	277.7	481.4	700.3	0		55	20260802-220236
zsbl	82.8	313.2	446.9	174.9	204.6	428.8	572.9	0		56	20260802-220236
pigu	69.5	179.5	229.1	113.0	182.7	279.0	360.1	0		57	20260802-220236
tnne	101.6	207.6	314.5	0.0	0.0	0.0	0.0	0		58	20260802-220236
csrg	0.0	0.0	0.0	0.0	0.0	0.0	0.0	1	s	59	20260802-220236
.jzp	54.2	178.8	284.1	133.1	197.4	310.2	400.2	0		60	20260802-220236
zqut	222.9	311.9	425.0	121.1	314.8	408.8	514.3	0		61	20260802-220236
,chj	204.4	332.6	586.8	135.0	306.7	439.2	682.8	0		1	20260807-212844
yyiu	137.3	373.9	433.3	0.0	0.0	0.0	0.0	0		2	20260807-212844
pb;f	119.8	289.8	369.6	99.6	205.5	403.2	467.4	0		3	20260807-212844
syxf	101.6	267.9	384.5	112.1	178.4	445.2	519.4	0		4	20260807-212844
f,a/	107.1	220.5	344.9	92.1	216.2	337.8	437.7	0		5	20260807-212844
/lsh	198.4	325.2	420.6	108.9	304.7	426.5	523.3	0		6	20260807-212844
gee,	204.0	361.0	450.8	0.0	0.0	0.0	0.0	0		7	20260807-212844
fcg,	68.9	287.7	315.8	149.6	181.6	385.6	430.7	0		8	20260807-212844
n/d/	97.7	184.2	317.6	0.0	0.0	0.0	0.0	0		9	20260807-212844
;tq/	108.7	194.5	642.3	109.6	265.6	321.6	788.5	0		10	20260807-212844
i/nz	12.3	272.3	369.7	141.9	173.5	385.3	489.4	0		11	20260807-212844
;ivb	61.5	257.3	486.1	142.3	260.7	376.8	583.6	0		12	20260807-212844
lg;d	91.1	226.8	348.7	126.9	191.8	337.8	424.8	0		13	20260807-212844
qoqr	101.0	276.1	337.3	0.0	0.0	0.0	0.0	0		14	20260807-212844
vixs	131.0	403.8	569.3	130.8	219.1	0.0	0.0	1	vixz	15	20260807-212844
fdkc	80.0	185.7	346.3	144.7	189.7	313.8	449.4	0		16	20260807-212844
c.mc	111.2	301.6	426.5	0.0	0.0	0.0	0.0	0		17	20260807-212844
/afd	140.5	353.8	586.7	142.1	258.5	494.5	671.7	0		18	20260807-212844
b,mo	110.8	330.4	469.4	101.5	240.5	558.1	612.5	0		1	20260808-112916
qh,c	113.1	309.3	457.1	130.0	219.0	425.0	548.4	0		2	20260808-112916
/.,k	274.2	359.9	616.3	140.0	458.0	500.9	714.1	0		3	20260808-112916
.x/l	117.2	261.9	468.2	111.0	229.9	363.8	580.8	0		4	20260808-112916
pnqr	59.8	136.6	232.8	178.4	164.3	0.0	0.0	1	pnqt	5	20260808-112916
vtgb	248.1	451.2	649.7	107.1	317.2	524.1	734.3	0		6	20260808-112916
eauf	53.8	240.8	396.0	135.8	210.9	351.2	452.8	0		7	20260808-112916
xoqz	125.7	216.6	469.5	107.5	204.5	330.5	575.3	0		8	20260808-112916
rjdo	93.2	247.8	276.0	98.6	177.8	358.8	387.1	0		9	20260808-112916
l/.u	260.0	490.1	662.1	126.8	349.2	701.2	783.1	0		10	20260808-112916
xss;	260.8	414.1	527.7	0.0	0.0	0.0	0.0	0		11	20260808-112916
/hvm	67.7	159.7	307.9	171.7	155.9	286.0	424.1	0		12	20260808-112916
k.ma	215.2	408.5	523.9	88.9	314.1	526.7	647.2	0		13	20260808-112916
wvh.	84.8	208.8	371.6	157.7	233.6	371.1	473.8	0		14	20260808-112916
eeut	120.2	269.9	376.9	0.0	0.0	0.0	0.0	0		15	20260808-112916
ze;m	267.7	409.6	474.3	84.4	354.4	581.6	678.5	0		16	20260808-112916
l.l.	211.6	398.7	571.5	0.0	0.0	0.0	0.0	0		17	20260808-112916
pmyk	72.1	288.9	472.2	155.9	184.2	550.2	596.1	0		18	20260808-112916
ylby	67.2	208.8	272.7	0.0	0.0	0.0	0.0	0		19	20260808-112916
usjh	106.5	256.9	424.8	100.5	236.7	333.6	528.4	0		20	20260808-112916
g/ia	90.6	274.3	367.9	94.5	197.7	375.5	494.5	0		21	20260808-112916
;,tn	260.1	397.0	543.0	110.2	363.3	503.2	653.2	0		22	20260808-112916
u/qh	19.9	0.0	0.0	0.0	0.0	0.0	0.0	1	uy	23	20260808-112916
ojyi	101.8	380.4	447.3	158.2	217.3	572.4	601.4	0		24	20260808-112916
mb/j	127.0	237.5	341.8	112.6	228.8	420.1	494.9	0		25	20260808-112916
v//w	187.9	355.9	511.3	0.0	0.0	0.0	0.0	0		26	20260808-112916
ncwh	60.9	250.3	333.3	102.5	163.3	359.1	423.3	0		27	20260808-112916
fjd.	66.1	205.0	248.1	84.8	166.2	273.0	381.3	0		28	20260808-112916
eqgu	37.9	307.1	400.3	164.8	160.9	408.2	486.3	0		29	20260808-112916
jk;,	52.1	261.0	586.7	194.0	242.5	426.7	706.1	0		30	20260808-112916
,;.w	68.1	396.5	600.6	235.7	235.1	539.8	702.3	0		31	20260808-112916
n//x	252.9	416.2	582.4	0.0	0.0	0.0	0.0	0		32	20260808-112916
sgom	112.8	168.8	249.0	148.7	226.2	326.9	386.8	0		33	20260808-112916
.rlc	67.6	230.1	336.4	99.1	160.5	339.4	429.1	0		34	20260808-112916
avkb	91.9	205.6	348.4	150.7	209.3	292.4	426.6	0		35	20260808-112916
tcio	206.9	349.9	461.8	91.7	306.8	547.2	588.8	0		36	20260808-112916
eddt	222.4	380.5	577.6	0.0	0.0	0.0	0.0	0		37	20260808-112916
,rma	88.4	237.7	331.0	109.7	177.0	345.9	430.4	0		38	20260808-112916
olac	185.0	297.8	450.1	72.1	286.3	430.2	556.3	0		39	20260808-112916
xeef	261.8	425.5	740.7	0.0	0.0	0.0	0.0	0		40	20260808-112916
;gvo	115.9	344.0	449.1	124.7	200.2	461.5	535.8	0		41	20260808-112916
jdvu	95.8	293.9	364.0	119.0	168.7	417.6	460.0	0		42	20260808-112916
ikbp	199.1	417.0	508.6	80.8	306.8	490.9	602.8	0		43	20260808-112916
z/a,	108.2	272.0	382.3	122.6	214.1	387.9	492.0	0		44	20260808-112916
acd.	149.0	335.8	427.1	166.3	245.9	434.4	555.9	0		45	20260808-112916
m.wy	42.2	168.0	297.4	152.9	169.1	268.2	371.0	0		46	20260808-112916
knhk	83.6	359.2	463.9	0.0	0.0	0.0	0.0	0		47	20260808-112916
yrgy	81.9	286.1	335.1	0.0	0.0	0.0	0.0	0		48	20260808-112916
xk,g	65.1	276.4	379.2	130.1	144.1	383.9	483.9	0		49	20260808-112916
yacv	67.0	293.0	434.1	91.0	179.2	460.1	576.3	0		50	20260808-112916
eopz	77.6	274.0	369.5	85.5	187.0	393.8	501.7	0		51	20260808-112916
dahj	44.9	191.1	335.1	114.9	205.8	0.0	0.0	1	dahk	52	20260808-112916
wp,b	57.2	298.6	402.2	102.3	162.3	406.0	478.4	0		53	20260808-112916
ewna	84.9	234.2	383.3	145.2	199.9	323.9	492.0	0		54	20260808-112916
.s/w	79.8	232.1	359.3	113.7	172.6	356.5	444.5	0		55	20260808-112916
szs;	88.7	346.7	458.4	0.0	0.0	0.0	0.0	0		56	20260808-112916
gfbo	177.8	400.9	507.7	83.3	272.8	497.9	600.9	0		57	20260808-112916
jesz	0.0	0.0	0.0	0.0	0.0	0.0	0.0	1	f	58	20260808-112916
pfxk	76.7	251.8	318.0	104.8	161.7	369.1	410.8	0		59	20260808-112916
gilf	117.7	188.9	331.0	107.9	247.7	318.6	413.6	0		60	20260808-112916
gf;x	191.0	304.6	528.9	72.8	279.6	407.8	661.8	0		61	20260808-112916
j.he	41.3	238.6	313.8	122.4	174.8	348.4	392.8	0		62	20260808-112916
iqli	60.9	308.8	388.0	0.0	0.0	0.0	0.0	0		63	20260808-112916
nu,b	205.4	478.0	694.1	85.1	286.3	588.5	783.4	0		64	20260808-112916
end.	104.6	233.9	333.1	83.9	175.1	323.9	435.1	0		65	20260808-112916
bn.g	103.9	250.3	358.4	108.0	163.9	362.1	447.0	0		66	20260808-112916
embx	90.0	315.8	403.7	99.1	194.7	455.9	506.7	0		67	20260808-112916
x/sp	76.9	211.9	323.8	90.3	185.3	319.2	426.2	0		68	20260808-112916
mzc;	91.2	308.2	368.0	104.9	214.3	397.9	472.7	0		69	20260808-112916
aq.,	199.2	321.7	430.6	101.7	313.2	537.5	576.8	0		70	20260808-112916
ihd,	42.7	165.5	337.7	143.4	161.7	256.9	428.9	0		71	20260808-112916
dpef	106.8	218.1	334.0	80.9	208.9	370.7	453.1	0		72	20260808-112916
nw/e	116.9	233.9	355.0	98.9	205.8	331.8	429.2	0		73	20260808-112916
jdgt	71.4	235.8	428.0	84.8	219.8	331.8	524.8	0		74	20260808-112916
l;o/	91.1	376.4	739.9	190.8	226.8	463.8	838.1	0		75	20260808-112916
juhr	176.9	336.9	396.8	79.1	231.7	418.8	478.7	0		76	20260808-112916
ydqn	52.8	271.8	318.8	86.9	133.9	383.8	415.1	0		77	20260808-112916
jg;e	104.1	216.2	311.4	108.0	179.2	325.3	378.1	0		79	20260808-112916
aqfv	225.0	363.0	607.9	115.9	357.1	484.0	729.8	0		80	20260808-112916
l/fl	206.1	344.9	444.8	0.0	0.0	0.0	0.0	0		81	20260808-112916
g.qz	65.8	217.0	459.7	85.7	185.8	327.6	577.6	0		82	20260808-112916
hdji	66.7	221.7	293.4	104.2	152.8	377.8	432.8	0		83	20260808-112916
qm.;	105.7	341.1	663.3	148.6	229.8	517.9	788.2	0		84	20260808-112916
kfas	96.1	301.1	392.7	97.9	204.7	524.0	551.8	0		85	20260808-112916
z.ds	102.5	294.1	416.7	124.2	231.3	473.3	543.9	0		86	20260808-112916
on,e	93.1	327.2	417.2	182.0	182.7	429.1	506.1	0		87	20260808-112916
kxdc	90.1	319.2	521.1	93.0	188.0	386.0	613.1	0		88	20260808-112916
mz;a	125.1	211.8	383.9	112.6	235.6	307.8	479.0	0		89	20260808-112916
ru/b	71.5	251.0	333.8	94.1	154.0	371.7	418.5	0		90	20260808-112916
edsw	184.8	461.8	670.0	69.0	306.0	564.8	759.5	0		91	20260808-112916
dqi/	43.7	202.7	362.4	131.6	187.8	337.6	568.2	0		92	20260808-112916
h;,o	45.6	305.7	507.0	149.6	176.1	424.6	610.7	0		93	20260808-112916
g/h;	61.2	257.3	411.3	120.6	172.3	456.4	559.2	0		94	20260808-112916
c;/i	68.3	288.9	486.5	113.2	170.2	411.8	567.9	0		95	20260808-112916
ajn.	58.9	267.5	436.2	129.8	148.9	399.0	528.2	0		96	20260808-112916
oltt	189.9	308.0	474.2	0.0	0.0	0.0	0.0	0		97	20260808-112916
zhlf	102.9	223.7	392.3	132.7	225.4	349.2	497.5	0		98	20260808-112916
n.vw	94.3	134.0	226.0	157.0	234.9	312.9	340.9	0		99	20260808-112916
pwlk	75.9	205.3	341.9	89.8	190.2	413.0	476.9	0		100	20260808-112916
vqoe	45.5	245.5	411.9	193.7	241.8	380.7	506.8	0		101	20260808-112916
j;;u	210.1	366.2	584.6	0.0	0.0	0.0	0.0	0		102	20260808-112916
rdeb	86.5	320.6	486.1	172.5	200.8	394.7	590.8	0		103	20260808-112916
bf.o	191.0	383.8	596.0	82.8	263.6	475.6	686.6	0		104	20260808-112916
yqbf	35.8	228.6	473.1	93.0	138.8	341.1	567.0	0		105	20260808-112916
cxrl	97.8	312.5	435.6	142.4	216.5	411.8	532.2	0		106	20260808-112916
sgol	118.0	157.8	356.3	145.3	225.3	239.1	451.2	0		107	20260808-112916
z/wg	92.1	254.0	421.9	121.2	221.0	348.1	540.1	0		108	20260808-112916
gcun	75.8	146.1	368.0	134.9	201.2	235.8	463.2	0		109	20260808-112916
rzof	97.2	241.0	352.0	173.2	232.3	340.3	473.9	0		110	20260808-112916
gubb	84.3	244.5	419.4	0.0	0.0	0.0	0.0	0		111	20260808-112916
omro	173.5	299.2	365.3	0.0	0.0	0.0	0.0	0		112	20260808-112916
wezw	62.0	361.3	641.9	0.0	0.0	0.0	0.0	0		113	20260808-112916
,x;c	107.1	228.4	336.9	100.2	203.1	333.2	432.3	0		114	20260808-112916
xmwg	121.1	253.9	411.6	109.1	233.9	361.9	541.0	0		115	20260808-112916
l;qa	90.2	270.3	569.4	205.2	276.5	422.1	690.8	0		116	20260808-112916
tl/z	86.3	306.9	409.1	89.8	182.3	418.9	521.8	0		117	20260808-112916
jntc	185.4	285.8	522.2	73.8	279.8	368.0	632.9	0		118	20260808-112916
ygxj	56.5	260.5	292.4	97.2	132.4	359.2	406.2	0		119	20260808-112916
ro.b	81.2	298.3	413.1	95.2	162.2	404.0	504.8	0		120	20260808-112916
y;qr	62.9	148.8	238.1	141.8	185.4	307.6	365.7	0		121	20260808-112916
iv;r	73.1	194.0	384.8	81.8	184.7	305.8	465.7	0		122	20260808-112916
gvt;	182.9	425.9	502.7	67.7	274.8	517.6	595.5	0		123	20260808-112916
fijz	124.0	213.8	451.5	99.7	261.7	340.9	569.7	0		124	20260808-112916
fycg	111.0	275.2	411.5	104.0	193.2	414.8	513.1	0		125	20260808-112916
crxn	116.0	353.1	452.2	117.0	206.8	443.3	548.4	0		126	20260808-112916
cnf.	102.1	207.3	321.1	91.1	181.9	297.0	431.8	0		127	20260808-112916
tsl;	96.1	163.3	377.1	149.1	218.1	281.1	488.0	0		128	20260808-112916
cbad	88.1	301.7	484.6	145.8	198.8	484.0	596.7	0		129	20260808-112916
o,tb	233.8	316.1	560.6	82.0	364.1	414.8	0.0	1	o,tc	130	20260808-112916
uffj	134.4	287.7	461.7	0.0	0.0	0.0	0.0	0		131	20260808-112916
fxge	61.8	299.7	373.6	140.5	176.4	443.7	500.8	0		132	20260808-112916
/p/j	231.0	443.4	635.8	0.0	0.0	0.0	0.0	0		133	20260808-112916
jynm	185.0	381.3	550.1	76.9	253.2	470.1	658.1	0		134	20260808-112916
rvw,	249.1	506.6	634.0	94.6	372.0	615.9	741.8	0		135	20260808-112916
gnsc	74.8	230.1	398.0	126.5	174.7	375.7	546.6	0		136	20260808-112916
;zap	60.9	278.6	342.7	95.5	167.6	384.5	451.7	0		137	20260808-112916
fnx.	102.9	219.0	302.1	86.2	175.9	329.9	409.1	0		138	20260808-112916
ecld	214.5	290.2	425.1	68.0	281.0	387.0	507.1	0		139	20260808-112916
u;h.	76.0	313.4	418.3	186.2	187.1	542.3	594.4	0		140	20260808-112916
uzvv	100.8	336.5	506.6	0.0	0.0	0.0	0.0	0		141	20260808-112916
g.kv	70.9	292.9	346.7	90.6	167.0	370.0	482.4	0		142	20260808-112916
r.sm	101.0	201.0	299.9	97.2	202.1	306.9	422.8	0		143	20260808-112916
kj,n	21.7	336.2	598.7	95.0	176.6	452.7	711.9	0		144	20260808-112916
obsl	90.7	244.7	312.9	77.5	174.0	336.6	428.7	0		145	20260808-112916
oekk	65.0	243.2	414.8	0.0	0.0	0.0	0.0	0		146	20260808-112916
,oyo	65.7	303.9	417.3	0.0	0.0	0.0	0.0	0		147	20260808-112916
,xb;	89.8	179.0	280.8	109.8	199.6	289.5	386.6	0		148	20260808-112916
c/v.	73.9	264.6	373.9	105.9	160.8	421.4	504.9	0		149	20260808-112916
r/kk	94.7	304.8	461.6	0.0	0.0	0.0	0.0	0		150	20260808-112916
r;zs	65.1	281.8	586.1	111.9	170.9	430.9	685.9	0		151	20260808-112916
e.mb	99.2	253.3	360.3	112.8	195.8	386.8	455.0	0		152	20260808-112916
rcov	205.2	330.2	420.8	88.4	305.4	417.1	555.5	0		153	20260808-112916
u.vm	63.9	211.4	360.5	157.0	218.4	326.6	476.3	0		154	20260808-112916
,ty.	64.9	224.1	420.0	105.1	162.3	313.0	578.8	0		155	20260808-112916
nd..	71.9	178.8	333.3	0.0	0.0	0.0	0.0	0		156	20260808-112916
rknq	61.0	246.9	280.5	96.5	132.5	333.5	383.5	0		157	20260808-112916
hwsy	34.0	217.1	264.9	95.3	104.0	329.1	346.2	0		158	20260808-112916
blkw	132.1	203.7	310.1	99.9	254.8	329.5	396.6	0		159	20260808-112916
r,ye	77.4	268.1	297.9	91.0	161.6	347.4	398.5	0		160	20260808-112916
./ev	75.8	229.7	382.9	223.7	238.7	413.8	517.8	0		161	20260808-112916
a/,q	75.8	259.1	307.2	105.8	186.8	373.1	415.0	0		162	20260808-112916
hszs	46.0	324.0	621.0	0.0	0.0	0.0	0.0	0		163	20260808-112916
lhlu	0.0	0.0	0.0	0.0	0.0	0.0	0.0	1	h	164	20260808-112916
,z/z	83.0	232.5	304.6	0.0	0.0	0.0	0.0	0		165	20260808-112916
k;jz	24.8	253.6	679.4	139.1	186.8	380.4	818.4	0		166	20260808-112916
jn;k	186.6	313.7	478.4	89.4	342.7	461.2	632.2	0		167	20260808-112916
oq,c	69.4	265.7	400.3	121.4	188.4	422.4	538.3	0		168	20260808-112916
s.a,	137.9	248.9	362.6	116.0	267.8	359.4	462.9	0		169	20260808-112916
jjcn	139.2	265.9	385.3	0.0	0.0	0.0	0.0	0		170	20260808-112916
//fu	308.9	0.0	0.0	281.9	0.0	0.0	0.0	1	/f	171	20260808-112916
d;/;	104.2	324.7	517.3	0.0	0.0	0.0	0.0	0		172	20260808-112916
;tha	117.9	206.3	306.0	106.0	209.7	293.8	436.9	0		173	20260808-112916
wxdq	256.7	503.0	627.1	111.1	369.8	634.6	752.9	0		174	20260808-112916
pxtm	98.0	247.8	296.9	108.8	157.9	344.7	406.3	0		175	20260808-112916
xtki	84.3	205.2	442.2	159.3	191.0	330.2	530.0	0		176	20260808-112916
b/af	76.8	232.0	301.0	103.1	184.1	369.1	434.0	0		177	20260808-112916
le.s	75.8	226.8	351.4	92.4	162.0	361.0	456.2	0		178	20260808-112916
qeqf	122.1	371.8	0.0	202.7	249.9	0.0	0.0	1	qef	179	20260808-112916
.p;k	256.9	627.1	818.8	136.7	348.1	776.8	0.0	1	.p;a	180	20260808-112916
jlg,	63.3	244.8	356.8	180.4	209.6	356.0	471.8	0		181	20260808-112916
ekl,	113.0	299.3	580.1	102.4	208.1	469.3	703.3	0		182	20260808-112916
lqwm	89.1	261.7	398.6	137.7	255.7	455.4	545.9	0		183	20260808-112916
z,qa	112.0	257.0	500.0	130.7	223.2	368.7	609.2	0		184	20260808-112916
,aae	268.3	449.8	667.9	0.0	0.0	0.0	0.0	0		185	20260808-112916
m.v/	51.0	213.2	315.0	205.9	195.1	344.9	467.0	0		186	20260808-112916
lppa	249.8	414.1	555.1	0.0	0.0	0.0	0.0	0		187	20260808-112916
h,lm	74.0	380.9	451.1	184.9	193.6	507.7	577.0	0		188	20260808-112916
x,od	69.8	266.9	318.2	117.0	156.5	356.7	396.9	0		189	20260808-112916
hst/	88.8	242.5	315.9	97.8	165.6	342.8	422.7	0		190	20260808-112916
xqzj	108.5	430.4	557.1	174.3	244.3	553.4	635.5	0		191	20260808-112916
skvs	125.4	367.4	478.7	0.0	0.0	0.0	0.0	0		192	20260808-112916
xaxh	82.0	300.1	411.7	0.0	0.0	0.0	0.0	0		193	20260808-112916
by.,	65.9	384.9	478.3	111.1	174.9	583.1	636.0	0		194	20260808-112916
wwr;	149.7	330.1	436.1	0.0	0.0	0.0	0.0	0		195	20260808-112916
odey	85.0	280.3	337.3	117.3	157.2	372.2	428.1	0		196	20260808-112916
/.pi	148.2	526.0	652.0	296.1	346.0	756.8	819.1	0		197	20260808-112916
//s;	162.0	283.8	434.7	0.0	0.0	0.0	0.0	0		198	20260808-112916
l.,.	257.2	460.3	687.1	0.0	0.0	0.0	0.0	0		199	20260808-112916
eqne	53.1	232.9	312.8	0.0	0.0	0.0	0.0	0		200	20260808-112916
dh,j	61.8	253.7	410.4	103.5	170.5	387.4	549.3	0		201	20260808-112916
.hcx	82.9	179.8	417.9	195.6	194.8	262.8	507.7	0		202	20260808-112916
rntf	99.9	250.4	535.9	84.9	210.1	342.9	651.8	0		203	20260808-112916
n,i/	104.9	372.9	583.7	208.0	245.0	500.3	728.7	0		204	20260808-112916
jfjq	97.8	228.8	369.7	0.0	0.0	0.0	0.0	0		205	20260808-112916
zjmk	89.7	281.0	379.1	146.2	174.9	467.7	479.7	0		206	20260808-112916
bihi	322.1	523.2	613.4	0.0	0.0	0.0	0.0	0		207	20260808-112916
ekxg	104.1	294.9	437.1	94.8	226.1	401.0	552.1	0		208	20260808-112916
ogn,	127.5	428.9	0.0	133.8	232.9	0.0	0.0	1	og,	209	20260808-112916
mad/	95.1	287.2	400.3	115.2	227.0	370.4	538.0	0		210	20260808-112916
t.sg	105.3	193.0	357.8	87.8	227.7	315.9	477.0	0		211	20260808-112916
s,;,	147.0	344.9	548.7	0.0	0.0	0.0	0.0	0		212	20260808-112916
//ym	152.7	408.5	650.6	0.0	0.0	0.0	0.0	0		213	20260808-112916
iliy	86.5	323.0	571.1	0.0	0.0	0.0	0.0	0		214	20260808-112916
x;;f	154.5	315.5	476.6	0.0	0.0	0.0	0.0	0		215	20260808-112916
pv,/	130.0	324.9	584.0	125.0	261.9	531.0	713.9	0		216	20260808-112916
m/a.	52.8	199.7	321.0	152.8	193.9	327.6	484.2	0		217	20260808-112916
jyb,	179.2	303.6	429.5	79.3	261.4	398.5	540.5	0		218	20260808-112916
lyxj	83.0	179.7	298.6	162.0	170.8	294.7	409.8	0		219	20260808-112916
us,v	98.0	238.0	440.0	111.9	209.1	345.9	556.0	0		220	20260808-112916
wq.l	83.1	219.8	433.9	175.8	261.8	315.9	548.0	0		1	20260808-132616
zn/l	142.8	399.9	630.8	159.4	272.9	532.7	740.9	0		2	20260808-132616
julk	176.2	306.9	480.9	88.7	279.0	531.8	604.8	0		3	20260808-132616
tjeq	79.8	242.1	326.9	108.5	174.9	381.8	473.9	0		4	20260808-132616
ej,g	94.9	301.2	479.8	109.9	205.8	440.9	577.8	0		5	20260808-132616
yx.w	95.0	239.1	382.9	96.1	200.1	368.1	457.9	0		6	20260808-132616
j;hh	58.8	245.1	388.9	0.0	0.0	0.0	0.0	0		7	20260808-132616
rqh;	77.7	153.4	280.6	152.4	208.5	352.5	393.7	0		8	20260808-132616
l,;v	247.2	470.2	803.2	103.4	363.4	602.1	918.9	0		9	20260808-132616
j,mz	343.8	579.2	692.9	140.8	481.9	683.9	814.8	0		10	20260808-132616
xg,n	66.2	191.0	396.0	158.8	166.8	322.1	501.2	0		11	20260808-132616
nq;t	52.6	219.0	347.2	103.3	182.2	339.1	447.2	0		12	20260808-132616
jgeb	109.9	237.1	404.8	117.7	204.7	374.8	500.7	0		13	20260808-132616
c,sn	100.8	208.1	310.9	97.9	213.8	317.1	412.2	0		14	20260808-132616
e,rf	101.0	204.0	441.2	110.1	212.9	302.0	537.0	0		15	20260808-132616
it;y	103.8	239.8	428.1	105.1	197.6	355.6	517.7	0		16	20260808-132616
hxhj	82.1	221.1	438.1	0.0	0.0	0.0	0.0	0		17	20260808-132616
j/x;	101.1	272.1	376.0	217.0	245.1	381.8	501.9	0		18	20260808-132616
qg;e	68.2	181.7	309.5	142.5	186.4	306.5	383.7	0		19	20260808-132616
cqtr	31.0	315.9	530.0	160.9	185.1	416.0	623.9	0		20	20260808-132616
.yez	141.0	154.1	0.0	0.0	0.0	0.0	0.0	1	.yu	21	20260808-132616
ya/h	78.9	244.8	409.0	96.1	197.9	363.8	503.8	0		22	20260808-132616
uyzc	185.9	265.0	448.0	91.7	266.5	393.8	542.8	0		23	20260808-132616
pfgn	100.9	293.8	365.4	104.7	183.7	383.9	462.0	0		24	20260808-132616
,/fn	62.0	243.1	314.0	205.1	204.3	346.0	446.1	0		25	20260808-132616
;ov;	243.9	386.0	478.2	0.0	0.0	0.0	0.0	0		26	20260808-132616
,jqw	63.9	193.5	319.5	154.7	181.6	401.6	452.5	0		27	20260808-132616
utpx	85.2	185.1	317.1	121.1	160.1	287.0	418.4	0		28	20260808-132616
olp/	198.1	408.0	673.9	87.1	290.3	502.2	788.1	0		29	20260808-132616
;mhy	212.2	489.9	753.8	124.9	337.7	598.7	851.9	0		30	20260808-132616
/j;i	59.6	331.2	535.6	176.3	230.4	450.6	666.3	0		31	20260808-132616
akwg	101.9	244.0	500.9	99.0	215.1	346.0	604.2	0		32	20260808-132616
yswt	95.8	284.7	459.9	97.6	157.8	371.8	565.9	0		33	20260808-132616
vhfn	98.3	253.0	346.1	105.0	187.2	357.8	439.0	0		34	20260808-132616
o;rs	249.1	383.2	501.1	135.2	331.0	575.2	622.2	0		35	20260808-132616
ftgm	207.3	404.0	474.1	87.9	280.1	500.0	580.2	0		36	20260808-132616
h./c	75.7	405.8	661.7	190.7	227.7	561.5	765.0	0		37	20260808-132616
bvvn	242.9	417.8	560.9	0.0	0.0	0.0	0.0	0		38	20260808-132616
mnpi	189.1	410.6	529.9	89.6	274.7	618.8	681.8	0		39	20260808-132616
xn,d	142.4	361.7	497.2	138.5	238.1	490.8	578.8	0		40	20260808-132616
,ipy	310.2	550.1	608.7	128.9	416.2	716.0	739.0	0		41	20260808-132616
sa,j	92.0	215.8	320.0	208.1	214.9	406.2	460.0	0		42	20260808-132616
t;od	75.0	250.1	333.4	104.0	173.8	371.0	419.8	0		43	20260808-132616
,s;l	77.7	297.8	536.8	142.7	199.6	440.0	672.8	0		44	20260808-132616
ybin	69.5	240.5	322.4	102.6	151.3	417.3	438.8	0		45	20260808-132616
n/vi	106.8	230.8	336.7	198.8	240.7	375.6	452.6	0		46	20260808-132616
/eye	88.7	246.9	289.9	0.0	0.0	0.0	0.0	0		47	20260808-132616
nxku	71.6	194.4	279.6	93.7	193.6	373.6	414.5	0		48	20260808-132616
jnjc	182.9	365.1	487.2	0.0	0.0	0.0	0.0	0		49	20260808-132616
zhh.	147.6	293.6	517.5	0.0	0.0	0.0	0.0	0		50	20260808-132616
shia	84.0	168.8	247.7	108.8	239.0	314.3	385.7	0		1	20260808-144848
irlf	72.2	198.0	301.0	89.9	159.8	304.6	407.9	0		2	20260808-144848
trzt	181.1	427.0	595.8	0.0	0.0	0.0	0.0	0		3	20260808-144848
xfto	342.8	0.0	0.0	127.7	0.0	0.0	0.0	1	xt	4	20260808-144848
otxk	77.1	281.1	375.8	117.5	160.8	408.9	469.8	0		5	20260808-144848
vvk;	156.4	265.3	364.4	0.0	0.0	0.0	0.0	0		6	20260808-144848
kwed	61.9	138.6	356.1	90.0	221.8	253.6	459.4	0		7	20260808-144848
xmfh	115.8	249.9	348.3	102.7	229.5	347.4	436.5	0		8	20260808-144848
qjdo	77.8	237.8	284.3	120.2	170.7	337.0	388.2	0		9	20260808-144848
okmp	198.5	415.8	566.0	105.8	299.5	532.0	675.0	0		10	20260808-144848
ntke	90.4	233.8	305.1	101.8	176.9	324.3	392.0	0		11	20260808-144848
hnwa	196.5	289.2	510.3	80.3	276.2	384.3	643.1	0		12	20260808-144848
vay,	94.7	234.7	444.6	177.9	214.8	320.2	555.4	0		13	20260808-144848
bcej	78.6	295.9	387.1	145.6	164.8	377.7	486.6	0		14	20260808-144848
;.ds	273.0	391.9	625.3	121.8	422.1	460.5	744.2	0		15	20260808-144848
gc;v	74.0	204.8	376.0	144.9	198.8	298.7	490.2	0		16	20260808-144848
s.ee	110.0	226.0	396.5	0.0	0.0	0.0	0.0	0		17	20260808-144848
y,;h	246.0	438.2	626.1	95.9	347.8	541.1	717.3	0		18	20260808-144848
,lde	224.8	353.6	545.9	135.0	333.7	434.7	653.0	0		19	20260808-144848
yftx	108.0	334.9	489.0	122.1	205.1	415.9	610.9	0		20	20260808-144848
gccl	209.1	358.8	497.7	0.0	0.0	0.0	0.0	0		21	20260808-144848
w;fx	79.2	242.1	340.2	96.2	168.1	404.3	449.0	0		22	20260808-144848
ukbp	80.2	297.7	398.2	221.1	255.9	404.3	510.4	0		23	20260808-144848
ho.y	90.9	328.3	471.0	189.6	189.0	442.8	556.8	0		24	20260808-144848
;pp;	553.3	739.9	1003.9	0.0	0.0	0.0	0.0	0		1	20260808-163047
g.ik	61.9	266.4	458.1	105.3	168.0	358.9	543.0	0		2	20260808-163047
dfno	52.3	113.0	186.3	96.3	138.0	232.4	265.3	0		3	20260808-163047
fobf	84.9	214.0	426.0	0.0	0.0	0.0	0.0	0		4	20260808-163047
l;bx	165.5	202.8	352.4	214.4	277.5	404.3	486.6	0		5	20260808-163047
kmc,	54.0	220.9	344.8	156.6	196.9	317.8	444.8	0		6	20260808-163047
;exa	48.7	287.9	394.0	107.0	132.0	395.7	548.1	0		7	20260808-163047
/pez	195.2	270.2	486.3	96.0	313.0	344.2	608.0	0		8	20260808-163047
y.rp	234.8	399.1	514.1	106.8	358.2	507.2	638.9	0		9	20260808-163047
kzjp	81.3	226.1	310.1	100.2	231.2	380.1	427.2	0		10	20260808-163047
,bks	138.9	257.4	442.5	111.3	221.1	365.1	574.3	0		11	20260808-163047
kshi	112.9	231.0	300.0	106.8	220.0	396.8	442.7	0		12	20260808-163047
,;hn	75.4	245.0	481.3	186.2	235.1	358.0	597.7	0		13	20260808-163047
mzd/	84.9	348.7	418.9	125.7	229.2	435.7	565.7	0		14	20260808-163047
tuwj	113.4	175.2	321.0	117.0	176.2	317.0	447.3	0		15	20260808-163047
pbyq	90.1	217.1	298.4	111.0	200.2	313.1	427.1	0		16	20260808-163047
hkwo	51.1	181.9	311.9	155.9	183.3	299.8	408.9	0		17	20260808-163047
jjd;	113.7	237.5	316.5	0.0	0.0	0.0	0.0	0		18	20260808-163047
rmh;	73.8	271.1	377.0	112.1	168.1	432.1	489.8	0		19	20260808-163047
/ap,	95.7	279.5	547.5	131.7	220.6	382.5	666.7	0		20	20260808-163047
g;ey	67.5	184.7	278.1	94.0	155.6	277.4	358.4	0		21	20260808-163047
ix/y	89.9	235.0	391.0	92.7	189.8	420.9	486.0	0		22	20260808-163047
v.q/	68.2	182.3	311.3	108.2	176.2	289.8	440.3	0		23	20260808-163047
h/bt	65.1	202.8	414.7	163.8	225.0	302.8	520.8	0		24	20260808-163047
,hn;	10.8	285.0	460.9	152.5	151.6	385.7	592.7	0		25	20260808-163047
,vem	81.9	168.1	225.0	78.0	221.1	264.2	311.1	0		26	20260808-163047
jl,k	90.9	325.9	549.1	163.4	243.8	418.9	641.0	0		27	20260808-163047
/afs	131.1	275.4	423.4	127.3	281.3	404.2	542.3	0		28	20260808-163047
;vwn	143.6	224.4	392.7	122.7	306.0	371.0	509.0	0		29	20260808-163047
mgvm	105.8	324.1	382.7	0.0	0.0	0.0	0.0	0		30	20260808-163047
t/xj	73.1	252.5	301.0	91.9	200.9	347.9	383.8	0		31	20260808-163047
vlde	79.0	221.8	423.0	116.6	181.6	318.2	532.8	0		32	20260808-163047
joru	81.7	168.8	238.9	139.6	162.7	253.8	357.8	0		33	20260808-163047
/bjr	29.1	196.0	254.0	111.8	115.7	279.1	338.1	0		34	20260808-163047
etov	63.0	162.6	312.4	140.2	140.8	259.8	421.2	0		35	20260808-163047
mo,v	69.5	284.5	396.5	166.7	153.5	0.0	0.0	1	mo,e	36	20260808-163047
enaq	114.0	262.2	467.0	80.9	213.0	364.0	557.1	0		37	20260808-163047
qjdi	72.2	219.0	258.0	88.0	173.0	326.6	374.1	0		38	20260808-163047
wgxs	68.7	326.6	584.6	147.7	173.8	451.5	685.6	0		39	20260808-163047
;a;k	77.2	241.2	435.6	0.0	0.0	0.0	0.0	0		40	20260808-163047
oqbt	50.4	237.0	464.3	92.0	149.0	336.9	555.2	0		41	20260808-163047
w,yu	51.9	249.2	387.3	133.9	148.1	330.4	495.0	0		42	20260808-163047
mula	190.2	302.2	416.3	78.2	271.3	406.4	523.1	0		43	20260808-163047
mjgw	187.3	408.1	522.7	80.2	290.0	0.0	0.0	1	mjgq	44	20260808-163047
en.l	114.2	304.4	502.6	92.0	200.0	396.5	584.1	0		45	20260808-163047
kxh,	87.7	205.7	426.9	92.2	196.8	291.7	0.0	1	kxhm	46	20260808-163047
lgvx	115.9	467.1	574.2	119.7	209.9	635.0	688.2	0		47	20260808-163047
ugh/	128.6	246.7	402.7	102.7	237.6	478.8	530.6	0		48	20260808-163047
jdqu	85.3	206.5	299.1	107.3	170.4	360.0	407.1	0		49	20260808-163047
c;ow	60.5	257.8	318.8	107.9	159.8	363.7	424.6	0		50	20260808-163047
fose	133.7	224.1	331.2	96.1	220.0	419.0	438.0	0		51	20260808-163047
wmk/	116.0	340.8	532.0	119.8	237.1	565.0	702.9	0		52	20260808-163047
jucj	161.5	275.5	382.9	0.0	0.0	0.0	0.0	0		53	20260808-163047
ilko	92.9	306.0	447.0	175.3	210.5	534.1	583.8	0		54	20260808-163047
ycmv	91.0	250.8	0.0	94.7	210.9	0.0	0.0	1	ycv	55	20260808-163047
uord	87.2	165.0	367.3	162.2	194.0	262.3	480.4	0		56	20260808-163047
nmxy	214.1	367.5	453.9	95.1	301.2	470.9	531.9	0		57	20260808-163047
/,mh	418.8	633.1	936.1	161.2	541.7	770.5	1028.1	0		58	20260808-163047
;vvn	163.0	331.3	472.3	0.0	0.0	0.0	0.0	0		59	20260808-163047
qahv	204.6	314.4	476.7	75.7	313.7	399.7	587.8	0		60	20260808-163047
fxpi	73.8	205.7	262.8	139.7	175.9	328.9	423.1	0		61	20260808-163047
kpzl	107.0	278.5	399.7	189.5	221.3	420.5	499.5	0		62	20260808-163047
tnhg	98.0	277.1	393.9	94.0	161.7	371.8	489.3	0		63	20260808-163047
dcm,	213.2	348.0	601.2	70.0	301.0	462.1	701.0	0		64	20260808-163047
j;.c	58.0	315.0	423.0	175.9	192.9	444.0	509.0	0		65	20260808-163047
cqf/	110.3	317.5	453.4	164.3	240.4	437.4	548.5	0		66	20260808-163047
mean	107.3	170.2	230.3	94.2	232.9	293.2	312.1	0		67	20260808-163047
fi/r	83.9	260.7	355.1	89.8	173.8	356.6	443.0	0		68	20260808-163047
zxkj	89.4	96.3	193.1	187.4	204.0	240.2	350.2	0		69	20260808-163047
gh;p	46.2	159.3	390.1	101.5	144.2	311.2	540.2	0		70	20260808-163047
r,w.	76.3	276.9	447.3	88.0	174.2	402.1	565.1	0		71	20260808-163047
ae,p	100.1	199.0	375.0	183.0	242.1	328.2	480.8	0		72	20260808-163047
zpxj	131.8	263.8	339.8	148.8	228.8	368.8	463.7	0		73	20260808-163047
x,ev	127.9	264.2	418.0	101.8	248.1	360.9	519.3	0		74	20260808-163047
ub;w	85.7	212.1	301.2	103.5	173.0	330.9	400.9	0		75	20260808-163047
haxa	73.7	373.1	447.5	0.0	0.0	0.0	0.0	0		76	20260808-163047
.tyg	102.4	235.2	356.4	126.2	192.3	343.5	469.4	0		77	20260808-163047
..jk	165.3	341.7	454.6	0.0	0.0	0.0	0.0	0		78	20260808-163047
jwcy	55.6	273.5	352.8	116.3	138.3	384.5	427.9	0		79	20260808-163047
udvw	91.0	356.9	515.3	126.5	209.8	579.7	642.0	0		80	20260808-163047
;nnj	244.6	373.0	645.0	0.0	0.0	0.0	0.0	0		81	20260808-163047
nfqq	111.7	267.9	468.4	0.0	0.0	0.0	0.0	0		82	20260808-163047
lnz,	93.5	277.2	393.2	217.1	226.2	424.1	490.2	0		83	20260808-163047
zucw	96.8	296.8	484.9	151.7	194.8	487.0	644.8	0		84	20260808-163047
,x/;	89.9	277.5	529.7	120.8	208.9	397.9	629.9	0		85	20260808-163047
dhd.	70.6	205.0	298.0	0.0	0.0	0.0	0.0	0		86	20260808-163047
mqup	64.3	218.5	323.1	101.0	192.3	364.2	459.0	0		87	20260808-163047
vns;	73.4	190.1	312.2	95.1	149.2	303.1	440.4	0		88	20260808-163047
,dxp	78.8	278.6	331.9	151.3	150.8	375.7	431.7	0		89	20260808-163047
ri,p	30.1	262.5	397.9	101.7	119.8	342.2	517.0	0		90	20260808-163047
bv/g	184.2	297.4	467.0	71.9	279.0	414.1	546.9	0		91	20260808-163047
/hf;	69.0	158.8	258.9	127.0	147.2	234.9	376.2	0		92	20260808-163047
,pw,	198.0	438.1	557.1	0.0	0.0	0.0	0.0	0		93	20260808-163047
vc;y	115.2	183.6	366.2	175.2	226.6	385.8	459.8	0		94	20260808-163047
m;rp	60.9	173.9	292.7	170.1	169.2	270.6	392.4	0		95	20260808-163047
csa,	78.9	311.3	436.6	138.5	196.6	412.0	562.6	0		96	20260808-163047
wwqx	152.9	358.6	643.6	0.0	0.0	0.0	0.0	0		97	20260808-163047
ubon	165.8	258.9	345.9	112.6	267.5	409.8	461.0	0		98	20260808-163047
dfjx	28.4	169.5	312.9	117.6	135.3	271.3	427.1	0		99	20260808-163047
h,/e	297.9	0.0	0.0	247.4	0.0	0.0	0.0	1	h/	100	20260808-163047
ysks	72.1	202.8	266.4	0.0	0.0	0.0	0.0	0		101	20260808-163047
j;bp	79.4	182.4	291.7	145.4	175.4	274.9	385.7	0		102	20260808-163047
leqf	65.8	225.6	341.0	96.5	138.3	381.4	449.5	0		103	20260808-163047
xidc	82.2	225.2	442.6	96.9	159.8	320.1	529.0	0		104	20260808-163047
b,vd	79.2	244.1	450.1	0.0	0.0	0.0	0.0	1	b,vv	105	20260808-163047
hnzf	194.9	268.9	485.9	75.9	287.7	441.0	606.7	0		106	20260808-163047
sd,k	60.8	134.9	314.5	141.5	152.5	204.5	395.6	0		107	20260808-163047
kjw;	45.7	170.2	271.7	123.6	146.4	261.3	381.5	0		108	20260808-163047
orch	51.9	261.2	330.0	87.7	131.8	364.9	409.8	0		109	20260808-163047
a;r/	71.4	199.1	302.6	93.9	167.0	292.7	412.9	0		110	20260808-163047
i/zb	185.5	296.5	409.7	89.6	305.4	469.7	521.6	0		1	20260808-223038
ipe/	103.7	187.1	383.9	172.9	204.0	278.6	509.1	0		2	20260808-223038
iget	87.9	164.8	334.3	93.4	210.9	258.8	427.8	0		3	20260808-223038
od/o	90.0	267.3	523.7	0.0	0.0	0.0	0.0	0		4	20260808-223038
ghjn	75.0	285.0	474.4	98.6	160.1	368.5	577.7	0		5	20260808-223038
anj,	76.6	278.8	502.8	128.8	178.0	401.5	640.8	0		6	20260808-223038
mndf	195.1	396.2	561.9	89.9	295.0	620.2	704.8	0		7	20260808-223038
z;f.	120.8	273.4	354.7	154.1	217.3	370.9	482.8	0		8	20260808-223038
yyy;	160.2	278.9	631.1	0.0	0.0	0.0	0.0	0		9	20260808-223038
ntdl	93.2	269.7	346.8	96.8	165.3	364.0	452.8	0		10	20260808-223038
rcsi	448.9	0.0	0.0	101.2	0.0	0.0	0.0	1	rs	11	20260808-223038
vsxk	80.7	331.4	379.0	155.6	189.8	419.8	478.2	0		12	20260808-223038
.qzu	51.0	308.1	385.7	133.1	157.3	466.7	475.6	0		13	20260808-223038
flcw	67.1	271.8	367.0	89.0	174.0	401.0	520.4	0		14	20260808-223038
prdn	58.0	286.3	335.3	96.3	139.0	393.3	448.1	0		15	20260808-223038
da.b	46.5	182.9	348.6	135.0	174.1	291.0	455.0	0		16	20260808-223038
v.ic	106.2	273.1	365.5	114.6	183.0	376.0	452.7	0		17	20260808-223038
etwu	75.5	239.1	325.6	144.2	158.4	350.2	425.6	0		18	20260808-223038
,;cn	89.0	192.1	305.5	186.0	203.7	291.7	417.9	0		19	20260808-223038
pkxx	268.2	363.1	609.1	0.0	0.0	0.0	0.0	0		20	20260808-223038
hchq	101.8	202.9	321.9	0.0	0.0	0.0	0.0	0		21	20260808-223038
vqc;	86.3	332.8	410.3	183.4	191.9	426.9	502.1	0		22	20260808-223038
edeq	204.1	425.0	677.9	0.0	0.0	0.0	0.0	0		23	20260808-223038
;ose	213.9	371.8	477.8	108.2	325.3	571.0	603.0	0		24	20260808-223038
o/rr	240.0	349.9	521.0	0.0	0.0	0.0	0.0	0		25	20260808-223038
ldyc	96.2	239.0	357.9	107.7	191.2	331.3	483.0	0		26	20260808-223038
/tgg	86.0	286.1	456.5	0.0	0.0	0.0	0.0	0		27	20260808-223038
ke.c	114.0	255.2	382.0	119.7	200.4	371.0	473.3	0		28	20260808-223038
xzn,	49.0	310.3	763.0	144.4	177.8	480.7	868.0	0		29	20260808-223038
l;kx	104.5	373.2	498.8	230.0	288.0	0.0	0.0	1	l;kc	30	20260808-223038
sinp	19.0	196.1	317.1	119.2	128.0	364.2	442.1	0		31	20260808-223038
q;ee	63.3	213.9	378.8	0.0	0.0	0.0	0.0	0		32	20260808-223038
ahc,	95.0	219.7	318.6	97.8	191.8	311.8	430.5	0		33	20260808-223038
t;ke	78.8	227.7	306.1	81.7	174.0	350.7	377.6	0		34	20260808-223038
chdl	79.6	209.3	285.2	85.9	167.0	315.0	388.0	0		35	20260808-223038
,kvp	195.2	343.5	487.3	92.2	298.2	476.9	578.3	0		36	20260808-223038
ffd;	143.4	332.1	390.2	0.0	0.0	0.0	0.0	0		37	20260808-223038
xnqh	142.7	295.9	365.1	94.7	217.8	401.0	457.0	0		38	20260808-223038
a.rp	60.8	199.8	329.2	64.5	185.8	287.6	414.6	0		39	20260808-223038
ldgg	73.1	279.0	454.7	0.0	0.0	0.0	0.0	0		40	20260808-223038
jp,g	47.0	298.0	394.0	139.1	164.2	469.2	472.8	0		41	20260808-223038
;lnt	217.5	387.1	560.5	106.8	349.3	507.6	653.2	0		42	20260808-223038
./zl	144.8	415.0	543.8	218.9	311.9	552.7	664.1	0		43	20260808-223038
gmv;	144.7	277.7	382.2	94.8	238.4	412.5	486.3	0		44	20260808-223038
hkjr	86.8	288.5	366.7	159.1	210.8	424.4	456.7	0		45	20260808-223038
owbd	69.8	313.8	545.9	81.8	164.9	413.9	626.9	0		46	20260808-223038
ynnn	277.8	423.2	567.0	0.0	0.0	0.0	0.0	0		47	20260808-223038
wv,u	85.4	268.7	445.2	131.8	236.7	377.1	558.1	0		48	20260808-223038
mdmj	49.2	186.6	369.7	0.0	0.0	0.0	0.0	0		49	20260808-223038
tn,m	105.0	593.9	817.8	100.1	201.2	754.0	962.2	0		50	20260808-223038
.oeo	222.9	303.3	438.8	0.0	0.0	0.0	0.0	0		51	20260808-223038
bevo	77.2	328.0	0.0	0.0	0.0	0.0	0.0	1	beb	52	20260808-223038
pair	61.8	178.4	303.3	99.9	172.9	286.6	399.6	0		53	20260808-223038
rqke	50.1	208.2	290.1	131.1	173.2	297.1	366.1	0		54	20260808-223038
cmzv	108.1	246.6	326.5	104.4	223.3	406.0	511.4	0		55	20260808-223038
ooxb	166.5	294.2	453.5	0.0	0.0	0.0	0.0	0		56	20260808-223038
fdzl	76.8	279.6	369.3	142.5	182.3	432.8	457.2	0		57	20260808-223038
bcri	228.2	342.3	440.9	110.3	397.3	437.3	539.1	0		58	20260808-223038
zwpq	251.0	432.1	518.0	131.0	349.1	545.5	638.0	0		59	20260808-223038
njxg	196.3	363.1	552.8	86.1	295.3	453.8	655.0	0		60	20260808-223038
nc/.	112.9	268.5	590.0	140.9	226.0	404.8	736.6	0		61	20260808-223038
hnve	219.5	330.2	417.2	85.4	310.1	478.3	522.1	0		62	20260808-223038
mbkm	102.9	224.9	292.0	0.0	0.0	0.0	0.0	0		63	20260808-223038
vol,	50.7	240.9	428.9	127.1	116.9	315.0	546.0	0		64	20260808-223038
nhdf	179.2	313.9	422.7	87.0	275.1	493.1	552.9	0		65	20260808-223038
zsaa	280.6	458.4	643.6	0.0	0.0	0.0	0.0	0		66	20260808-223038
wyfb	102.0	250.1	476.2	110.9	180.2	343.2	574.0	0		67	20260808-223038
pftp	44.5	245.1	251.6	0.0	0.0	0.0	0.0	0		68	20260808-223038
r/rj	69.0	203.9	309.9	0.0	0.0	0.0	0.0	0		69	20260808-223038
blwl	94.5	204.4	284.4	0.0	0.0	0.0	0.0	0		70	20260808-223038
atoo	83.2	168.0	297.2	0.0	0.0	0.0	0.0	0		71	20260808-223038
hjqg	177.2	292.6	490.9	77.1	274.1	435.9	617.0	0		72	20260808-223038
ow,z	85.0	238.6	377.7	75.7	171.8	347.9	492.3	0		73	20260808-223038
;/xp	205.2	412.0	514.8	100.9	322.0	527.1	595.0	0		74	20260808-223038
g,q.	84.3	234.3	292.5	0.0	0.0	0.0	0.0	1	g,q,	75	20260808-223038
uoeh	71.4	162.9	270.1	143.9	143.0	255.3	381.1	0		76	20260808-223038
rkdk	99.4	233.8	294.8	0.0	0.0	0.0	0.0	0		77	20260808-223038
;v/h	133.8	266.6	473.6	106.7	258.8	416.4	584.9	0		78	20260808-223038
tv,x	236.1	331.8	481.7	81.5	343.3	440.5	575.0	0		79	20260808-223038
idqh	118.0	374.4	469.8	113.3	212.6	504.8	554.9	0		80	20260808-223038
s/ew	98.9	235.0	400.1	96.1	213.0	402.6	532.5	0		81	20260808-223038
zyte	116.5	208.4	280.0	122.2	197.7	335.3	379.4	0		82	20260808-223038
gfrf	195.4	416.6	629.3	0.0	0.0	0.0	0.0	1	gfrg	83	20260808-223038
k;.g	131.1	0.0	0.0	0.0	0.0	0.0	0.0	1	kl	84	20260808-223038
fr/i	194.6	321.8	532.7	95.5	293.6	450.8	633.8	0		85	20260808-223038
fhg/	87.7	206.2	301.1	91.2	179.1	303.9	407.3	0		86	20260808-223038
,fyv	115.2	274.4	360.5	127.4	209.3	357.1	468.7	0		87	20260808-223038
rx.e	60.3	184.9	307.8	150.0	175.1	299.4	380.2	0		88	20260808-223038
suwu	105.7	213.0	276.5	0.0	0.0	0.0	0.0	0		89	20260808-223038
r/;d	62.7	279.7	364.8	104.5	171.5	377.7	432.9	0		90	20260808-223038
yonf	112.5	359.6	0.0	72.6	324.6	0.0	0.0	1	yof	91	20260808-223038
widi	89.4	210.2	274.9	0.0	0.0	0.0	0.0	0		92	20260808-223038
kffq	147.5	282.9	465.0	0.0	0.0	0.0	0.0	0		93	20260808-223038
jk;h	24.2	272.6	395.5	164.5	174.2	423.4	535.6	0		94	20260808-223038
pj,w	58.8	278.9	400.9	110.0	185.9	403.6	500.9	0		95	20260808-223038
.txm	55.8	161.7	286.8	128.5	187.1	311.0	417.9	0		96	20260808-223038
;s,.	103.0	245.9	376.2	130.0	206.0	470.6	530.5	0		97	20260808-223038
flll	113.0	265.2	399.9	0.0	0.0	0.0	0.0	0		98	20260808-223038
sbeg	91.8	291.2	394.1	120.9	175.1	435.8	519.7	0		99	20260808-223038
udsh	77.1	224.7	289.4	100.0	147.8	373.2	393.6	0		100	20260808-223038
pq;t	100.9	237.1	347.0	97.3	206.1	356.0	436.0	0		101	20260808-223038
,jtb	54.5	155.5	384.7	146.7	216.0	250.8	492.6	0		102	20260808-223038
nmix	264.8	333.7	540.8	75.0	400.8	457.8	659.0	0		103	20260808-223038
y/r,	81.8	193.6	370.6	176.8	231.8	291.8	489.8	0		104	20260808-223038
g/y/	114.1	363.2	441.1	0.0	0.0	0.0	0.0	0		105	20260808-223038
zjwi	103.2	264.6	305.4	133.9	201.4	353.6	411.6	0		106	20260808-223038
yyap	144.3	258.2	336.1	0.0	0.0	0.0	0.0	0		107	20260808-223038
ikec	193.4	282.1	514.8	71.3	283.9	362.3	618.0	0		108	20260808-223038
xurp	58.0	207.8	237.6	90.8	143.5	304.9	343.8	0		109	20260808-223038
u;yr	81.9	283.9	0.0	160.8	209.2	0.0	0.0	1	u;r	110	20260808-223038
nvf/	84.8	280.3	334.7	93.7	180.2	375.5	446.0	0		111	20260808-223038
kx,w	91.6	235.7	334.0	80.0	178.8	327.8	402.6	0		112	20260808-223038
zl,i	66.1	275.0	471.2	114.1	166.0	348.9	559.3	0		113	20260808-223038
vam;	87.0	176.3	282.3	161.3	218.3	284.8	405.1	0		114	20260808-223038
ggxf	156.0	337.2	430.2	0.0	0.0	0.0	0.0	0		115	20260808-223038
.tb;	74.0	285.6	343.0	103.9	141.9	384.8	453.8	0		116	20260808-223038
okb.	190.0	336.0	501.0	86.2	286.9	425.2	633.0	0		117	20260808-223038
;.bz	222.4	435.8	665.2	115.8	366.8	553.5	852.2	0		118	20260808-223038
yrle	71.9	166.8	248.6	68.2	157.2	273.3	377.7	0		119	20260808-223038
/cj/	108.8	225.2	358.9	0.0	0.0	0.0	0.0	0		120	20260808-223038
neh;	61.7	212.8	322.8	80.9	170.7	346.9	452.9	0		121	20260808-223038
tzuu	57.4	199.1	349.1	0.0	0.0	0.0	0.0	0		122	20260808-223038
tjgm	87.3	233.2	307.5	84.5	166.1	349.0	406.2	0		123	20260808-223038
gbmi	209.7	280.4	380.7	67.8	303.3	460.7	482.8	0		124	20260808-223038
gz;k	70.4	174.8	335.9	136.8	211.7	366.8	497.5	0		125	20260808-223038
apf;	91.0	199.5	284.4	103.4	180.3	296.3	408.6	0		126	20260808-223038
jfdh	82.2	223.5	313.5	121.9	166.9	313.0	399.0	0		127	20260808-223038
a./y	96.9	263.2	523.9	124.1	190.7	381.0	607.0	0		128	20260808-223038
nqiz	78.7	221.4	357.7	110.9	184.4	307.7	467.8	0		129	20260808-223038
lvgq	39.1	276.8	0.0	127.1	166.9	0.0	0.0	1	lvq	130	20260808-223038
a/cq	103.1	250.2	369.2	0.0	0.0	0.0	0.0	1	a/cc	131	20260808-223038
qbic	67.8	193.4	319.7	128.5	180.4	289.7	424.7	0		132	20260808-223038
n;b.	50.3	182.0	311.2	156.4	170.7	276.2	445.4	0		133	20260808-223038
pw;b	82.2	270.7	421.3	104.2	190.8	384.4	521.3	0		134	20260808-223038
d,kg	87.9	264.2	375.3	97.8	151.9	382.0	465.2	0		135	20260808-223038
rh;b	80.7	204.8	375.8	102.5	270.8	315.9	462.9	0		136	20260808-223038
dzks	76.1	224.9	408.0	138.0	202.0	317.1	535.2	0		137	20260808-223038
/tiw	90.1	211.7	365.2	111.0	176.0	310.0	0.0	1	/tis	138	20260808-223038
a,zw	112.6	230.8	513.0	99.7	250.7	373.0	670.0	0		139	20260808-223038
,z/d	107.1	256.1	346.2	118.7	237.0	363.5	423.1	0		140	20260808-223038
baii	65.5	156.3	295.3	0.0	0.0	0.0	0.0	0		141	20260808-223038
,.;z	111.8	359.8	461.2	243.7	275.8	481.2	604.2	0		142	20260808-223038
ekoj	110.4	164.1	292.4	150.2	316.1	291.2	443.3	0		143	20260808-223038
dlqi	78.1	213.0	285.9	84.0	151.0	321.2	379.0	0		144	20260808-223038
ic,r	91.0	237.1	307.3	85.0	191.5	337.4	389.8	0		145	20260808-223038
jkdy	80.9	161.0	278.9	162.8	178.9	255.0	380.8	0		146	20260808-223038
b.xf	66.8	208.1	274.9	79.2	173.2	333.7	387.0	0		147	20260808-223038
wfzi	80.1	284.3	339.0	113.2	165.8	425.1	417.0	0		148	20260808-223038
/ehx	67.7	190.1	348.7	119.0	141.7	282.8	448.8	0		149	20260808-223038
knhs	95.9	379.1	388.7	140.1	156.9	0.0	0.0	1	knhy	150	20260808-223038
o,fw	215.7	346.4	410.9	87.1	335.1	492.7	612.7	0		151	20260808-223038
jwwj	241.3	381.0	561.8	0.0	0.0	0.0	0.0	0		152	20260808-223038
ftmn	187.0	288.7	445.9	84.8	280.1	363.8	540.2	0		153	20260808-223038
xx..	158.0	314.1	499.9	0.0	0.0	0.0	0.0	0		154	20260808-223038
ds,o	63.5	164.0	408.5	160.2	193.1	288.2	507.8	0		155	20260808-223038
m.at	141.0	221.9	389.9	88.1	241.1	364.3	490.4	0		156	20260808-223038
;cuq	70.1	200.0	262.0	79.8	152.8	303.0	374.3	0		157	20260808-223038
zg.b	70.3	143.8	313.3	131.3	154.4	284.4	398.4	0		158	20260808-223038
bxus	77.9	189.0	301.2	113.2	167.3	284.2	411.3	0		159	20260808-223038
vznu	43.2	158.4	332.4	132.4	166.1	240.4	421.8	0		160	20260808-223038
sxgk	188.0	352.0	431.0	76.9	288.1	452.3	524.1	0		161	20260808-223038
bdts	57.8	254.6	368.7	120.7	146.5	417.8	474.4	0		162	20260808-223038
qlqh	90.3	186.1	249.0	0.0	0.0	0.0	0.0	0		163	20260808-223038
kitm	182.0	265.0	377.2	79.1	253.1	349.9	479.1	0		164	20260808-223038
vzur	77.9	186.0	302.0	147.3	195.8	280.1	394.1	0		165	20260808-223038
ynzi	201.0	362.0	0.0	76.0	270.0	0.0	0.0	1	yna	166	20260808-223038
ofhz	56.6	187.3	256.6	73.6	143.6	281.3	390.7	0		167	20260808-223038
ncav	82.4	160.9	309.7	105.8	194.3	280.0	471.1	0		168	20260808-223038
.swq	66.9	278.7	429.2	125.4	157.5	392.5	564.1	0		169	20260808-223038
iux.	33.7	160.0	276.5	103.6	127.1	265.1	387.1	0		170	20260808-223038
pbkh	112.1	271.9	379.9	100.1	210.2	0.0	0.0	1	pbkj	171	20260808-223038
mdsn	76.8	165.0	289.0	100.2	138.9	301.8	388.9	0		172	20260808-223038
fri.	154.8	229.7	441.0	56.0	246.8	311.8	564.9	0		173	20260808-223038
qh/v	69.1	216.9	382.8	129.1	178.2	351.8	506.1	0		174	20260808-223038
jmgu	201.4	311.4	403.9	92.7	281.6	397.8	489.1	0		175	20260808-223038
dtsg	91.9	261.9	452.1	129.1	181.5	494.1	602.6	0		176	20260808-223038
znsh	122.0	200.6	308.0	125.9	201.5	325.2	422.0	0		177	20260808-223038
/km,	257.8	280.8	563.6	157.8	363.7	447.5	0.0	1	/km.	178	20260808-223038
lz/;	83.8	248.2	489.9	99.4	217.7	342.8	584.8	0		179	20260808-223038
esti	48.2	237.1	335.2	125.3	168.3	369.1	443.2	0		180	20260808-223038
ncty	75.9	238.9	272.0	105.0	185.0	334.9	361.1	0		181	20260808-223038
jvlv	80.0	213.9	299.7	0.0	0.0	0.0	0.0	0		182	20260808-223038
uqei	51.0	206.1	258.9	100.0	143.4	301.0	370.8	0		183	20260808-223038
q/kb	104.3	247.4	414.3	126.4	223.0	390.0	514.1	0		184	20260808-223038
mri;	79.9	214.4	442.7	115.2	175.6	312.6	559.7	0		185	20260808-223038
,/,g	0.0	0.0	0.0	0.0	0.0	0.0	0.0	1	.	186	20260808-223038
fo.m	74.9	174.0	0.0	116.1	0.0	0.0	0.0	1	fom	187	20260808-223038
,jcf	82.1	181.1	283.9	156.8	203.4	391.0	417.4	0		188	20260808-223038
,h;g	79.5	235.4	300.3	150.3	165.2	375.9	396.3	0		189	20260808-223038
y,ib	91.0	290.9	352.0	172.2	172.5	383.8	452.6	0		190	20260808-223038
nqhq	92.8	202.1	290.0	0.0	0.0	0.0	0.0	0		191	20260808-223038
m,ld	101.8	294.1	422.3	205.1	240.0	460.9	495.1	0		192	20260808-223038
uwzv	95.2	385.9	410.0	109.8	215.1	507.0	539.1	0		193	20260808-223038
xbeu	53.1	276.1	340.7	112.6	138.1	352.0	436.9	0		194	20260808-223038
bb;b	193.2	347.0	477.1	0.0	0.0	0.0	0.0	0		195	20260808-223038
dmzj	103.2	212.0	310.9	81.1	187.1	344.9	413.2	0		196	20260808-223038
y/wj	76.1	219.0	326.9	158.6	220.8	312.0	419.0	0		197	20260808-223038
lmkb	107.9	292.9	343.1	141.0	233.1	376.8	439.6	0		198	20260808-223038
brai	212.6	336.3	464.8	82.1	296.5	463.7	562.7	0		199	20260808-223038
,dzy	91.4	238.2	381.9	143.4	186.4	390.5	469.4	0		200	20260808-223038
dbs/	43.0	230.3	289.3	119.1	125.0	338.0	411.1	0		201	20260808-223038
mbqb	52.3	200.7	329.8	0.0	0.0	0.0	0.0	0		202	20260808-223038
nyst	171.5	207.4	333.9	64.6	255.4	336.0	421.7	0		203	20260808-223038
g,,s	161.1	294.0	431.0	0.0	0.0	0.0	0.0	0		204	20260808-223038
;mff	49.0	175.1	333.1	0.0	0.0	0.0	0.0	0		205	20260808-223038
hlc.	60.8	175.9	303.6	137.7	156.9	273.8	403.8	0		206	20260808-223038
ljgt	72.5	190.7	382.5	147.0	194.5	280.7	477.1	0		207	20260808-223038
djyv	45.8	227.7	266.4	94.6	116.9	318.6	388.9	0		208	20260808-223038
e.ap	72.4	210.2	297.1	85.1	183.1	314.0	408.1	0		209	20260808-223038
k;ds	96.9	291.0	362.7	195.0	232.1	430.0	504.2	0		210	20260808-223038
emvj	85.0	231.4	293.3	99.0	180.3	341.9	400.3	0		211	20260808-223038
tjxp	106.1	255.8	303.8	103.1	181.6	364.7	397.4	0		212	20260808-223038
nnxy	132.9	260.5	371.6	0.0	0.0	0.0	0.0	0		213	20260808-223038
upxo	60.9	184.7	278.7	158.9	180.9	295.7	386.9	0		214	20260808-223038
ilug	87.7	216.7	284.3	144.8	168.7	347.5	385.7	0		215	20260808-223038
aswv	69.9	295.3	424.5	181.6	198.5	476.5	559.9	0		216	20260808-223038
byue	84.7	218.7	229.5	98.6	150.6	330.3	314.6	0		217	20260808-223038
;gj;	0.0	0.0	0.0	0.0	0.0	0.0	0.0	1	g	218	20260808-223038
vpbf	104.5	207.5	435.2	95.2	208.9	288.3	541.4	0		219	20260808-223038
n/zj	108.0	270.3	354.9	176.1	236.1	412.2	449.9	0		220	20260808-223038
e.st	73.4	210.3	295.0	77.7	185.0	342.0	392.2	0		221	20260808-223038
exne	221.5	325.9	444.9	0.0	0.0	0.0	0.0	0		222	20260808-223038
ttgp	155.7	364.5	415.8	0.0	0.0	0.0	0.0	0		223	20260808-223038
csra	48.7	327.7	440.3	124.8	181.7	487.9	590.3	0		224	20260808-223038
zohx	105.6	188.7	301.4	127.5	187.9	304.5	399.3	0		225	20260808-223038
;yjf	54.8	275.1	359.1	138.0	147.8	384.3	434.5	0		226	20260808-223038
axis	220.6	416.4	473.3	129.3	314.3	508.5	588.8	0		227	20260808-223038
omtm	72.7	177.9	261.7	0.0	0.0	0.0	0.0	0		228	20260808-223038
qddo	240.0	390.1	551.2	0.0	0.0	0.0	0.0	0		229	20260808-223038
w.qc	81.5	225.1	531.0	105.1	209.2	343.9	668.0	0		230	20260808-223038
xqxp	76.0	312.0	396.9	0.0	0.0	0.0	0.0	0		231	20260808-223038
l,or	232.1	413.9	478.1	103.0	330.1	566.0	584.0	0		232	20260808-223038
x/om	60.6	271.0	320.1	117.1	163.1	394.2	488.0	0		233	20260808-223038
f;g/	101.2	252.3	421.8	113.3	208.5	361.8	541.1	0		234	20260808-223038
xcrs	244.1	421.0	576.4	114.1	399.9	535.1	716.8	0		235	20260808-223038
dc;d	195.9	274.3	395.8	0.0	0.0	0.0	0.0	0		236	20260808-223038
ht..	72.3	206.1	345.8	0.0	0.0	0.0	0.0	0		237	20260808-223038
nuw,	185.4	274.2	415.2	79.1	267.1	378.1	537.0	0		238	20260808-223038
s/,/	73.7	298.3	417.5	0.0	0.0	0.0	0.0	0		239	20260808-223038
k,rc	78.3	0.0	0.0	0.0	0.0	0.0	0.0	1	kc	240	20260808-223038
kalg	54.2	189.3	250.0	82.2	142.2	291.0	344.7	0		241	20260808-223038
cqd/	93.7	329.3	395.0	153.0	202.0	414.0	505.0	0		242	20260808-223038
d,kr	78.0	250.5	302.6	129.6	154.0	354.4	392.8	0		243	20260808-223038
,.;b	132.1	386.0	509.0	273.0	294.9	531.5	602.7	0		244	20260808-223038
dzyp	63.1	109.2	185.9	115.9	195.8	256.9	312.4	0		245	20260808-223038
.,gu	64.6	203.3	285.1	148.6	174.0	298.1	404.2	0		246	20260808-223038
;bts	41.2	260.0	311.9	108.3	124.1	376.3	461.1	0		247	20260808-223038
.bfz	79.3	308.2	382.6	123.6	168.7	513.6	563.7	0		248	20260808-223038
glyc	75.3	226.2	290.0	102.7	158.0	319.7	395.8	0		249	20260808-223038
,h/,	47.3	271.4	436.0	0.0	0.0	0.0	0.0	0		250	20260808-223038
t,yk	27.1	260.7	403.5	92.3	122.5	487.5	557.4	0		251	20260808-223038
y;gx	72.3	241.0	480.8	163.2	191.1	503.6	652.8	0		252	20260808-223038
jyie	169.4	282.8	395.4	67.6	260.4	398.3	477.4	0		253	20260808-223038
q,nv	95.4	264.4	368.1	123.1	191.1	371.7	476.6	0		254	20260808-223038
cxrz	9.7	270.7	483.6	120.8	262.6	413.3	753.1	0		255	20260808-223038
sfzq	95.5	389.0	630.1	160.1	210.1	503.6	716.2	0		256	20260808-223038
o.sy	201.2	280.8	406.9	81.2	277.1	372.4	478.7	0		257	20260808-223038
oifa	58.5	175.0	249.0	125.9	186.1	326.2	356.6	0		258	20260808-223038
rcun	227.8	246.8	473.8	85.5	324.5	341.7	564.7	0		259	20260808-223038
o.d,	201.0	324.3	435.5	68.2	278.6	403.2	530.3	0		260	20260808-223038
ak;a	106.7	201.6	346.1	0.0	0.0	0.0	0.0	0		261	20260808-223038
lc,j	90.4	241.5	378.5	99.4	176.3	316.6	501.7	0		262	20260808-223038
flpw	107.7	292.6	351.0	111.4	187.6	390.5	435.7	0		263	20260808-223038
p/q.	227.5	328.3	479.8	93.0	324.5	446.7	611.6	0		264	20260808-223038
mxzb	160.0	199.9	537.1	120.0	253.5	359.8	634.0	0		265	20260808-223038
gsyo	58.0	149.0	223.0	121.0	187.3	269.1	326.3	0		266	20260808-223038
;m;x	54.7	263.0	387.6	0.0	0.0	0.0	0.0	0		267	20260808-223038
esx/	85.1	337.9	393.9	136.8	197.0	435.2	508.6	0		268	20260808-223038
xsl/	184.5	267.1	468.2	91.5	289.6	360.4	579.0	0		269	20260808-223038
celx	185.0	282.1	402.0	73.3	259.3	369.2	502.5	0		270	20260808-223038
phqi	55.9	138.1	228.4	119.9	146.6	240.4	321.9	0		271	20260808-223038
agca	120.8	292.8	424.9	0.0	0.0	0.0	0.0	0		272	20260808-223038
ouhl	46.1	251.1	371.0	101.3	146.2	400.1	484.5	0		273	20260808-223038
l/u.	212.8	350.7	508.2	96.8	315.7	507.5	673.7	0		274	20260808-223038
//yp	158.4	429.8	499.9	0.0	0.0	0.0	0.0	0		275	20260808-223038
gdnm	55.9	177.1	333.7	128.7	143.9	267.0	474.9	0		276	20260808-223038
hpxv	66.6	160.5	231.0	157.6	207.6	290.8	375.8	0		277	20260808-223038
teer	184.1	374.0	571.2	0.0	0.0	0.0	0.0	0		278	20260808-223038
.;zu	100.6	269.9	375.6	207.6	274.5	415.5	486.5	0		279	20260808-223038
kumn	50.0	302.2	461.6	135.1	168.2	376.7	551.7	0		280	20260808-223038
vk,p	97.9	314.9	467.9	136.7	151.7	410.1	582.8	0		281	20260808-223038
m/ik	76.3	266.0	565.7	168.1	205.3	389.1	665.0	0		282	20260808-223038
u,zf	208.1	299.1	408.1	99.1	321.8	464.9	532.1	0		283	20260808-223038
fikm	85.1	275.8	459.9	127.3	153.4	380.4	572.2	0		284	20260808-223038
gkeh	89.7	180.0	295.0	80.4	164.9	250.9	397.9	0		285	20260808-223038
xcry	236.1	386.9	519.8	109.5	355.0	487.6	597.5	0		286	20260808-223038
gmor	81.8	188.2	290.7	98.8	158.8	267.7	367.2	0		287	20260808-223038
qcy/	167.8	272.7	377.0	117.8	264.8	0.0	0.0	1	qcy;	288	20260808-223038
opbj	23.1	235.3	372.3	224.4	204.7	351.8	497.0	0		289	20260808-223038
ijt/	79.1	183.9	346.3	133.3	192.9	274.1	0.0	0		290	20260808-223038
.akn	102.8	283.1	428.9	117.5	221.9	474.8	554.9	0		291	20260808-223038
g/,n	159.3	430.1	537.3	94.7	359.5	643.0	728.3	0		292	20260808-223038
bz.f	42.9	153.8	259.7	97.8	137.3	268.8	353.0	0		293	20260808-223038
qvgn	79.1	310.5	414.8	168.0	192.3	398.2	518.1	0		294	20260808-223038
nfzz	59.0	237.8	410.8	0.0	0.0	0.0	0.0	0		295	20260808-223038
fxlf	71.1	151.0	251.6	0.0	0.0	0.0	0.0	0		296	20260808-223038
jm,z	199.0	401.9	733.8	91.0	284.7	510.8	851.7	0		297	20260808-223038
ewuc	20.4	172.6	290.7	101.7	132.1	265.1	384.2	0		298	20260808-223038
cqn/	83.3	206.9	347.9	137.9	206.0	397.1	498.0	0		299	20260808-223038
oofv	140.9	257.3	456.6	0.0	0.0	0.0	0.0	0		300	20260808-223038
pj,n	64.0	314.2	516.3	121.1	203.8	468.1	628.3	0		301	20260808-223038
vvuh	171.0	254.2	449.5	0.0	0.0	0.0	0.0	1	vvuj	302	20260808-223038
slrb	122.6	228.4	445.4	105.6	214.7	318.4	542.6	0		303	20260808-223038
a/ve	69.4	223.2	303.2	112.2	196.0	380.2	435.1	0		304	20260808-223038
ww/p	159.9	295.1	578.9	0.0	0.0	0.0	0.0	0		305	20260808-223038
conc	69.8	227.9	343.6	0.0	0.0	0.0	0.0	0		306	20260808-223038
tx.x	88.3	207.5	316.5	0.0	0.0	0.0	0.0	0		307	20260808-223038
fuzi	99.3	215.0	285.7	98.7	180.0	333.7	408.0	0		308	20260808-223038
gkcb	109.5	267.6	359.8	92.4	206.7	394.6	446.7	0		309	20260808-223038
jci;	93.2	182.8	440.9	97.7	192.2	294.1	535.6	0		310	20260808-223038
ytv,	46.8	286.6	353.0	88.0	126.7	396.3	444.3	0		311	20260808-223038
eduv	187.8	260.8	414.2	70.2	272.8	358.8	529.8	0		312	20260808-223038
k,id	165.6	352.7	392.6	66.6	229.7	427.6	469.3	0		313	20260808-223038
wfm/	83.9	176.9	571.5	0.0	0.0	0.0	0.0	1	wfmm	314	20260808-223038
lipw	61.8	281.6	384.8	164.8	174.4	403.4	474.9	0		315	20260808-223038
wzkl	241.6	364.6	422.8	96.6	371.5	521.1	530.7	0		316	20260808-223038
attx	237.1	399.2	610.9	0.0	0.0	0.0	0.0	0		317	20260808-223038
,g;j	113.0	258.1	425.9	137.9	229.3	396.2	562.5	0		318	20260808-223038
/ct,	81.9	222.7	286.7	109.9	261.3	313.2	386.6	0		319	20260808-223038
ame/	92.1	199.9	298.2	104.0	192.6	287.4	422.2	0		320	20260808-223038
hvug	77.9	213.0	310.8	95.1	185.0	314.6	414.9	0		321	20260808-223038
vnfy	74.7	207.3	284.0	111.7	156.6	307.4	367.8	0		322	20260808-223038
p,vc	221.6	397.4	521.1	86.8	334.2	0.0	0.0	1	p,vx	323	20260808-223038
cjic	93.2	167.9	251.7	0.0	0.0	0.0	0.0	0		324	20260808-223038
i;gz	107.3	163.0	210.0	201.4	244.1	278.2	354.1	0		325	20260808-223038
.t/e	22.2	428.9	525.4	110.9	125.8	531.2	609.0	0		326	20260808-223038
yskp	52.8	213.8	319.0	79.9	169.0	347.9	460.7	0		327	20260808-223038
lek.	50.5	205.7	374.5	81.6	158.5	395.6	540.4	0		328	20260808-223038
a/mw	99.0	237.4	303.2	133.1	223.3	368.8	408.0	0		329	20260808-223038
o.ad	197.9	262.9	395.4	87.2	299.8	443.0	511.1	0		330	20260808-223038
agc;	56.3	248.4	334.6	136.3	201.2	352.1	447.3	0		331	20260808-223038
jexx	86.6	311.2	479.4	0.0	0.0	0.0	0.0	0		332	20260808-223038
aogv	92.1	192.5	416.9	113.6	175.6	286.8	530.7	0		333	20260808-223038
z.ff	118.8	216.8	358.9	0.0	0.0	0.0	0.0	0		334	20260808-223038
owzn	67.1	293.5	362.0	69.6	162.4	436.6	448.6	0		335	20260808-223038
wr.u	74.8	180.8	249.0	133.4	201.0	338.6	354.5	0		336	20260808-223038
tset	67.9	267.6	322.1	0.0	0.0	0.0	0.0	0		337	20260808-223038
..ki	156.2	536.1	707.9	0.0	0.0	0.0	0.0	0		338	20260808-223038
vuqd	114.4	279.7	0.0	113.8	214.1	0.0	0.0	1	vud	339	20260808-223038
igpv	80.3	200.1	324.1	101.7	178.3	305.2	493.3	0		340	20260808-223038
b,;n	262.2	0.0	0.0	106.4	0.0	0.0	0.0	1	b;	341	20260808-223038
,,;l	150.1	355.0	544.0	0.0	0.0	0.0	0.0	0		342	20260808-223038
dyqj	117.6	197.8	318.7	98.7	193.7	336.4	421.8	0		343	20260808-223038
yb/h	67.6	232.0	420.9	92.0	186.7	362.5	530.3	0		344	20260808-223038
sahw	75.0	209.7	295.9	139.1	187.0	308.0	419.5	0		345	20260808-223038
gukj	82.8	231.3	365.8	108.0	205.9	396.7	500.7	0		346	20260808-223038
atha	73.8	165.5	265.3	0.0	0.0	0.0	0.0	0		347	20260808-223038
m,b;	104.9	232.0	365.2	215.1	247.1	333.2	512.1	0		348	20260808-223038
fkl,	119.8	236.4	550.4	122.6	342.3	439.1	671.1	0		349	20260808-223038
uund	157.7	380.0	472.3	0.0	0.0	0.0	0.0	0		350	20260808-223038
biao	105.1	168.0	261.1	0.0	0.0	0.0	0.0	1	biai	351	20260808-223038
elbu	96.2	230.5	276.9	90.9	168.5	335.2	395.1	0		352	20260808-223038
/grf	97.1	282.9	464.4	129.1	180.0	380.1	575.6	0		353	20260808-223038
prlo	109.8	222.1	386.0	93.3	212.4	298.2	501.3	0		354	20260808-223038
.tze	340.1	580.9	833.9	147.9	426.9	708.4	911.9	0		355	20260808-223038
zujx	91.4	284.1	313.4	131.6	161.5	380.5	405.8	0		356	20260808-223038
x/ci	105.2	196.3	289.8	104.2	206.0	289.1	392.1	0		357	20260808-223038
utdt	84.9	261.9	377.9	0.0	0.0	0.0	0.0	0		358	20260808-223038
wxac	306.8	544.0	693.2	127.1	419.9	678.9	803.9	0		359	20260808-223038
x.an	103.9	187.1	309.0	84.9	163.8	293.9	397.9	0		360	20260808-223038
t.od	112.4	0.0	0.0	0.0	0.0	0.0	0.0	1	to	361	20260808-223038
wuau	96.6	214.9	273.1	0.0	0.0	0.0	0.0	0		362	20260808-223038
g.vq	115.5	390.1	476.3	97.6	229.7	555.4	626.3	0		363	20260808-223038
qclv	205.1	290.6	425.1	98.2	290.0	379.2	536.2	0		364	20260808-223038
pddh	108.3	257.0	376.0	0.0	0.0	0.0	0.0	0		365	20260808-223038
rksh	96.9	181.6	266.9	85.1	178.7	301.0	370.0	0		366	20260808-223038
uvsp	71.2	223.8	258.1	97.1	164.2	326.1	384.4	0		367	20260808-223038
nrgw	102.0	312.3	512.8	103.4	196.3	518.0	629.8	0		368	20260808-223038
grjb	193.9	282.7	440.2	88.1	268.8	374.1	531.0	0		369	20260808-223038
vsyd	50.3	191.9	292.9	131.9	138.1	273.9	392.2	0		370	20260808-223038
e.w.	90.3	250.2	331.1	0.0	0.0	0.0	0.0	0		371	20260808-223038
fpoq	92.0	303.1	536.0	98.8	176.9	411.8	661.6	0		372	20260808-223038
as,t	83.2	175.3	299.9	158.3	188.3	296.1	406.0	0		373	20260808-223038
yxv,	93.2	407.3	624.4	102.1	185.5	524.5	741.5	0		374	20260808-223038
rqz/	88.8	360.4	468.3	150.8	190.4	505.7	573.7	0		375	20260808-223038
jupg	159.4	304.1	514.1	88.1	252.1	438.4	614.9	0		376	20260808-223038
pe/s	81.4	236.6	342.9	77.7	159.8	359.3	457.7	0		377	20260808-223038
x.e;	119.7	225.6	341.2	94.3	213.4	309.4	445.4	0		378	20260808-223038
/wn.	98.3	211.9	405.6	110.0	211.2	394.5	550.7	0		379	20260808-223038
yziz	58.9	164.3	263.7	0.0	0.0	0.0	0.0	0		380	20260808-223038
aunf	65.8	251.2	303.1	127.3	139.1	332.8	394.3	0		381	20260808-223038
km.j	1.2	258.7	365.4	116.3	130.2	440.7	489.4	0		382	20260808-223038
/xt;	39.6	151.5	279.8	89.6	181.7	234.7	381.7	0		383	20260808-223038
lz;x	86.3	224.1	353.0	104.9	209.0	336.3	456.6	0		384	20260808-223038
wzxr	232.7	494.9	605.7	95.3	395.0	655.9	727.0	0		385	20260808-223038
mstn	63.8	200.7	245.1	116.9	154.4	304.0	353.2	0		386	20260808-223038
o;wv	36.7	192.6	248.8	201.8	187.8	324.6	420.0	0		387	20260808-223038
tbfa	196.9	412.1	506.1	77.1	296.9	559.9	654.0	0		388	20260808-223038
unra	202.9	298.8	403.5	86.9	285.2	455.1	555.4	0		389	20260808-223038
,hni	78.0	267.7	380.3	146.8	165.9	487.2	486.3	0		390	20260808-223038
corf	92.2	171.7	358.2	85.1	165.9	263.2	459.3	0		391	20260808-223038
a/n/	92.0	256.0	400.8	0.0	0.0	0.0	0.0	0		392	20260808-223038
tmqz	65.8	144.9	423.1	97.8	161.9	275.2	532.9	0		393	20260808-223038
j/pp	80.9	319.9	496.8	0.0	0.0	0.0	0.0	0		394	20260808-223038
,ke.	163.5	0.0	0.0	73.9	0.0	0.0	0.0	1	,e	395	20260808-223038
dscw	36.0	297.9	375.9	121.1	157.1	448.8	535.9	0		396	20260808-223038
ifpt	78.9	198.7	297.3	98.6	154.7	303.3	397.6	0		397	20260808-223038
tfg;	185.0	307.0	0.0	70.9	288.9	0.0	0.0	1	tf;	398	20260808-223038
iey.	78.0	263.9	504.5	119.0	175.1	356.1	639.8	0		399	20260808-223038
ubnq	86.6	273.9	339.9	97.6	189.7	365.2	450.4	0		400	20260808-223038
.n.o	68.1	288.1	499.1	0.0	0.0	0.0	0.0	0		401	20260808-223038
swce	197.2	432.8	619.3	93.8	284.2	511.9	716.6	0		402	20260808-223038
,xfm	60.1	183.2	245.1	94.2	157.0	296.1	360.2	0		403	20260808-223038
rggw	234.4	394.9	537.7	0.0	0.0	0.0	0.0	0		404	20260808-223038
eodc	113.3	257.1	455.9	85.1	212.1	333.1	565.8	0		405	20260808-223038
oz,d	64.1	241.6	299.9	99.1	180.0	350.1	392.0	0		406	20260808-223038
t,tx	58.8	192.0	365.9	0.0	0.0	0.0	0.0	0		407	20260808-223038
q.ku	88.0	211.9	314.9	136.1	200.4	399.0	476.0	0		408	20260808-223038
ft,i	196.8	266.4	489.0	90.9	287.0	355.2	579.3	0		409	20260808-223038
mugs	189.2	285.1	434.8	74.2	277.4	0.0	0.0	1	mugx	410	20260808-223038
.gsx	101.8	170.0	371.0	123.0	234.2	267.9	484.0	0		411	20260808-223038
ipjj	91.3	276.1	439.0	0.0	0.0	0.0	0.0	0		412	20260808-223038
;rh/	97.9	266.0	472.2	124.9	216.3	399.3	600.3	0		413	20260808-223038
eqyw	50.6	205.1	401.9	120.8	191.2	288.9	511.7	0		414	20260808-223038
thnu	75.5	272.8	435.0	118.1	147.2	327.5	524.3	0		415	20260808-223038
vd/t	75.0	173.0	294.3	142.0	153.0	296.5	394.7	0		416	20260808-223038
cp;k	27.8	330.8	462.8	107.7	128.8	450.7	618.8	0		417	20260808-223038
nbhs	73.1	207.1	425.7	83.0	161.1	302.2	524.9	0		418	20260808-223038
swtv	200.0	416.8	641.1	105.1	307.0	514.8	752.4	0		419	20260808-223038
qvwm	35.8	52.1	337.5	0.0	0.0	0.0	0.0	1	qvww	420	20260808-223038
tpgh	77.5	210.5	269.7	90.8	135.7	313.7	371.8	0		421	20260808-223038
iqyf	32.7	262.5	347.6	84.9	144.3	363.5	453.3	0		422	20260808-223038
uihl	52.4	281.3	345.1	168.0	167.0	488.1	516.1	0		423	20260808-223038
eife	73.5	189.0	277.5	0.0	0.0	0.0	0.0	0		424	20260808-223038
vukh	85.1	284.0	399.1	160.8	141.0	435.0	508.9	0		425	20260808-223038
grqa	240.9	474.7	719.6	90.4	383.4	605.6	876.5	0		426	20260808-223038
jkbu	71.9	191.9	286.1	144.6	170.8	307.8	371.8	0		427	20260808-223038
fouf	139.0	192.2	296.2	0.0	0.0	0.0	0.0	0		428	20260808-223038
h,tw	177.0	327.2	527.2	104.1	299.2	492.4	657.3	0		429	20260808-223038
jzeu	103.1	334.6	467.1	113.0	211.2	434.2	592.1	0		430	20260808-223038
..np	167.0	364.0	496.0	0.0	0.0	0.0	0.0	0		431	20260808-223038
rw/l	55.6	175.1	379.5	152.0	183.8	306.1	507.2	0		432	20260808-223038
vcdl	113.8	191.7	0.0	0.0	0.0	0.0	0.0	1	vcc	433	20260808-223038
dnjg	58.8	278.9	355.1	98.8	154.1	402.1	454.2	0		434	20260808-223038
yy.n	154.7	352.9	489.9	0.0	0.0	0.0	0.0	0		435	20260808-223038
ojb.	70.0	212.9	285.7	126.5	168.0	312.7	423.8	0		436	20260808-223038
bmyi	65.0	240.6	334.2	98.8	138.0	429.9	438.2	0		437	20260808-223038
,a,f	51.2	189.0	276.8	0.0	0.0	0.0	0.0	1	,a,a	438	20260808-223038
rn.b	124.2	218.2	337.9	99.1	220.0	353.1	432.0	0		439	20260808-223038
b.nw	89.8	212.9	305.1	108.9	184.0	346.1	412.2	0		440	20260808-223038
q,,.	191.0	340.9	564.8	0.0	0.0	0.0	0.0	0		441	20260808-223038
o,os	242.9	437.3	557.2	0.0	0.0	0.0	0.0	0		442	20260808-223038
zeen	240.1	398.1	535.8	0.0	0.0	0.0	0.0	0		443	20260808-223038
/jjh	198.1	319.0	601.0	0.0	0.0	0.0	0.0	0		444	20260808-223038
;r;u	97.2	263.6	427.3	0.0	0.0	0.0	0.0	0		445	20260808-223038
x;td	75.0	245.1	331.8	97.8	162.0	397.8	458.7	0		446	20260808-223038
m.y/	63.1	297.9	432.9	157.3	185.9	460.8	590.2	0		447	20260808-223038
,;xj	81.8	328.2	390.8	217.7	217.1	451.6	503.1	0		448	20260808-223038
pupl	43.1	302.1	548.4	0.0	0.0	0.0	0.0	1	pup;	449	20260808-223038
up.v	70.6	392.8	468.2	178.6	195.7	539.6	600.8	0		450	20260808-223038
rcfb	71.9	322.0	569.0	168.9	245.0	435.0	665.8	0		451	20260808-223038
/.,c	88.0	132.9	487.0	255.0	257.2	343.0	567.9	0		452	20260808-223038
wbtd	119.1	422.7	489.2	129.9	243.9	561.1	603.5	0		453	20260808-223038
kgq;	109.8	237.8	298.8	92.7	239.1	377.0	418.6	0		454	20260808-223038
onvj	80.3	182.2	288.6	173.1	165.6	318.4	407.2	0		455	20260808-223038
wmzh	102.0	236.9	323.5	95.0	183.8	371.7	426.6	0		456	20260808-223038
aino	66.1	195.0	318.1	130.4	155.0	393.0	392.0	0		457	20260808-223038
;myt	46.9	259.3	365.1	121.8	132.9	342.9	452.9	0		458	20260808-223038
uqkp	51.1	188.1	349.5	92.1	165.9	367.2	455.1	0		459	20260808-223038
u,pj	243.6	427.9	679.6	98.5	343.7	542.3	774.1	0		460	20260808-223038
figm	121.9	248.2	363.3	110.1	211.1	344.1	461.8	0		461	20260808-223038
lrbv	95.5	359.4	503.7	123.9	183.9	0.0	0.0	1	lrbw	462	20260808-223038
iupj	57.9	224.7	412.8	163.9	171.8	357.0	545.9	0		463	20260808-223038
ho.a	69.8	337.7	404.9	133.9	182.0	472.9	519.3	0		464	20260808-223038
rqyw	53.9	179.0	346.1	137.0	170.1	270.0	450.1	0		465	20260808-223038
juas	167.5	301.1	439.1	87.5	270.1	520.3	573.6	0		466	20260808-223038
mj/h	204.1	361.9	525.5	79.1	313.9	545.1	650.5	0		467	20260808-223038
vcpl	70.2	318.6	0.0	170.8	187.8	0.0	0.0	1	vcl	468	20260808-223038
xvjo	37.5	130.8	239.6	124.0	172.2	295.2	363.2	0		469	20260808-223038
/dbq	82.4	149.3	343.2	122.3	209.6	246.1	458.7	0		470	20260808-223038
p,sp	209.1	303.8	417.9	0.0	0.0	0.0	0.0	0		471	20260808-223038
jm.v	216.5	357.5	569.5	89.4	349.9	525.4	704.4	0		1	20260810-215128
eeke	158.4	239.7	344.5	0.0	0.0	0.0	0.0	0		2	20260810-215128
;,/o	252.3	487.6	826.6	127.7	379.3	620.7	939.5	0		3	20260810-215128
nsg.	13.9	207.4	272.9	69.2	147.3	331.1	404.2	0		4	20260810-215128
li/y	26.3	349.1	535.6	188.2	197.3	468.5	620.3	0		5	20260810-215128
wlsx	114.9	257.8	485.3	96.4	227.8	379.7	611.3	0		6	20260810-215128
zily	97.9	309.8	364.4	142.0	191.2	438.2	482.3	0		7	20260810-215128
brbu	229.8	460.8	530.9	0.0	0.0	0.0	0.0	0		8	20260810-215128
freh	210.2	289.5	469.1	100.2	292.1	421.8	574.2	0		9	20260810-215128
py;q	41.0	294.9	403.9	123.8	166.9	407.7	518.1	0		10	20260810-215128
bjrd	95.6	243.9	437.7	91.5	191.2	344.2	563.6	0		11	20260810-215128
tack	67.0	303.6	391.0	139.9	193.5	406.2	498.2	0		12	20260810-215128
aojh	82.1	292.6	0.0	145.0	226.1	0.0	0.0	1	aog	13	20260810-215128
bjln	69.5	265.6	359.1	118.3	165.6	441.9	486.6	0		14	20260810-215128
,d,a	48.0	218.2	350.1	0.0	0.0	0.0	0.0	0		15	20260810-215128
kkgm	155.1	293.5	381.2	0.0	0.0	0.0	0.0	0		16	20260810-215128
p.dk	255.1	397.4	518.5	101.4	362.4	481.8	613.4	0		17	20260810-215128
fjwo	96.3	211.0	304.1	100.8	185.3	308.5	406.2	0		18	20260810-215128
d/jb	154.3	249.4	367.6	121.3	303.8	374.1	474.6	0		19	20260810-215128
dq./	67.5	200.3	413.3	132.4	194.2	301.8	553.6	0		20	20260810-215128
aply	91.6	324.2	412.5	121.2	185.8	499.0	543.7	0		21	20260810-215128
roiv	86.4	207.4	377.9	88.7	194.9	358.4	518.5	0		22	20260810-215128
beas	155.5	218.8	446.4	157.9	287.1	377.2	556.7	0		23	20260810-215128
a,ms	124.5	311.3	423.4	134.8	231.8	426.1	523.7	0		24	20260810-215128
oh,g	74.1	348.0	457.0	171.4	191.0	465.9	540.8	0		25	20260810-215128
sbyz	64.6	203.1	367.1	131.2	217.5	295.7	506.2	0		26	20260810-215128
/zqa	66.6	313.3	547.5	126.6	189.7	421.4	652.7	0		27	20260810-215128
jtzs	79.9	254.2	667.3	115.6	209.9	358.0	787.0	0		28	20260810-215128
,rcz	158.1	461.3	714.9	161.5	283.8	585.9	843.9	0		29	20260810-215128
ykyo	77.8	290.6	406.7	0.0	0.0	0.0	0.0	0		30	20260810-215128
sjl/	93.2	228.5	468.4	123.8	238.6	367.6	608.6	0		31	20260810-215128
o,g;	221.5	426.8	540.2	92.2	320.5	531.9	648.8	0		32	20260810-215128
cq/w	120.2	289.2	430.3	166.2	269.8	412.6	536.3	0		33	20260810-215128
rjeh	104.9	223.2	322.6	94.6	189.9	331.8	423.4	0		34	20260810-215128
wtne	78.8	214.9	296.9	136.2	198.5	326.6	394.5	0		35	20260810-215128
o/en	231.0	315.5	457.3	91.6	351.2	407.1	564.7	0		36	20260810-215128
wzgw	281.9	488.5	604.3	0.0	0.0	0.0	0.0	0		37	20260810-215128
eyia	93.0	178.4	330.2	83.4	191.2	315.2	447.5	0		38	20260810-215128
bfyt	198.1	0.0	0.0	85.6	0.0	0.0	0.0	1	bv	39	20260810-215128
,ovf	222.5	303.9	554.0	106.2	325.7	415.1	662.9	0		40	20260810-215128
jb/t	91.3	261.8	366.9	112.0	197.8	383.8	479.1	0		41	20260810-215128
n;jq	81.9	279.9	385.0	152.5	228.4	418.4	519.1	0		42	20260810-215128
vuv;	66.7	210.7	318.0	0.0	0.0	0.0	0.0	0		43	20260810-215128
lvq/	53.9	226.6	313.9	113.4	193.9	0.0	0.0	1	lvq;	44	20260810-215128
;jtk	80.9	203.5	287.1	181.1	170.3	305.5	405.1	0		45	20260810-215128
lubt	62.2	201.9	440.0	171.7	179.5	308.1	544.9	0		46	20260810-215128
hqmf	45.2	247.6	324.4	80.8	165.9	369.0	435.1	0		47	20260810-215128
of/n	108.7	253.5	443.9	94.1	208.6	368.9	575.6	0		48	20260810-215128
jgzx	109.9	357.5	563.8	116.4	218.1	490.6	671.5	0		49	20260810-215128
syur	87.3	273.2	0.0	0.0	0.0	0.0	0.0	1	syy	50	20260810-215128
gyma	68.1	323.2	413.5	113.5	139.8	435.4	523.9	0		51	20260810-215128
,q.z	78.4	257.0	414.7	123.0	196.6	401.8	523.3	0		52	20260810-215128
o,m.	242.7	598.8	783.4	103.4	357.5	762.2	969.9	0		53	20260810-215128
ay;a	113.3	198.1	329.9	0.0	0.0	0.0	0.0	0		54	20260810-215128
o,sk	346.7	557.4	644.6	107.5	450.5	666.6	736.8	0		55	20260810-215128
//xt	167.1	311.1	452.2	0.0	0.0	0.0	0.0	0		56	20260810-215128
cc;i	187.5	274.1	496.5	0.0	0.0	0.0	0.0	0		57	20260810-215128
,y;x	183.0	359.0	500.2	148.6	307.9	503.1	630.7	0		58	20260810-215128
tcg,	139.3	342.6	495.9	126.0	272.6	442.4	609.8	0		59	20260810-215128
y.ka	91.7	313.4	386.0	158.7	242.9	384.2	520.6	0		60	20260810-215128
zme;	134.9	257.9	335.2	114.6	227.8	339.5	460.2	0		61	20260810-215128
.hmv	51.4	297.8	378.7	155.3	149.2	411.5	503.6	0		62	20260810-215128
nopz	64.9	161.4	331.9	202.2	134.6	341.4	468.2	0		63	20260810-215128
t/ou	53.4	273.6	325.9	106.1	168.9	401.2	444.6	0		64	20260810-215128
qpj.	169.9	202.7	460.4	136.7	258.3	356.6	583.2	0		65	20260810-215128
xthr	180.4	274.9	415.4	71.1	272.4	360.8	499.9	0		66	20260810-215128
najb	70.5	218.3	326.0	86.0	178.6	338.5	436.6	0		67	20260810-215128
lwdl	52.9	293.1	363.9	0.0	0.0	0.0	0.0	0		68	20260810-215128
zuhj	96.8	295.5	467.4	135.1	179.7	380.6	580.5	0		69	20260810-215128
asnq	72.4	214.3	365.1	186.0	192.0	337.6	477.0	0		70	20260810-215128
jyao	168.5	283.5	355.9	63.6	242.2	406.6	482.5	0		71	20260810-215128
i//u	224.9	390.1	639.7	0.0	0.0	0.0	0.0	0		72	20260810-215128
h,.o	277.1	403.4	693.5	131.4	511.1	563.6	796.5	0		73	20260810-215128
fih.	80.3	241.1	394.1	101.3	163.9	387.5	524.4	0		74	20260810-215128
;luf	234.9	301.6	527.0	105.1	389.5	432.4	652.7	0		75	20260810-215128
x/zm	98.4	250.8	306.0	101.9	215.0	372.9	410.8	0		76	20260810-215128
h/yp	58.9	270.3	373.6	157.8	176.7	457.2	509.6	0		77	20260810-215128
pu;e	46.2	280.2	346.9	136.6	144.0	383.1	431.4	0		78	20260810-215128
za/a	229.7	322.4	468.1	0.0	0.0	0.0	0.0	0		79	20260810-215128
fjvb	86.8	253.3	525.8	97.3	185.6	387.3	633.5	0		80	20260810-215128
a,,e	160.4	300.3	476.0	0.0	0.0	0.0	0.0	0		81	20260810-215128
pt/p	99.6	263.9	483.6	0.0	0.0	0.0	0.0	0		82	20260810-215128
.htl	182.0	0.0	0.0	112.9	0.0	0.0	0.0	1	.t	83	20260810-215128
wbhz	65.4	211.7	358.9	136.4	196.1	306.0	493.6	0		84	20260810-215128
dex/	190.1	404.0	485.1	79.2	254.4	512.7	591.8	0		85	20260810-215128
ztom	102.0	166.8	233.8	169.3	207.0	306.1	388.2	0		86	20260810-215128
nd;n	61.7	187.0	444.2	0.0	0.0	0.0	0.0	0		87	20260810-215128
a.a.	125.0	221.9	307.1	0.0	0.0	0.0	0.0	0		88	20260810-215128
ovid	87.3	226.0	366.4	92.7	222.8	351.4	447.5	0		89	20260810-215128
dhjz	52.1	250.7	326.7	101.5	127.1	359.7	460.2	0		90	20260810-215128
,,jt	120.1	300.1	411.1	0.0	0.0	0.0	0.0	0		91	20260810-215128
;q,h	73.2	237.7	390.3	114.6	217.7	398.2	509.7	0		92	20260810-215128
eexl	157.3	422.0	514.4	0.0	0.0	0.0	0.0	0		93	20260810-215128
m;hv	40.1	248.8	290.7	121.0	176.9	366.0	441.3	0		94	20260810-215128
agua	77.3	152.9	271.0	0.0	0.0	0.0	0.0	0		95	20260810-215128
dnoh	116.4	240.3	402.0	92.8	286.8	350.9	523.2	0		96	20260810-215128
sjrd	73.4	211.6	375.9	94.0	172.0	327.4	486.6	0		97	20260810-215128
z,z,	136.8	222.6	321.1	0.0	0.0	0.0	0.0	0		98	20260810-215128
hf/t	80.8	202.5	346.9	85.7	172.0	317.2	443.2	0		99	20260810-215128
oiva	51.2	184.4	277.2	131.7	187.3	356.4	397.9	0		100	20260810-215128
,c/p	107.1	233.1	468.3	109.4	209.5	330.7	530.5	0		101	20260810-215128
lkcz	110.9	402.2	0.0	206.5	230.2	0.0	0.0	1	lkx	102	20260810-215128
v/nu	93.8	272.4	482.0	140.6	215.3	360.9	602.1	0		103	20260810-215128
ac;/	85.1	207.6	284.4	139.7	209.7	0.0	0.0	1	ac;j	104	20260810-215128
gnbp	74.4	280.3	390.0	122.4	213.2	371.0	470.6	0		105	20260810-215128
uqt.	55.9	221.8	299.2	105.6	181.7	334.5	463.3	0		106	20260810-215128
ujyj	209.6	406.5	606.6	0.0	0.0	0.0	0.0	0		107	20260810-215128
r/.d	65.6	255.1	334.9	127.1	168.1	404.3	442.3	0		108	20260810-215128
h/of	61.0	253.2	365.9	144.7	173.5	388.4	475.5	0		109	20260810-215128
/uv.	110.9	244.1	369.2	186.1	224.5	361.4	503.1	0		110	20260810-215128
e.xe	80.5	331.9	552.4	0.0	0.0	0.0	0.0	0		111	20260810-215128
xrs.	101.9	289.4	382.0	138.9	236.6	392.5	529.2	0		112	20260810-215128
jo;i	76.8	316.6	488.4	179.4	205.7	461.8	659.0	0		113	20260810-215128
ydgd	98.7	295.4	637.9	0.0	0.0	0.0	0.0	0		114	20260810-215128
vupb	51.7	175.5	335.0	130.0	168.6	330.2	452.7	0		115	20260810-215128
jjce	140.4	219.6	435.7	0.0	0.0	0.0	0.0	0		116	20260810-215128
o.xv	218.3	346.3	458.9	91.4	327.5	507.1	613.2	0		117	20260810-215128
uwxo	75.4	309.6	366.1	98.0	166.9	414.9	453.5	0		118	20260810-215128
q,sq	72.1	267.1	346.5	0.0	0.0	0.0	0.0	0		119	20260810-215128
/kip	186.0	350.6	516.7	145.0	258.9	458.3	635.3	0		120	20260810-215128
g;.i	83.5	300.4	513.7	120.3	179.9	464.0	600.8	0		121	20260810-215128
v.tl	110.8	273.2	370.2	121.3	213.2	372.6	461.6	0		122	20260810-215128
.med	180.6	0.0	0.0	113.3	0.0	0.0	0.0	1	.e	123	20260810-215128
yjsy	217.2	303.3	409.7	0.0	0.0	0.0	0.0	0		124	20260810-215128
jncc	228.6	369.1	548.5	0.0	0.0	0.0	0.0	0		125	20260810-215128
kccu	93.5	242.6	391.2	0.0	0.0	0.0	0.0	0		126	20260810-215128
,.pw	32.6	330.3	408.7	167.8	191.5	441.1	504.9	0		127	20260810-215128
pmkk	78.4	276.7	438.0	0.0	0.0	0.0	0.0	0		128	20260810-215128
nq,a	95.3	244.9	434.2	92.8	218.7	359.9	567.5	0		129	20260810-215128
,tqr	115.1	186.0	410.4	117.6	257.0	431.5	550.6	0		130	20260810-215128
xrge	109.0	362.1	438.1	148.4	212.1	514.5	590.5	0		131	20260810-215128
scnb	177.8	268.0	493.0	93.0	294.3	363.0	515.8	0		132	20260810-215128
vxyf	85.1	220.5	345.0	166.0	162.7	301.7	438.2	0		133	20260810-215128
lfai	76.6	239.9	302.1	98.3	184.1	361.2	410.6	0		134	20260810-215128
gsac	67.7	351.8	0.0	130.9	178.3	0.0	0.0	1	gsz	135	20260810-215128
nfmw	170.1	295.1	408.1	113.2	266.1	431.5	504.5	0		136	20260810-215128
ixzd	127.1	212.1	467.0	79.1	303.9	347.5	583.2	0		137	20260810-215128
hbmf	89.5	269.7	315.8	102.5	179.7	386.1	415.4	0		138	20260810-215128
qdl.	100.8	212.0	351.3	170.0	231.9	348.7	0.0	1	qdlm	139	20260810-215128
hb;;	76.9	218.2	385.9	0.0	0.0	0.0	0.0	0		140	20260810-215128
vecv	89.7	373.4	399.8	0.0	0.0	0.0	0.0	0		141	20260810-215128
;auo	120.0	208.2	310.5	116.4	243.4	370.4	431.3	0		142	20260810-215128
hnkl	187.9	361.5	487.0	84.1	292.4	594.6	667.9	0		143	20260810-215128
lgty	69.7	245.1	293.5	103.2	141.3	335.6	381.3	0		144	20260810-215128
b.gt	68.4	203.8	393.2	80.4	176.7	287.8	484.3	0		145	20260810-215128
zhxu	83.0	199.9	275.1	103.2	166.7	309.1	373.9	0		146	20260810-215128
xlkj	81.2	214.5	364.5	112.4	211.8	344.0	548.7	0		147	20260810-215128
;mtm	175.1	353.5	453.2	0.0	0.0	0.0	0.0	0		148	20260810-215128
efs.	73.4	287.3	355.6	149.7	227.7	390.1	481.0	0		149	20260810-215128
ue,t	76.0	206.2	310.1	86.3	171.5	326.3	406.0	0		150	20260810-215128
eczd	258.0	456.4	582.4	77.1	361.5	638.6	691.3	0		151	20260810-215128
xnyi	79.4	279.6	389.8	104.1	148.0	485.3	494.4	0		152	20260810-215128
zrr.	254.9	413.6	529.3	0.0	0.0	0.0	0.0	0		153	20260810-215128
budz	50.3	214.4	291.8	95.8	157.3	370.6	456.3	0		154	20260810-215128
jwzi	45.2	273.4	327.0	113.1	138.9	406.9	428.9	0		155	20260810-215128
,bvw	119.0	335.5	422.7	145.0	219.1	514.8	602.9	0		156	20260810-215128
txt/	45.3	252.7	366.5	0.0	0.0	0.0	0.0	0		157	20260810-215128
g;d/	67.9	194.2	270.3	98.7	137.1	282.2	380.0	0		158	20260810-215128
sznq	39.8	251.0	369.5	161.6	207.0	355.9	482.2	0		159	20260810-215128
lq.g	37.0	226.6	328.6	83.1	160.6	352.4	442.1	0		160	20260810-215128
gima	44.7	219.7	298.7	94.3	121.5	348.0	409.0	0		161	20260810-215128
u/yj	76.9	416.9	740.1	195.0	256.4	524.4	841.6	0		162	20260810-215128
,.ke	83.6	306.6	359.5	163.4	222.7	390.4	451.1	0		163	20260810-215128
/zri	85.0	229.8	303.7	115.6	239.5	307.9	389.3	0		164	20260810-215128
fagj	63.1	239.9	310.8	128.7	150.0	347.6	417.0	0		165	20260810-215128
q/hy	53.5	232.7	413.9	134.7	177.6	330.0	540.6	0		166	20260810-215128
q,dm	107.7	227.7	318.2	110.1	212.5	320.5	434.5	0		167	20260810-215128
b;z/	56.7	228.7	821.6	93.2	142.0	350.5	949.8	0		168	20260810-215128
hdga	65.3	230.3	376.3	87.6	156.0	434.2	522.0	0		169	20260810-215128
r,pm	67.5	274.9	380.0	109.7	176.1	440.3	528.8	0		170	20260810-215128
ykaq	83.9	213.2	429.8	183.4	242.8	333.6	584.3	0		171	20260810-215128
svwn	69.1	262.5	346.2	125.5	230.2	370.8	462.9	0		172	20260810-215128
/rkl	104.7	210.9	348.3	107.5	208.3	397.3	500.8	0		173	20260810-215128
npls	67.5	303.5	399.9	161.7	198.5	410.0	497.3	0		174	20260810-215128
yzti	29.3	222.6	259.4	89.7	132.6	325.3	373.4	0		175	20260810-215128
h,wt	86.2	248.5	429.5	189.8	223.5	426.8	576.6	0		176	20260810-215128
ojcn	70.3	173.4	299.7	148.5	181.4	277.0	427.4	0		177	20260810-215128
ykf.	79.7	218.9	342.8	168.7	200.8	335.3	481.3	0		178	20260810-215128
um,f	247.8	415.8	576.8	95.9	368.5	561.6	683.0	0		179	20260810-215128
unz,	224.4	289.0	473.1	89.2	317.1	444.4	577.7	0		180	20260810-215128
;scl	90.1	257.6	377.2	121.2	209.8	381.4	485.9	0		181	20260810-215128
goiu	121.5	191.2	315.8	118.5	274.8	285.5	454.4	0		182	20260810-215128
owfd	65.7	204.8	414.3	109.8	174.8	418.7	528.9	0		183	20260810-215128
dnc;	88.2	216.7	298.9	90.7	170.0	336.4	411.2	0		184	20260810-215128
dpgw	46.9	208.5	287.7	96.8	145.2	357.8	434.9	0		185	20260810-215128
mcxj	72.6	259.4	340.1	124.2	150.4	363.8	469.7	0		186	20260810-215128
xdn;	51.7	208.2	353.8	159.3	157.5	407.9	477.4	0		187	20260810-215128
pyzp	47.2	138.2	234.9	0.0	0.0	0.0	0.0	0		188	20260810-215128
ijft	73.8	159.5	370.3	148.7	184.7	260.6	471.6	0		189	20260810-215128
ho.a	64.6	293.5	388.1	144.6	142.2	415.4	505.4	0		190	20260810-215128
bzu/	62.6	161.3	302.9	119.5	193.0	273.9	397.3	0		191	20260810-215128
vgpj	188.3	264.5	426.8	102.3	284.7	383.7	556.5	0		192	20260810-215128
,zmf	70.7	230.5	323.8	94.7	204.9	359.9	429.8	0		193	20260810-215128
xjyl	71.5	256.0	395.6	105.6	160.5	392.9	511.0	0		194	20260810-215128
vvyy	173.2	336.9	511.3	0.0	0.0	0.0	0.0	0		195	20260810-215128
.oh;	268.6	328.1	516.3	115.5	382.2	450.7	651.7	0		196	20260810-215128
zaqb	207.6	426.0	606.4	131.6	319.1	567.4	744.2	0		197	20260810-215128
di.y	60.5	293.5	431.6	110.6	152.9	440.0	538.9	0		198	20260810-215128
w,xy	102.8	268.9	403.4	100.2	241.6	401.5	496.5	0		199	20260810-215128
dwtw	55.4	326.7	386.8	0.0	0.0	0.0	0.0	0		200	20260810-215128
hbk/	72.4	219.2	393.8	94.0	166.2	423.0	558.9	0		201	20260810-215128
opro	0.0	0.0	0.0	0.0	0.0	0.0	0.0	1	p	202	20260810-215128
,uum	238.0	391.7	653.4	0.0	0.0	0.0	0.0	0		203	20260810-215128
o.z/	210.8	318.4	0.0	71.2	0.0	0.0	0.0	1	o.x	204	20260810-215128
/;fx	209.1	333.5	519.9	101.4	319.3	450.8	657.2	0		205	20260810-215128
a.my	52.3	224.8	423.7	119.4	185.8	316.7	522.6	0		206	20260810-215128
dv.;	30.4	143.9	376.2	162.4	197.0	240.6	484.1	0		207	20260810-215128
lbqv	53.2	203.1	388.0	115.3	161.5	353.2	567.1	0		208	20260810-215128
ewqe	59.8	220.4	470.9	0.0	0.0	0.0	0.0	0		209	20260810-215128
a,z.	90.8	242.0	346.1	103.1	214.8	368.8	467.3	0		210	20260810-215128
a.kb	59.3	204.5	340.3	122.4	167.6	312.7	445.3	0		211	20260810-215128
eyym	158.3	289.0	537.3	0.0	0.0	0.0	0.0	0		212	20260810-215128
fzlo	51.9	153.3	349.8	134.3	186.5	235.5	444.7	0		213	20260810-215128
e;i.	62.0	250.4	507.9	111.0	166.5	378.5	639.7	0		214	20260810-215128
,lll	209.1	357.7	519.6	0.0	0.0	0.0	0.0	0		215	20260810-215128
zt.q	113.3	240.8	327.8	145.9	212.8	380.9	457.9	0		216	20260810-215128
qcf,	186.7	343.3	459.1	149.8	299.8	484.5	582.1	0		217	20260810-215128
kre;	63.2	186.7	336.8	80.4	217.7	296.8	445.8	0		218	20260810-215128
sjno	68.1	262.8	320.2	122.5	147.1	412.1	420.4	0		219	20260810-215128
.;qz	206.1	340.2	608.1	122.9	318.0	466.6	751.9	0		220	20260810-215128
kbua	37.5	208.8	295.5	87.2	148.5	314.4	404.9	0		221	20260810-215128
a;sq	89.6	266.5	375.4	119.2	182.8	473.2	519.1	0		222	20260810-215128
efbs	81.7	340.3	543.9	147.4	197.8	506.6	727.1	0		223	20260810-215128
fam.	69.9	145.6	265.0	147.8	188.8	340.7	415.2	0		224	20260810-215128
u;u/	65.1	231.9	380.9	0.0	0.0	0.0	0.0	0		225	20260810-215128
l;eh	84.4	316.8	388.2	232.8	242.7	425.8	503.9	0		226	20260810-215128
who;	0.0	0.0	0.0	0.0	0.0	0.0	0.0	1	h	227	20260810-215128
b.zh	91.5	189.9	272.2	93.6	208.0	329.9	387.1	0		228	20260810-215128
j;os	66.1	290.0	394.4	156.0	212.0	370.7	503.3	0		229	20260810-215128
extq	247.3	405.9	500.5	86.1	332.7	571.8	622.2	0		230	20260810-215128
b.yq	76.7	274.3	354.9	119.0	186.3	0.0	0.0	1	b.yw	231	20260810-215128
yc;q	73.1	221.2	315.9	97.6	179.0	334.9	441.2	0		232	20260810-215128
dzms	59.4	228.0	318.8	125.4	206.5	345.5	434.0	0		233	20260810-215128
eyr.	62.5	224.2	307.2	101.9	143.4	333.2	443.3	0		234	20260810-215128
vjm;	82.6	289.8	424.5	151.7	183.8	484.1	571.8	0		235	20260810-215128
jyju	185.9	371.0	530.2	0.0	0.0	0.0	0.0	0		236	20260810-215128
eae.	59.6	280.6	461.0	0.0	0.0	0.0	0.0	0		237	20260810-215128
gzkm	50.2	254.2	292.6	129.2	194.7	366.6	432.3	0		238	20260810-215128
gdb.	84.4	313.8	388.1	109.0	156.3	438.4	528.0	0		239	20260810-215128
.m.;	58.6	307.3	506.2	0.0	0.0	0.0	0.0	0		240	20260810-215128
y.rn	87.8	210.5	319.6	163.1	218.1	310.1	445.9	0		241	20260810-215128
mty.	64.2	283.1	0.0	131.9	152.7	0.0	0.0	1	mtr	242	20260810-215128
ztfn	77.9	301.4	390.0	164.9	180.3	416.5	488.5	0		243	20260810-215128
;opd	225.9	290.3	483.2	120.3	422.4	475.6	572.9	0		244	20260810-215128
zena	27.9	41.6	0.0	0.0	0.0	0.0	0.0	1	zew	245	20260810-215128
ydah	51.0	156.8	221.1	92.1	159.7	301.6	324.9	0		246	20260810-215128
ennt	113.3	228.6	330.3	0.0	0.0	0.0	0.0	0		247	20260810-215128
vpx,	51.9	207.3	339.6	109.7	146.5	336.0	457.6	0		248	20260810-215128
z/ir	70.7	225.7	296.4	120.7	170.9	318.1	394.8	0		249	20260810-215128
nbcm	93.0	276.8	358.0	112.6	177.3	413.0	463.0	0		1	20260811-202724
wsqw	235.8	468.8	596.5	0.0	0.0	0.0	0.0	0		2	20260811-202724
iyks	78.1	289.8	354.8	146.1	163.8	404.0	454.2	0		3	20260811-202724
qzyv	235.9	454.8	730.9	95.8	381.9	560.7	841.8	0		4	20260811-202724
mv,w	96.4	248.0	322.1	115.4	222.6	368.9	432.0	0		5	20260811-202724
mg.x	72.9	185.8	321.0	102.0	165.9	323.0	427.7	0		6	20260811-202724
hjuj	190.1	340.7	533.8	0.0	0.0	0.0	0.0	0		7	20260811-202724
iaf,	82.8	251.7	306.8	116.8	207.0	364.8	423.7	0		8	20260811-202724
yxw;	41.6	281.9	350.7	92.7	140.8	385.9	453.9	0		9	20260811-202724
ul,i	80.6	359.4	564.6	185.3	220.5	444.0	639.2	0		10	20260811-202724
jb,x	77.6	263.1	312.8	109.6	175.7	360.7	416.6	0		11	20260811-202724
pz..	89.0	251.9	415.4	0.0	0.0	0.0	0.0	0		12	20260811-202724
s.fz	89.7	217.7	330.7	115.8	221.5	379.8	480.5	0		13	20260811-202724
eaad	245.3	431.1	622.4	0.0	0.0	0.0	0.0	0		14	20260811-202724
j/g/	104.4	266.9	360.0	0.0	0.0	0.0	0.0	0		15	20260811-202724
/uxo	102.2	225.9	333.9	169.7	216.6	347.4	463.6	0		16	20260811-202724
yotq	37.4	196.1	279.3	149.5	132.7	362.8	432.2	0		17	20260811-202724
cva/	80.4	258.0	337.6	176.5	227.4	397.1	474.7	0		18	20260811-202724
pupt	75.5	265.9	400.7	0.0	0.0	0.0	0.0	0		19	20260811-202724
et;h	81.0	148.0	270.4	159.0	193.0	294.5	404.0	0		20	20260811-202724
.;ji	85.9	335.7	430.6	166.9	239.9	539.2	577.4	0		21	20260811-202724
plvf	215.3	290.7	524.9	78.7	328.0	403.3	628.9	0		22	20260811-202724
y/kx	88.3	302.0	409.9	182.3	217.8	425.6	523.7	0		23	20260811-202724
l/ux	198.7	403.1	491.2	110.7	338.1	513.1	603.9	0		24	20260811-202724
mzoa	85.6	222.0	332.2	101.1	204.5	334.1	439.2	0		25	20260811-202724
jcob	89.7	209.3	337.6	92.3	184.5	340.1	458.4	0		26	20260811-202724
cjg;	71.7	211.0	271.9	81.0	161.6	319.6	380.2	0		27	20260811-202724
vsbq	64.8	268.3	393.6	133.9	163.8	440.8	524.1	0		28	20260811-202724
ae.v	68.1	164.3	315.5	166.8	182.3	309.8	456.3	0		29	20260811-202724
,pm,	0.0	0.0	0.0	0.0	0.0	0.0	0.0	1	.	30	20260811-202724
pbkm	111.9	254.1	326.5	125.8	205.3	429.6	467.3	0		31	20260811-202724
l.,u	210.7	343.9	581.0	88.9	434.0	485.0	724.4	0		32	20260811-202724
xugh	67.5	218.6	288.5	107.5	145.2	338.5	391.0	0		33	20260811-202724
bu;s	72.3	200.7	326.9	98.1	197.6	337.7	434.2	0		34	20260811-202724
.duo	150.0	251.6	328.6	116.9	230.6	432.0	464.9	0		35	20260811-202724
eeno	160.3	271.1	360.1	0.0	0.0	0.0	0.0	0		36	20260811-202724
vhpk	56.3	184.1	408.9	124.6	141.5	330.8	506.7	0		37	20260811-202724
cgfg	69.0	471.1	473.6	0.0	0.0	0.0	0.0	0		38	20260811-202724
n/v/	91.6	208.4	343.6	0.0	0.0	0.0	0.0	0		39	20260811-202724
pw/r	113.6	283.4	425.2	91.0	219.8	416.3	521.9	0		40	20260811-202724
cojq	75.2	186.4	336.2	111.9	178.6	340.0	468.4	0		41	20260811-202724
hkvh	72.2	192.4	279.5	0.0	0.0	0.0	0.0	0		42	20260811-202724
aztw	0.0	0.0	0.0	0.0	0.0	0.0	0.0	1	z	43	20260811-202724
jrir	103.4	196.6	305.9	0.0	0.0	0.0	0.0	0		44	20260811-202724
hbjm	116.7	225.8	430.0	91.3	203.0	310.1	534.1	0		45	20260811-202724
muit	197.1	273.0	360.4	80.1	362.8	442.5	464.7	0		46	20260811-202724
ii.p	147.3	401.2	603.3	0.0	0.0	0.0	0.0	0		47	20260811-202724
rfda	225.8	444.0	525.0	93.1	344.4	586.6	676.5	0		48	20260811-202724
glal	77.7	233.2	273.2	0.0	0.0	0.0	0.0	0		49	20260811-202724
nuj.	195.0	393.6	527.3	64.3	274.6	596.4	712.0	0		50	20260811-202724
wvdk	75.2	309.1	394.1	144.8	230.9	424.5	504.6	0		51	20260811-202724
jm;t	218.1	327.7	466.4	62.4	330.3	453.3	570.8	0		52	20260811-202724
azty	220.5	455.9	522.3	83.7	314.0	533.5	597.1	0		53	20260811-202724
urxg	61.7	294.3	467.0	105.8	157.9	423.8	626.6	0		54	20260811-202724
;gqe	98.4	280.3	427.7	110.6	193.4	501.6	541.5	0		55	20260811-202724
hv;,	72.9	229.0	530.5	90.2	197.5	349.9	647.7	0		56	20260811-202724
ci,,	66.6	266.1	0.0	127.2	129.7	0.0	0.0	1	cik	57	20260811-202724
/xws	111.6	388.5	613.4	128.3	215.9	496.9	719.6	0		58	20260811-202724
rz/h	71.4	290.4	441.8	172.0	240.6	469.9	581.6	0		59	20260811-202724
m./j	78.3	315.1	526.5	228.5	226.0	480.4	640.9	0		60	20260811-202724
o,nm	270.3	540.6	858.9	0.0	0.0	0.0	0.0	1	o,nn	61	20260811-202724
;l;b	85.3	385.7	612.4	0.0	0.0	0.0	0.0	0		62	20260811-202724
b.js	92.8	201.7	338.8	116.0	220.3	343.5	448.6	0		63	20260811-202724
cuu,	85.2	234.4	478.8	0.0	0.0	0.0	0.0	0		64	20260811-202724
ybgr	79.8	290.7	507.1	96.3	173.5	378.9	0.0	1	ybgt	65	20260811-202724
yc,.	71.0	262.2	391.5	85.9	199.4	549.5	587.4	0		66	20260811-202724
ig/y	123.1	259.2	406.5	107.5	242.4	438.8	514.9	0		67	20260811-202724
fpj.	79.5	236.0	448.7	126.5	193.6	393.0	612.5	0		68	20260811-202724
a,q,	106.6	262.8	313.6	0.0	0.0	0.0	0.0	0		69	20260811-202724
kxgp	94.6	284.3	382.9	112.5	203.3	401.4	480.8	0		70	20260811-202724
rkj,	98.9	201.5	417.4	118.4	210.5	359.7	0.0	1	rkj.	71	20260811-202724
e,ym	114.8	309.5	538.9	109.8	204.4	374.7	637.9	0		72	20260811-202724
fv;c	223.7	328.2	493.2	100.1	338.3	447.5	603.2	0		73	20260811-202724
by,j	74.5	279.8	416.3	115.1	163.4	459.2	580.3	0		74	20260811-202724
zclm	99.0	229.3	260.3	173.6	244.9	373.2	422.0	0		75	20260811-202724
oju.	86.9	254.0	480.6	132.9	185.1	369.2	606.6	0		76	20260811-202724
gcxq	73.5	351.6	0.0	161.2	242.2	0.0	0.0	1	gcs	77	20260811-202724
wwxj	157.0	404.4	472.5	0.0	0.0	0.0	0.0	0		78	20260811-202724
yykt	138.6	351.5	450.6	0.0	0.0	0.0	0.0	0		79	20260811-202724
mgxu	65.5	239.1	309.4	94.5	150.4	353.3	416.2	0		80	20260811-202724
sfoq	87.6	209.8	314.8	151.4	191.6	317.8	449.5	0		81	20260811-202724
,iu,	219.5	264.4	533.6	0.0	0.0	0.0	0.0	0		82	20260811-202724
yy;,	162.2	336.0	589.8	0.0	0.0	0.0	0.0	0		83	20260811-202724
v;j,	62.5	256.0	466.4	118.6	163.7	387.1	632.0	0		84	20260811-202724
l;/j	89.6	414.6	708.5	198.1	254.5	560.4	819.4	0		85	20260811-202724
;j;z	70.2	277.4	483.8	0.0	0.0	0.0	0.0	0		86	20260811-202724
ip.o	0.0	0.0	0.0	0.0	0.0	0.0	0.0	1	o	87	20260811-202724
ibf,	81.2	296.2	357.3	97.2	158.8	383.5	451.8	0		88	20260811-202724
rw/k	57.0	226.8	426.8	140.7	206.7	380.4	523.9	0		89	20260811-202724
f,jq	86.8	237.0	354.8	115.1	179.7	349.3	487.6	0		90	20260811-202724
,eld	99.0	236.1	327.7	100.9	185.5	336.8	430.2	0		91	20260811-202724
huoi	183.3	279.0	456.6	66.9	376.6	434.7	613.9	0		1	20260811-210947
zi,z	102.8	339.2	403.3	0.0	0.0	0.0	0.0	0		2	20260811-210947
npot	49.1	231.1	391.6	156.5	201.6	382.8	492.2	0		3	20260811-210947
.cxw	137.7	149.1	452.9	194.3	273.5	322.7	575.5	0		4	20260811-210947
bc;h	54.1	177.4	287.4	133.6	159.6	312.3	398.8	0		5	20260811-210947
/;d;	223.9	483.2	0.0	105.8	353.2	0.0	0.0	1	/;j	6	20260811-210947
/p.t	254.8	508.1	625.3	117.9	340.5	639.5	734.0	0		7	20260811-210947
.mg/	206.6	332.6	479.2	140.0	335.0	433.3	606.4	0		8	20260811-210947
nevv	58.8	326.7	528.7	0.0	0.0	0.0	0.0	0		9	20260811-210947
qwm;	111.2	279.5	437.9	228.1	271.3	479.1	589.9	0		10	20260811-210947
kfoe	75.4	255.4	349.6	125.8	177.2	375.4	448.4	0		11	20260811-210947
/rrk	152.0	316.7	533.4	0.0	0.0	0.0	0.0	0		12	20260811-210947
qf;v	128.6	220.4	426.1	189.9	240.2	353.2	556.4	0		13	20260811-210947
.wmx	102.2	253.3	437.0	143.4	217.9	376.3	550.4	0		14	20260811-210947
n;yv	67.5	370.8	537.1	171.3	217.6	510.7	678.4	0		15	20260811-210947
pvcg	110.9	344.6	450.9	114.3	216.4	555.5	553.9	0		16	20260811-210947
.ouy	281.8	337.1	555.6	123.1	449.6	451.3	680.5	0		17	20260811-210947
jktm	78.7	257.6	354.5	179.5	217.3	358.5	483.9	0		18	20260811-210947
hju/	192.6	360.0	553.3	79.3	276.9	458.0	688.6	0		19	20260811-210947
xshk	215.4	326.8	502.4	112.5	324.4	567.8	628.9	0		20	20260811-210947
du,r	74.2	308.8	381.9	123.3	166.0	450.0	473.2	0		21	20260811-210947
tbxg	270.7	0.0	0.0	87.9	0.0	0.0	0.0	1	tx	23	20260811-210947
hn.g	205.0	400.1	572.0	108.8	346.9	562.2	661.8	0		24	20260811-210947
l/qs	213.6	449.0	727.2	108.9	363.1	597.0	854.8	0		25	20260811-210947
;wgx	120.2	346.5	547.8	113.4	221.8	475.7	665.1	0		26	20260811-210947
hdv.	98.3	306.6	442.9	94.2	201.5	446.4	578.0	0		27	20260811-210947
,ki.	219.2	393.5	617.4	97.1	300.6	481.3	751.5	0		28	20260811-210947
ghdd	69.9	238.5	407.8	0.0	0.0	0.0	0.0	0		29	20260811-210947
wscb	202.8	476.4	668.4	88.6	327.7	724.1	797.0	0		30	20260811-210947
ahth	93.0	256.1	364.8	0.0	0.0	0.0	0.0	0		31	20260811-210947
g/lm	79.4	304.4	395.0	127.8	178.6	454.1	534.8	0		32	20260811-210947
kqov	37.8	200.4	350.1	87.7	175.0	313.2	480.0	0		33	20260811-210947
awqu	240.0	0.0	0.0	119.8	0.0	0.0	0.0	1	aq	34	20260811-210947
h,jq	91.8	334.5	439.7	196.0	247.8	472.7	583.5	0		35	20260811-210947
h/df	72.5	305.4	405.1	184.1	246.2	491.0	539.2	0		36	20260811-210947
zrug	144.1	242.3	411.7	185.3	248.8	356.1	530.1	0		37	20260811-210947
qsyf	100.9	274.6	394.9	192.7	239.8	379.7	536.9	0		38	20260811-210947
fhvk	126.5	311.6	427.8	128.9	223.9	450.5	540.5	0		39	20260811-210947
ruou	98.0	282.8	383.2	0.0	0.0	0.0	0.0	0		40	20260811-210947
bry;	231.0	318.7	465.0	86.0	324.9	441.3	610.3	0		41	20260811-210947
m/nk	84.7	274.8	476.4	159.3	208.9	574.3	643.7	0		42	20260811-210947
hkn/	66.0	331.3	463.5	153.1	209.9	544.2	582.5	0		43	20260811-210947
,moj	270.3	434.8	664.2	111.4	491.5	560.5	804.1	0		44	20260811-210947
ar.h	96.5	179.2	279.1	214.9	206.8	369.4	399.1	0		45	20260811-210947
jnkw	200.2	363.4	441.2	93.7	290.8	476.5	570.3	0		46	20260811-210947
is.i	78.8	226.6	399.9	0.0	0.0	0.0	0.0	0		47	20260811-210947
,fwp	188.3	293.8	470.7	140.4	341.5	432.1	620.5	0		48	20260811-210947
jd.e	76.9	204.7	343.3	106.9	182.5	364.8	464.3	0		49	20260811-210947
ovu.	96.7	220.5	704.7	108.7	235.2	359.7	881.5	0		50	20260811-210947
ojxe	52.2	192.3	402.8	145.8	173.5	321.9	515.4	0		51	20260811-210947
rsun	54.6	152.8	364.5	125.0	169.0	229.4	490.3	0		52	20260811-210947
/,nm	127.2	397.8	680.0	0.0	0.0	0.0	0.0	1	/,nn	53	20260811-210947
pccp	114.2	261.9	417.1	0.0	0.0	0.0	0.0	0		54	20260811-210947
fmos	115.1	212.0	308.2	112.0	314.7	305.7	416.9	0		55	20260811-210947
elgj	79.9	256.3	324.2	98.1	182.1	356.5	437.3	0		56	20260811-210947
bpvb	62.9	248.6	471.0	0.0	0.0	0.0	0.0	1	bpvv	57	20260811-210947
lfio	123.8	250.6	337.8	121.7	241.1	435.2	483.2	0		58	20260811-210947
wbmz	89.8	258.2	399.9	172.0	213.7	382.5	539.9	0		59	20260811-210947
nyx,	231.6	330.6	462.6	113.0	311.1	424.4	574.3	0		60	20260811-210947
;hc.	77.2	195.4	310.0	140.9	181.0	306.5	434.9	0		61	20260811-210947
/w,j	93.6	246.4	394.6	121.6	210.2	379.5	538.1	0		62	20260811-210947
n;kp	90.2	296.0	643.2	179.2	259.0	526.0	856.4	0		63	20260811-210947
.spt	115.4	227.8	364.1	117.1	212.9	335.2	456.0	0		64	20260811-210947
fikp	65.6	266.5	381.1	115.1	159.0	425.9	521.1	0		65	20260811-210947
bz;k	70.9	180.2	317.0	144.5	200.3	351.9	486.4	0		66	20260811-210947
oca,	56.4	245.6	424.8	93.8	172.9	379.7	588.5	0		67	20260811-210947
qftm	73.1	327.6	395.2	135.5	207.5	434.0	522.2	0		68	20260811-210947
p;;j	241.5	412.5	606.1	0.0	0.0	0.0	0.0	0		69	20260811-210947
iptn	66.1	211.3	357.7	179.3	228.9	313.8	471.9	0		70	20260811-210947
ao.a	49.3	278.5	351.6	0.0	0.0	0.0	0.0	0		71	20260811-210947
esst	227.0	379.1	585.7	0.0	0.0	0.0	0.0	0		72	20260811-210947
vwpm	69.5	252.9	348.6	163.8	202.9	411.9	536.6	0		73	20260811-210947
vcpv	65.7	229.6	334.1	0.0	0.0	0.0	0.0	0		74	20260811-210947
.rsc	100.4	189.5	469.2	127.4	239.5	312.7	563.8	0		75	20260811-210947
h.iy	84.4	335.1	447.3	154.8	222.6	445.5	566.8	0		76	20260811-210947
dkzj	111.5	278.9	350.9	116.9	214.7	413.6	453.2	0		77	20260811-210947
teyh	47.0	186.4	394.4	127.4	178.1	261.9	493.6	0		78	20260811-210947
r;mg	63.0	263.4	372.4	104.4	188.0	391.6	485.8	0		79	20260811-210947
qgpc	67.0	191.3	360.0	150.9	183.3	317.1	463.4	0		80	20260811-210947
ryfl	76.9	239.3	288.1	94.5	148.5	374.7	394.6	0		81	20260811-210947
amhj	111.7	283.8	419.1	151.5	186.9	0.0	0.0	1	amhk	82	20260811-210947
/ist	78.6	190.2	361.4	109.2	175.5	375.4	468.9	0		83	20260811-210947
nlrc	64.3	182.9	439.5	173.2	170.8	271.6	533.9	0		84	20260811-210947
ephf	62.1	219.2	348.0	91.9	174.5	335.9	463.6	0		85	20260811-210947
hau.	56.2	210.0	407.3	85.0	169.9	301.2	548.3	0		86	20260811-210947
kugq	71.1	173.9	0.0	0.0	0.0	0.0	0.0	1	kuq	87	20260811-210947
glhv	76.2	169.5	296.3	96.6	213.3	304.8	426.6	0		88	20260811-210947
gzdy	63.9	255.7	357.1	134.0	196.0	341.7	442.9	0		89	20260811-210947
mvhe	59.1	208.1	273.2	90.5	180.9	307.2	403.8	0		90	20260811-210947
.iqu	53.0	195.4	235.6	175.7	183.9	324.0	388.8	0		91	20260811-210947
q,xp	63.5	249.9	315.1	105.8	172.6	356.7	419.1	0		92	20260811-210947
;;qp	159.2	281.1	439.4	0.0	0.0	0.0	0.0	0		93	20260811-210947
y,/m	260.4	450.6	659.3	109.0	375.9	601.1	756.9	0		94	20260811-210947
ecbp	225.9	477.2	559.4	76.0	337.4	573.4	656.9	0		95	20260811-210947
mlws	80.3	217.1	468.6	176.5	198.7	361.0	600.2	0		96	20260811-210947
efvv	67.7	317.0	521.6	0.0	0.0	0.0	0.0	0		97	20260811-210947
khhy	218.9	314.8	562.8	0.0	0.0	0.0	0.0	0		98	20260811-210947
;tyn	128.8	377.0	604.6	111.8	229.7	456.4	691.0	0		99	20260811-210947
x/m,	59.0	259.5	561.1	107.2	188.3	473.6	680.0	0		100	20260811-210947
otmg	65.4	236.8	392.9	111.2	160.6	366.9	495.6	0		101	20260811-210947
gvld	199.3	288.4	433.8	82.2	300.8	395.5	527.8	0		102	20260811-210947
wybx	67.1	246.5	423.9	84.5	153.5	609.7	774.4	0		103	20260811-210947
.wms	79.8	320.1	500.2	120.8	318.0	549.9	563.1	0		104	20260811-210947
khwm	238.9	349.1	479.6	343.5	398.6	449.6	891.7	0		105	20260811-210947
e,./	125.8	250.8	332.9	96.9	356.3	353.6	565.9	0		106	20260811-210947
hqmi	138.3	249.2	361.2	93.3	254.3	486.3	477.5	0		1	20260823-202833
v/vu	81.3	232.3	339.6	0.0	0.0	0.0	0.0	0		2	20260823-202833
scdh	73.7	251.1	351.9	126.2	157.0	378.9	440.2	0		3	20260823-202833
qjfw	81.6	215.5	327.7	106.5	192.0	420.5	494.7	0		4	20260823-202833
g/s,	49.1	180.3	278.0	90.9	154.6	285.9	391.5	0		5	20260823-202833
j.ba	77.9	182.7	299.9	134.8	187.5	367.7	431.7	0		6	20260823-202833
rzvd	180.2	386.5	498.5	96.2	309.0	559.0	610.2	0		7	20260823-202833
nviu	97.7	205.7	289.3	108.5	213.6	341.6	428.4	0		8	20260823-202833
lsvg	82.9	236.1	505.5	126.5	188.4	361.6	606.5	0		9	20260823-202833
j,tk	81.8	157.8	264.2	149.2	160.2	267.3	376.9	0		10	20260823-202833
sk.;	74.0	267.6	478.8	110.8	147.8	375.8	598.1	0		11	20260823-202833
/euo	90.1	203.2	290.7	114.5	185.1	363.8	433.2	0		12	20260823-202833
.ddb	116.3	270.8	507.2	0.0	0.0	0.0	0.0	0		13	20260823-202833
eieb	69.4	191.5	409.4	0.0	0.0	0.0	0.0	0		14	20260823-202833
rrdn	161.9	355.9	447.4	0.0	0.0	0.0	0.0	0		15	20260823-202833
oryi	77.8	225.3	320.1	88.8	168.8	416.6	466.8	0		16	20260823-202833
csjn	91.7	187.7	384.8	155.8	206.7	272.1	479.8	0		17	20260823-202833
p/g,	216.8	427.3	609.7	87.7	325.7	526.5	723.5	0		18	20260823-202833
jcdv	102.8	357.2	388.2	104.1	194.4	467.2	535.9	0		19	20260823-202833
veaz	200.7	240.4	493.5	119.6	328.2	378.2	612.7	0		20	20260823-202833
nrue	84.7	200.2	293.4	86.1	166.4	302.9	392.7	0		21	20260823-202833
xlji	125.4	251.2	382.1	138.0	232.0	469.2	536.6	0		22	20260823-202833
/ryp	98.0	224.1	321.2	120.7	197.1	370.8	466.8	0		23	20260823-202833
nugo	178.1	292.5	383.3	73.5	276.6	402.5	513.3	0		24	20260823-202833
rubu	53.3	245.3	304.8	0.0	0.0	0.0	0.0	0		25	20260823-202833
djsn	64.1	161.3	275.3	76.5	139.0	311.4	368.3	0		26	20260823-202833
;dxg	84.5	289.5	470.8	110.2	161.1	396.0	580.4	0		27	20260823-202833
bxhr	78.2	171.1	361.9	164.9	158.8	280.0	449.9	0		28	20260823-202833
o/oz	275.2	666.5	0.0	78.2	348.3	0.0	0.0	1	o/i	29	20260823-202833
z.rg	74.5	230.1	438.7	112.7	205.3	324.4	555.7	0		30	20260823-202833
j/ym	31.1	236.8	479.8	128.2	165.9	335.1	591.1	0		31	20260823-202833
mktu	81.4	145.0	266.4	128.5	177.3	242.6	375.6	0		32	20260823-202833
b,gg	77.4	225.8	391.8	0.0	0.0	0.0	0.0	0		33	20260823-202833
/zih	125.1	214.3	369.3	118.3	255.2	354.2	513.2	0		34	20260823-202833
t/./	69.5	307.7	457.1	0.0	0.0	0.0	0.0	0		35	20260823-202833
,bvu	102.5	324.4	453.8	116.1	189.0	486.9	570.7	0		36	20260823-202833
x/vu	86.9	241.2	362.2	121.3	213.6	357.9	481.0	0		37	20260823-202833
orm,	67.8	242.8	434.8	122.7	166.8	446.8	592.5	0		38	20260823-202833
az;i	227.2	361.1	548.6	73.5	337.1	463.2	675.4	0		39	20260823-202833
eump	82.1	315.1	378.1	100.0	158.2	479.8	502.6	0		40	20260823-202833
eir.	60.5	206.0	313.9	97.0	149.7	302.4	448.2	0		41	20260823-202833
,ijf	296.1	405.7	631.8	110.9	523.8	598.6	762.7	0		42	20260823-202833
z,,l	155.0	307.9	520.3	0.0	0.0	0.0	0.0	0		43	20260823-202833
dont	80.2	150.7	251.4	84.9	247.3	257.4	352.8	0		44	20260823-202833
rrx.	153.5	383.7	479.6	0.0	0.0	0.0	0.0	0		45	20260823-202833
eu,x	34.3	250.9	348.5	82.1	137.0	368.4	452.5	0		46	20260823-202833
d;af	56.1	153.0	252.9	73.7	139.0	298.9	391.5	0		47	20260823-202833
qazk	226.4	432.9	544.2	113.0	317.0	543.3	650.0	0		48	20260823-202833
hc,u	99.2	218.6	407.1	104.5	198.3	338.5	525.4	0		49	20260823-202833
agoj	147.3	209.6	349.4	92.8	234.7	356.5	486.8	0		50	20260823-202833
;etw	110.1	237.3	335.6	104.4	207.2	405.1	441.4	0		51	20260823-202833
wf.m	61.9	173.0	373.7	161.9	175.6	329.9	486.6	0		52	20260823-202833
oyfw	70.5	177.8	248.0	147.9	166.4	322.9	407.1	0		53	20260823-202833
u,xk	214.5	319.0	502.1	109.5	316.2	424.0	634.1	0		54	20260823-202833
g,vg	75.8	284.6	520.8	0.0	0.0	0.0	0.0	0		55	20260823-202833
dhke	68.1	196.5	305.1	85.9	163.8	308.6	388.3	0		56	20260823-202833
byfz	44.9	237.9	343.8	93.0	119.1	403.3	464.9	0		57	20260823-202833
a/e.	105.0	224.9	321.8	110.8	189.0	311.1	450.3	0		58	20260823-202833
op.p	99.8	389.4	577.7	0.0	0.0	0.0	0.0	0		59	20260823-202833
/lg/	68.8	330.0	415.5	0.0	0.0	0.0	0.0	0		60	20260823-202833
bolq	79.4	269.9	320.2	112.6	140.3	367.4	426.3	0		61	20260823-202833
.uo,	244.6	266.3	0.0	0.0	0.0	0.0	0.0	1	.uu	62	20260823-202833
n;mz	75.4	267.9	390.4	149.8	204.2	394.1	523.9	0		63	20260823-202833
uz/h	108.4	263.3	349.8	119.5	234.8	419.1	0.0	0		64	20260823-202833
dlvb	72.0	207.1	429.4	86.4	182.9	345.0	531.2	0		65	20260823-202833
e/ys	33.7	208.2	282.2	83.2	141.0	315.9	386.3	0		66	20260823-202833
ie;,	107.0	214.3	492.9	122.4	189.3	336.2	613.0	0		67	20260823-202833
mifo	58.1	162.0	255.4	142.8	151.4	279.8	394.9	0		68	20260823-202833
,d.s	62.1	208.0	345.3	91.9	147.3	365.0	455.0	0		69	20260823-202833
xmtb	99.2	224.3	448.0	87.1	199.3	313.2	553.1	0		70	20260823-202833
wdwr	51.3	292.6	376.2	0.0	0.0	0.0	0.0	0		71	20260823-202833
tn,z	95.1	229.4	400.5	98.9	156.7	372.5	510.4	0		72	20260823-202833
drek	43.6	250.0	363.1	91.4	143.6	341.1	460.2	0		73	20260823-202833
ldzj	63.9	246.4	308.7	94.9	118.2	362.9	412.9	0		74	20260823-202833
w/,u	93.0	282.4	401.3	119.0	222.1	448.4	555.9	0		75	20260823-202833
b;;l	103.5	249.1	434.4	0.0	0.0	0.0	0.0	0		76	20260823-202833
jnhx	181.9	343.1	428.1	78.0	252.4	446.4	545.6	0		77	20260823-202833
wt,t	81.3	174.2	305.9	0.0	0.0	0.0	0.0	0		78	20260823-202833
a,fk	111.7	215.3	330.4	114.6	203.3	328.7	429.8	0		79	20260823-202833
/abh	45.1	245.0	328.6	86.2	150.9	358.9	415.2	0		80	20260823-202833
.fwt	47.8	79.1	291.8	103.9	158.0	219.0	400.8	0		81	20260823-202833
mdrr	76.1	278.4	460.1	0.0	0.0	0.0	0.0	0		82	20260823-202833
qlhc	94.8	155.0	311.2	96.9	221.9	274.6	405.6	0		83	20260823-202833
mppa	123.9	290.1	460.6	0.0	0.0	0.0	0.0	0		84	20260823-202833
tund	38.0	254.4	335.5	103.4	138.1	366.1	426.4	0		85	20260823-202833
kbil	99.3	189.4	367.3	82.3	185.4	271.4	496.9	0		86	20260823-202833
rkhk	115.0	192.4	368.6	0.0	0.0	0.0	0.0	1	rkhh	87	20260823-202833
;qdv	61.5	271.5	394.3	105.3	185.7	376.8	550.8	0		88	20260823-202833
mtkz	68.5	186.1	341.4	89.8	158.6	294.8	469.7	0		89	20260823-202833
r/b;	52.1	274.9	432.9	85.0	165.0	379.3	561.3	0		90	20260823-202833
svvc	230.9	415.5	613.9	0.0	0.0	0.0	0.0	0		91	20260823-202833
sgmp	108.4	196.8	323.9	138.7	220.7	379.2	451.4	0		92	20260823-202833
klgl	54.0	192.1	291.6	0.0	0.0	0.0	0.0	0		93	20260823-202833
v,sg	88.5	188.4	340.4	95.9	210.2	324.2	478.3	0		94	20260823-202833
rtwk	179.2	262.5	418.4	74.0	284.0	378.1	528.3	0		95	20260823-202833
cllm	148.4	300.8	497.3	0.0	0.0	0.0	0.0	0		96	20260823-202833
dojg	195.9	0.0	0.0	83.0	0.0	0.0	0.0	1	dg	97	20260823-202833
zddd	215.1	383.2	555.3	0.0	0.0	0.0	0.0	0		98	20260823-202833
ofig	107.1	201.3	324.9	108.5	205.2	316.3	432.1	0		99	20260823-202833
;inm	45.6	250.5	451.9	137.5	216.6	352.7	586.6	0		100	20260823-202833
gfds	210.3	479.1	601.5	90.8	331.2	664.2	786.1	0		101	20260823-202833
gnix	74.7	166.0	312.7	104.6	223.8	261.7	458.9	0		102	20260823-202833
.ahk	107.2	240.7	362.1	143.9	222.3	448.6	490.1	0		103	20260823-202833
ernb	75.9	192.6	344.5	143.4	164.8	308.6	445.5	0		104	20260823-202833
gfd/	195.9	391.0	541.3	89.1	312.9	488.8	680.2	0		105	20260823-202833
mdx,	66.1	258.9	343.2	115.0	135.1	376.9	470.2	0		106	20260823-202833
hsc/	59.1	247.8	343.7	111.8	169.8	369.7	466.9	0		107	20260823-202833
whib	77.3	141.8	317.6	104.0	241.8	283.1	415.3	0		108	20260823-202833
kj.s	50.1	271.0	341.9	97.9	178.0	419.8	445.1	0		109	20260823-202833
sxol	210.3	356.5	551.6	89.5	363.2	458.7	674.7	0		110	20260823-202833
bd,c	44.7	162.1	283.1	106.6	146.7	295.5	383.0	0		111	20260823-202833
px;h	89.1	218.3	359.2	86.3	185.8	351.0	521.2	0		112	20260823-202833
zvlx	78.4	180.3	311.2	136.4	192.2	314.6	416.2	0		113	20260823-202833
atub	75.5	211.2	359.2	138.7	177.4	319.9	462.1	0		114	20260823-202833
dfro	49.0	248.9	319.0	113.8	157.9	360.3	447.4	0		115	20260823-202833
/eu/	68.6	216.7	395.7	0.0	0.0	0.0	0.0	0		116	20260823-202833
qaei	219.1	408.2	506.1	88.1	316.1	499.1	608.4	0		117	20260823-202833
grfq	211.6	462.4	566.1	97.6	321.3	625.4	709.1	0		118	20260823-202833
cwnb	31.1	174.8	365.5	106.8	163.3	286.4	444.4	0		119	20260823-202833
/upx	88.8	283.1	383.5	136.1	260.9	425.1	494.9	0		120	20260823-202833
;fa;	104.5	231.8	358.0	0.0	0.0	0.0	0.0	0		121	20260823-202833
rwue	63.7	167.9	297.1	146.7	178.8	285.7	397.6	0		122	20260823-202833
l,ch	127.5	0.0	0.0	0.0	0.0	0.0	0.0	1	lc	123	20260823-202833
,gsv	71.6	249.1	339.0	124.7	173.2	410.4	500.0	0		124	20260823-202833
,l.y	112.1	297.7	495.8	169.9	184.9	499.0	614.0	0		125	20260823-202833
/oev	226.1	282.1	495.9	116.3	339.7	406.0	638.8	0		126	20260823-202833
,ymv	68.0	335.3	436.5	157.0	172.3	452.6	563.8	0		127	20260823-202833
fqne	44.8	190.3	273.3	138.3	159.9	312.3	368.2	0		128	20260823-202833
rne,	81.4	182.4	302.1	74.7	140.1	292.7	426.2	0		129	20260823-202833
q;td	95.4	227.2	499.5	108.4	185.5	330.2	622.0	0		130	20260823-202833
kvbe	76.0	317.5	349.5	99.0	182.1	431.5	539.0	0		131	20260823-202833
hubn	166.3	257.9	418.8	78.8	259.5	349.0	527.3	0		132	20260823-202833
rygk	43.6	231.7	311.7	62.7	128.3	339.7	421.6	0		133	20260823-202833
z.qd	79.8	254.4	371.9	93.2	226.3	0.0	0.0	1	z.qb	134	20260823-202833
paqi	91.5	287.7	324.2	93.1	172.0	410.3	458.1	0		135	20260823-202833
jqyh	80.0	201.4	393.9	88.6	181.2	280.8	494.2	0		136	20260823-202833
rwzz	46.1	329.0	515.2	0.0	0.0	0.0	0.0	0		137	20260823-202833
tfwj	238.4	365.4	447.9	84.8	338.8	519.9	571.8	0		138	20260823-202833
dghg	34.3	159.8	279.8	0.0	0.0	0.0	0.0	0		139	20260823-202833
ghlc	84.1	187.8	317.1	103.7	189.0	324.6	414.8	0		140	20260823-202833
knxr	73.2	101.3	257.1	154.7	182.3	262.7	366.2	0		141	20260823-202833
ot;h	100.7	244.6	401.3	91.6	187.8	360.0	532.7	0		142	20260823-202833
ylpr	82.0	219.3	381.7	180.1	188.3	357.8	472.4	0		143	20260823-202833
zcdv	84.2	318.9	331.6	144.6	169.5	0.0	0.0	1	zcde	144	20260823-202833
,vfj	62.0	268.0	301.0	107.1	161.1	378.6	436.8	0		145	20260823-202833
kgbx	79.3	294.5	543.1	107.8	165.7	397.0	655.3	0		146	20260823-202833
qjoz	73.3	178.9	599.9	96.4	167.0	317.0	774.0	0		147	20260823-202833
/f/;	5.5	200.6	447.5	0.0	0.0	0.0	0.0	0		148	20260823-202833
apqx	90.0	212.6	474.1	96.7	182.9	323.7	586.6	0		149	20260823-202833
.inx	0.0	0.0	0.0	0.0	0.0	0.0	0.0	1	i	150	20260823-202833
naxe	74.9	319.1	544.1	104.9	184.8	417.5	640.7	0		151	20260823-202833
jvs;	84.8	232.0	301.7	106.0	174.5	350.4	412.7	0		152	20260823-202833
haol	94.9	177.8	380.1	96.3	201.2	273.4	491.2	0		153	20260823-202833
plkh	222.3	429.8	0.0	103.8	343.3	0.0	0.0	1	plh	154	20260823-202833
ykp.	57.0	237.0	499.9	150.5	198.3	366.1	651.3	0		155	20260823-202833
hefn	76.8	248.7	347.2	100.0	188.1	378.8	467.0	0		156	20260823-202833
;qej	71.0	248.6	400.1	103.8	186.0	356.1	528.0	0		157	20260823-202833
jhy/	155.5	463.0	633.3	80.0	247.8	563.2	775.5	0		158	20260823-202833
qsgk	59.3	265.1	382.0	151.3	212.3	401.1	482.2	0		159	20260823-202833
rs;p	88.7	168.9	377.6	153.6	204.6	264.3	474.8	0		160	20260823-202833
z;//	66.9	275.1	448.2	0.0	0.0	0.0	0.0	0		161	20260823-202833
jyda	154.8	304.7	372.2	68.7	255.1	436.0	508.7	0		162	20260823-202833
ch.x	64.1	210.0	420.9	100.1	183.5	400.5	537.8	0		163	20260823-202833
sr.b	60.9	139.0	351.8	142.3	155.3	280.7	453.9	0		164	20260823-202833
c;/m	91.0	306.3	542.4	103.7	182.5	439.0	681.7	0		165	20260823-202833
adny	61.3	162.5	369.4	139.4	233.5	253.2	468.4	0		166	20260823-202833
x;id	76.8	195.7	311.6	125.3	179.4	328.7	398.6	0		167	20260823-202833
wk.t	114.8	286.1	362.1	104.7	181.7	443.0	464.7	0		168	20260823-202833
,pfh	45.3	238.0	330.5	110.9	168.8	338.6	454.8	0		169	20260823-202833
hkge	74.0	184.7	270.1	161.1	186.1	336.0	385.6	0		170	20260823-202833
ztbe	107.8	400.9	467.8	144.2	238.1	543.1	641.2	0		171	20260823-202833
/miq	206.0	267.7	409.4	134.9	392.0	367.2	521.8	0		172	20260823-202833
oeyc	73.7	220.1	367.6	93.9	158.3	320.8	459.3	0		173	20260823-202833
seax	257.3	318.8	555.7	110.8	377.7	434.7	677.3	0		174	20260823-202833
spgp	91.8	219.0	365.7	0.0	0.0	0.0	0.0	0		175	20260823-202833
o;nj	28.1	309.9	461.2	179.1	152.0	394.9	581.1	0		176	20260823-202833
,wgz	85.4	251.1	550.3	141.8	234.2	393.2	685.6	0		177	20260823-202833
qsgv	87.8	364.6	554.7	187.1	234.9	554.2	0.0	1	qsgx	178	20260823-202833
fcdn	103.7	319.4	397.3	144.7	174.5	401.1	501.8	0		179	20260823-202833
pxay	84.8	194.5	324.6	80.0	259.9	348.7	417.8	0		180	20260823-202833
japg	107.5	190.3	336.3	94.2	204.9	293.2	449.4	0		181	20260823-202833
ckwr	74.6	229.0	323.9	99.6	168.3	391.5	471.6	0		182	20260823-202833
.,i/	88.9	0.0	0.0	0.0	0.0	0.0	0.0	1	.k	183	20260823-202833
i;we	73.1	196.4	294.5	155.5	200.4	409.5	470.8	0		184	20260823-202833
aals	180.3	332.1	420.1	0.0	0.0	0.0	0.0	0		185	20260823-202833
qldy	88.9	230.5	335.4	121.5	195.5	328.4	440.8	0		186	20260823-202833
dmfv	103.6	200.8	432.2	92.2	207.5	315.6	582.5	0		187	20260823-202833
/,vv	171.7	346.1	0.0	137.0	312.0	0.0	0.0	1	/,w	188	20260823-202833
uz,c	0.0	0.0	0.0	0.0	0.0	0.0	0.0	1	v	189	20260823-202833
ziuo	72.8	225.0	347.9	145.2	175.2	361.7	502.7	0		190	20260823-202833
ezyd	75.1	233.9	309.6	154.8	200.3	325.0	412.5	0		191	20260823-202833
thhv	141.9	282.4	447.0	0.0	0.0	0.0	0.0	0		192	20260823-202833
an;/	77.9	232.3	497.1	99.9	250.2	346.7	618.0	0		193	20260823-202833
mj.z	169.9	326.7	480.8	93.8	269.7	484.6	598.1	0		194	20260823-202833
lzl/	101.1	206.2	509.8	0.0	0.0	0.0	0.0	0		195	20260823-202833
sgdc	86.3	281.1	485.0	139.8	208.4	357.4	576.7	0		196	20260823-202833
xa.m	88.7	342.9	531.7	155.0	226.9	495.2	668.0	0		197	20260823-202833
.sdu	78.0	257.6	315.3	133.2	156.2	400.2	429.9	0		198	20260823-202833
/igt	100.5	216.0	400.2	178.1	218.1	306.8	509.8	0		199	20260823-202833
hp,m	71.5	328.7	491.0	157.9	191.8	466.3	636.9	0		200	20260823-202833
k/ft	52.1	249.9	460.2	155.1	200.8	355.3	577.8	0		201	20260823-202833
g,ot	72.7	197.4	347.7	118.2	341.9	402.7	451.7	0		202	20260823-202833
dvss	16.4	253.5	436.1	0.0	0.0	0.0	0.0	0		203	20260823-202833
lrtw	75.8	284.0	401.8	130.7	167.5	451.6	537.3	0		204	20260823-202833
qjeh	75.8	180.8	329.8	86.8	174.1	286.7	437.1	0		205	20260823-202833
xqfr	49.9	247.0	474.1	121.7	178.5	373.9	582.6	0		206	20260823-202833
,amo	91.3	188.3	318.2	101.5	208.0	383.7	423.0	0		207	20260823-202833
ero;	75.9	159.5	365.4	165.9	197.4	252.7	483.6	0		208	20260823-202833
/aa,	156.2	317.1	440.2	0.0	0.0	0.0	0.0	0		209	20260823-202833
pfue	83.6	194.1	289.1	96.1	178.8	308.9	407.9	0		210	20260823-202833
uzgb	42.5	247.6	453.2	117.6	168.8	354.7	573.5	0		211	20260823-202833
uveo	65.9	229.1	280.9	101.9	178.8	322.0	408.0	0		212	20260823-202833
,,nu	145.7	328.2	501.4	0.0	0.0	0.0	0.0	0		213	20260823-202833
bj.h	42.0	197.3	355.1	87.5	133.0	414.2	488.0	0		214	20260823-202833
omyc	93.3	313.1	446.8	160.2	200.1	410.2	551.0	0		215	20260823-202833
e;i/	69.5	233.7	429.8	105.3	170.5	404.4	562.3	0		216	20260823-202833
c.wi	104.8	260.7	373.7	107.9	197.8	370.2	479.0	0		217	20260823-202833
;.md	258.5	470.9	563.7	105.5	382.4	600.6	662.4	0		218	20260823-202833
.dbp	112.9	197.4	315.5	127.0	213.8	312.5	412.7	0		219	20260823-202833
ez.c	221.9	358.6	490.8	94.6	347.3	510.6	584.9	0		220	20260823-202833
;ast	100.7	227.1	437.3	106.7	312.6	374.0	580.0	0		221	20260823-202833
pzzu	103.9	256.4	381.3	0.0	0.0	0.0	0.0	0		222	20260823-202833
wkht	104.3	207.2	367.6	110.5	222.4	352.6	486.9	0		223	20260823-202833
yhxa	182.2	560.9	828.4	81.7	286.5	656.6	0.0	0		224	20260823-202833
mbfu	57.5	249.7	298.7	104.5	139.7	353.6	407.8	0		225	20260823-202833
,rgv	60.8	266.1	482.2	128.0	147.6	360.2	0.0	1	,rgb	226	20260823-202833
rpi;	67.3	174.0	376.8	102.3	194.7	392.6	567.7	0		227	20260823-202833
xwau	235.7	0.0	0.0	121.3	0.0	0.0	0.0	1	xq	228	20260823-202833
lyqg	84.0	0.0	0.0	0.0	0.0	0.0	0.0	1	lq	229	20260823-202833
rfw,	218.2	309.8	383.2	105.4	312.3	436.1	525.1	0		230	20260823-202833
uuae	159.3	264.4	412.1	0.0	0.0	0.0	0.0	0		231	20260823-202833
scnt	189.8	300.8	441.9	86.8	282.8	398.8	544.0	0		232	20260823-202833
onk/	125.5	328.1	457.3	191.0	206.2	522.1	631.2	0		233	20260823-202833
.ggo	147.6	310.1	462.2	0.0	0.0	0.0	0.0	0		234	20260823-202833
nbtb	106.6	323.5	542.0	0.0	0.0	0.0	0.0	0		235	20260823-202833
kvo,	92.7	233.8	496.3	106.4	222.6	327.6	691.4	0		236	20260823-202833
izdz	100.8	291.1	410.8	0.0	0.0	0.0	0.0	0		237	20260823-202833
eb/t	71.0	191.6	322.4	109.7	175.0	311.0	427.3	0		238	20260823-202833
;gg/	143.3	305.1	430.6	0.0	0.0	0.0	0.0	0		239	20260823-202833
oxsm	123.2	323.1	377.1	109.4	222.6	440.3	496.5	0		240	20260823-202833
dfqf	37.1	299.5	389.6	0.0	0.0	0.0	0.0	0		241	20260823-202833
slt;	91.8	190.0	311.9	86.0	183.8	287.5	408.8	0		242	20260823-202833
gses	95.2	257.5	471.0	0.0	0.0	0.0	0.0	0		243	20260823-202833
chbz	81.1	242.1	361.5	83.8	184.6	395.8	496.9	0		244	20260823-202833
y;pu	56.9	259.9	0.0	125.7	163.4	0.0	0.0	1	y;u	245	20260823-202833
v;h,	67.1	251.2	419.4	0.0	0.0	0.0	0.0	1	v;hv	246	20260823-202833
wieo	80.4	217.5	292.1	99.9	167.2	329.2	416.9	0		247	20260823-202833
mxi,	98.7	168.3	395.8	93.2	207.6	275.8	505.7	0		248	20260823-202833
d;cv	75.1	235.8	0.0	0.0	0.0	0.0	0.0	1	d;d	249	20260823-202833
mg;c	119.0	215.6	387.2	133.0	214.6	339.9	486.5	0		250	20260823-202833
o.e;	224.7	315.1	450.9	103.5	317.4	423.8	598.0	0		251	20260823-202833
hgtj	82.1	263.4	319.4	100.4	174.9	373.1	448.6	0		252	20260823-202833
yvxn	74.5	279.4	337.1	99.3	155.6	410.6	446.1	0		253	20260823-202833
v;af	76.2	222.8	301.6	117.4	181.8	359.5	417.0	0		254	20260823-202833
ad.,	34.2	204.4	313.6	168.6	110.2	395.5	450.4	0		255	20260823-202833
a,wv	96.9	255.8	340.5	114.9	203.1	413.3	479.2	0		256	20260823-202833
ncmf	80.0	208.9	320.1	76.1	170.5	332.9	424.9	0		257	20260823-202833
bya;	74.0	219.2	271.9	99.4	151.0	345.9	388.7	0		258	20260823-202833
f,yr	87.4	263.0	313.0	100.0	167.0	363.9	419.8	0		259	20260823-202833
jqvg	79.0	232.2	457.5	115.3	178.8	357.4	570.0	0		260	20260823-202833
uzdv	51.5	342.4	440.9	101.4	181.4	493.2	582.4	0		261	20260823-202833
wn;u	99.1	276.6	432.6	113.4	192.6	420.6	558.7	0		262	20260823-202833
aqgc	194.9	406.1	692.6	105.0	302.0	509.6	797.0	0		263	20260823-202833
cuap	59.0	174.8	245.8	82.3	146.0	281.4	352.0	0		264	20260823-202833
xhp,	61.0	226.2	475.0	74.3	158.0	335.8	572.2	0		265	20260823-202833
b,ax	80.2	179.3	388.1	88.2	229.7	332.8	513.1	0		266	20260823-202833
ynoo	216.7	378.7	576.0	0.0	0.0	0.0	0.0	0		267	20260823-202833
brrl	210.0	359.8	468.3	0.0	0.0	0.0	0.0	0		268	20260823-202833
.gtk	90.0	263.5	300.3	123.3	175.6	366.5	413.1	0		269	20260823-202833
ozmk	84.8	243.8	373.7	106.6	197.4	425.3	486.7	0		270	20260823-202833
d;r;	97.1	170.3	262.0	0.0	0.0	0.0	0.0	0		271	20260823-202833
gfkb	198.6	354.8	466.6	97.7	284.1	447.7	558.9	0		272	20260823-202833
dwul	52.4	204.0	324.7	115.4	188.2	379.2	458.4	0		273	20260823-202833
akit	55.5	223.3	319.7	102.2	133.2	323.5	425.2	0		274	20260823-202833
uvb/	91.7	267.6	424.7	110.8	175.5	360.4	488.5	0		275	20260823-202833
ysrh	53.5	190.3	278.9	86.7	161.1	298.3	409.6	0		276	20260823-202833
iodk	126.9	208.1	378.0	201.2	274.2	295.0	528.5	0		277	20260823-202833
gxp/	56.0	127.2	342.9	113.5	217.8	223.9	472.3	0		278	20260823-202833
i;yq	55.2	390.4	559.4	163.4	216.3	498.3	687.5	0		279	20260823-202833
nifw	77.8	195.1	256.4	182.7	205.0	330.9	409.1	0		280	20260823-202833
utk/	76.2	199.2	423.1	95.8	166.8	298.5	0.0	0		281	20260823-202833
zgut	58.0	152.8	286.1	128.8	171.9	261.2	411.7	0		282	20260823-202833
sem.	85.9	169.9	349.4	182.7	191.9	282.1	539.1	0		283	20260823-202833
/g,s	107.4	221.8	385.1	114.9	198.9	329.7	480.8	0		284	20260823-202833
jfx,	69.2	226.5	409.8	95.3	184.1	372.3	510.6	0		285	20260823-202833
fsdf	103.8	257.9	391.1	0.0	0.0	0.0	0.0	0		286	20260823-202833
/uxo	122.1	249.8	345.6	188.8	228.0	373.5	477.3	0		287	20260823-202833
;ise	93.5	218.3	332.2	154.4	239.1	398.9	449.0	0		288	20260823-202833
jt/e	113.8	250.8	345.3	117.3	205.9	355.5	430.0	0		289	20260823-202833
p,et	251.7	353.1	457.1	119.4	385.2	502.2	606.6	0		290	20260823-202833
hoa/	82.0	230.4	343.6	166.1	191.1	339.3	461.5	0		291	20260823-202833
u;;h	185.3	357.1	604.7	0.0	0.0	0.0	0.0	0		292	20260823-202833
r/,h	48.3	229.6	378.4	102.2	160.2	405.2	494.7	0		293	20260823-202833
.osn	220.1	329.2	493.4	102.8	324.6	430.3	607.3	0		294	20260823-202833
q;l.	47.9	234.0	443.7	118.7	140.6	345.7	566.6	0		295	20260823-202833
cman	99.3	187.0	285.0	74.1	173.8	292.5	391.6	0		296	20260823-202833
,fz.	83.1	228.7	417.1	109.6	201.3	360.2	598.0	0		297	20260823-202833
suxk	54.1	237.1	312.1	103.2	154.6	338.1	429.3	0		298	20260823-202833
htnt	101.0	229.3	370.3	0.0	0.0	0.0	0.0	0		299	20260823-202833
.igf	96.0	264.2	574.5	175.4	248.7	384.6	0.0	1	.igr	300	20260823-202833
eii.	142.8	278.7	559.8	0.0	0.0	0.0	0.0	0		301	20260823-202833
lvbo	90.0	295.0	350.5	133.8	189.1	403.6	487.1	0		302	20260823-202833
;rl.	118.3	229.2	479.2	101.2	223.4	334.3	682.9	0		303	20260823-202833
zby,	61.0	192.0	334.1	156.8	177.6	385.7	534.6	0		304	20260823-202833
pfol	85.0	189.0	410.6	90.4	196.6	315.6	529.9	0		305	20260823-202833
fmgm	96.1	236.1	302.8	0.0	0.0	0.0	0.0	0		306	20260823-202833
zkcm	84.6	222.0	290.2	112.0	190.3	334.6	435.7	0		307	20260823-202833
.wkc	45.4	211.7	332.6	90.3	154.7	327.0	429.6	0		308	20260823-202833
vcya	67.8	199.9	318.6	140.3	139.0	289.2	426.8	0		309	20260823-202833
;suj	73.7	175.1	380.5	101.8	166.6	287.9	495.7	0		310	20260823-202833
abeg	74.6	285.7	496.8	114.4	272.1	409.4	641.5	0		311	20260823-202833
a;d/	80.3	211.9	292.3	113.0	172.5	302.9	430.1	0		312	20260823-202833
;kf/	57.2	178.9	274.0	105.1	173.0	288.0	409.9	0		313	20260823-202833
s.el	62.6	213.2	306.2	88.6	158.3	294.6	413.1	0		314	20260823-202833
/ogs	227.1	334.1	482.3	117.3	316.8	419.7	616.8	0		315	20260823-202833
wlxy	102.3	256.5	352.5	95.8	220.5	379.7	460.3	0		316	20260823-202833
.v,/	117.4	363.6	580.8	143.8	272.4	491.8	714.4	0		317	20260823-202833
mhya	170.6	345.8	486.8	83.3	254.5	439.9	588.5	0		318	20260823-202833
h/x.	98.8	259.1	349.4	165.6	219.6	374.2	520.5	0		319	20260823-202833
,hmd	75.5	308.4	436.1	171.9	171.7	418.6	524.9	0		320	20260823-202833
g/ro	48.3	206.5	271.3	90.1	152.6	317.4	384.0	0		321	20260823-202833
osgv	63.6	247.0	484.4	101.5	162.3	354.3	629.6	0		322	20260823-202833
,llg	230.2	374.7	495.4	0.0	0.0	0.0	0.0	0		323	20260823-202833
dwto	59.0	256.4	332.3	109.1	173.9	375.9	454.5	0		324	20260823-202833
qtod	69.8	175.9	304.8	143.0	172.9	308.6	402.1	0		325	20260823-202833
djzq	82.8	240.9	456.9	104.8	182.1	346.5	562.2	0		326	20260823-202833
tkcs	78.8	284.0	342.2	93.9	160.1	398.1	465.9	0		327	20260823-202833
.uoc	229.6	284.3	426.2	108.8	379.7	423.7	508.5	0		328	20260823-202833
xbif	165.7	233.8	421.6	90.8	255.8	342.6	550.8	0		329	20260823-202833
;zdt	81.9	239.3	367.1	104.9	174.9	392.7	500.0	0		330	20260823-202833
sijm	92.2	174.9	375.2	105.6	238.7	254.1	488.9	0		1	20260825-201702
,xqi	74.0	185.7	331.3	108.2	212.1	350.5	438.2	0		2	20260825-201702
pvio	66.6	181.5	287.7	85.4	184.9	375.4	434.5	0		3	20260825-201702
,ynp	115.0	345.9	457.4	188.8	216.8	521.4	573.9	0		4	20260825-201702
j/wq	62.0	179.6	380.3	135.0	183.9	275.2	523.1	0		5	20260825-201702
x/ui	62.8	266.2	365.7	110.5	196.3	472.6	514.1	0		6	20260825-201702
bnjk	75.3	248.1	357.4	96.6	148.1	431.4	478.8	0		7	20260825-201702
,jtb	55.7	159.5	385.5	152.2	170.9	249.9	500.6	0		8	20260825-201702
sxgn	223.1	369.8	476.8	111.1	296.4	470.8	578.1	0		9	20260825-201702
eurr	89.7	196.2	363.3	0.0	0.0	0.0	0.0	0		10	20260825-201702
nioy	39.3	198.5	408.9	96.7	250.1	453.0	546.3	0		11	20260825-201702
huo,	192.8	200.4	0.0	96.2	0.0	0.0	0.0	1	huy	12	20260825-201702
spxm	57.9	240.3	334.4	89.1	155.8	339.4	452.6	0		13	20260825-201702
nh,y	184.2	377.0	557.4	98.3	294.9	483.0	649.4	0		14	20260825-201702
hfyy	81.8	231.2	375.4	0.0	0.0	0.0	0.0	0		15	20260825-201702
a/xl	74.2	232.5	303.0	101.9	173.0	334.8	409.1	0		16	20260825-201702
b;fq	62.5	219.6	356.7	84.9	156.3	435.2	493.0	0		17	20260825-201702
xj.o	77.5	232.7	463.6	96.1	192.0	346.7	559.5	0		18	20260825-201702
pgvg	120.7	377.6	630.0	0.0	0.0	0.0	0.0	0		19	20260825-201702
dhmj	87.7	275.1	424.7	96.7	140.3	338.0	512.8	0		20	20260825-201702
vb.j	212.6	324.2	498.3	114.1	309.0	0.0	0.0	1	vb.h	21	20260825-201702
wtce	69.7	310.9	501.7	150.4	188.4	399.3	594.8	0		22	20260825-201702
q,bq	114.8	250.0	434.3	0.0	0.0	0.0	0.0	0		23	20260825-201702
glra	106.0	230.2	304.8	93.2	174.7	372.7	452.3	0		24	20260825-201702
pqnp	80.0	200.8	337.1	0.0	0.0	0.0	0.0	0		25	20260825-201702
g/xs	79.5	225.7	445.3	104.4	189.1	333.1	540.5	0		26	20260825-201702
.pzz	201.2	326.6	500.7	0.0	0.0	0.0	0.0	0		27	20260825-201702
fqyr	69.1	226.4	360.0	179.3	203.7	337.8	461.2	0		28	20260825-201702
//.p	202.0	452.1	703.9	0.0	0.0	0.0	0.0	0		29	20260825-201702
bmx;	129.5	284.2	359.0	103.9	238.2	404.1	471.0	0		30	20260825-201702
org;	78.0	267.4	306.1	92.2	150.0	360.9	443.7	0		31	20260825-201702
/c;g	84.4	233.3	325.6	116.1	189.2	356.4	428.9	0		32	20260825-201702
dlwb	81.4	147.8	332.2	88.3	169.4	291.9	464.0	0		33	20260825-201702
/eax	87.6	159.1	398.2	134.1	231.5	266.0	488.5	0		34	20260825-201702
brkj	211.3	328.5	460.4	81.9	300.8	457.3	599.2	0		35	20260825-201702
ginv	48.9	230.9	346.2	99.2	153.1	349.5	470.2	0		36	20260825-201702
f.th	98.4	230.7	311.1	94.8	206.2	328.7	418.2	0		37	20260825-201702
uyyh	183.9	326.7	591.6	0.0	0.0	0.0	0.0	0		38	20260825-201702
acre	226.7	435.0	537.0	113.4	333.3	603.1	651.3	0		39	20260825-201702
bdbe	71.5	297.9	351.2	0.0	0.0	0.0	0.0	0		40	20260825-201702
hwj;	62.4	232.7	348.6	97.8	166.0	375.7	478.6	0		41	20260825-201702
qqpl	164.9	244.3	533.7	0.0	0.0	0.0	0.0	0		42	20260825-201702
xfw,	47.9	284.4	358.3	132.3	187.3	378.9	491.1	0		43	20260825-201702
rx.x	75.2	185.8	319.1	0.0	0.0	0.0	0.0	0		44	20260825-201702
defn	258.5	351.3	534.9	136.3	369.1	483.4	626.6	0		45	20260825-201702
mrui	71.9	222.0	305.0	98.6	166.6	410.0	466.3	0		46	20260825-201702
.i/h	128.6	347.3	515.6	178.3	261.3	492.6	647.3	0		47	20260825-201702
lqlz	45.8	206.9	370.9	0.0	0.0	0.0	0.0	0		48	20260825-201702
vsam	76.6	293.3	341.8	161.6	182.9	400.9	452.2	0		49	20260825-201702
bmb/	105.6	219.3	319.0	0.0	0.0	0.0	0.0	0		50	20260825-201702
;uu,	220.2	356.7	621.7	0.0	0.0	0.0	0.0	0		51	20260825-201702
us,j	108.4	250.2	414.4	105.5	211.0	357.1	554.4	0		52	20260825-201702
lz/i	91.5	281.3	490.2	114.4	212.2	407.4	584.8	0		53	20260825-201702
hq/z	67.8	233.5	386.3	107.4	182.1	348.1	495.4	0		54	20260825-201702
qc;g	223.0	313.6	485.0	135.2	326.9	423.6	600.0	0		55	20260825-201702
tzjv	66.3	180.2	364.9	130.8	183.5	285.7	484.4	0		56	20260825-201702
zndg	82.6	231.3	378.9	106.9	178.1	357.3	490.0	0		57	20260825-201702
ci/r	85.0	281.5	331.2	100.7	164.5	417.5	434.4	0		58	20260825-201702
epam	64.1	253.8	287.2	87.0	158.1	365.7	402.5	0		59	20260825-201702
gafm	70.4	267.1	348.5	129.5	176.1	375.9	456.2	0		60	20260825-201702
h;sk	51.2	167.1	281.2	139.3	191.3	278.0	384.2	0		61	20260825-201702
ygam	124.5	265.0	344.4	83.1	221.2	383.2	467.8	0		62	20260825-201702
xjv,	76.2	239.4	336.0	103.1	164.6	355.6	454.4	0		63	20260825-201702
rvdf	218.9	447.2	525.7	82.6	321.5	570.0	657.6	0		64	20260825-201702
a/km	87.5	255.1	347.1	103.3	207.5	403.7	511.3	0		65	20260825-201702
csts	20.5	277.4	366.7	0.0	0.0	0.0	0.0	0		66	20260825-201702
/,bo	67.3	212.5	354.5	143.6	176.8	329.6	474.3	0		67	20260825-201702
gbdx	197.0	446.7	741.0	79.9	312.8	545.9	859.4	0		68	20260825-201702
x;tk	93.0	233.7	307.4	100.4	203.0	332.1	408.6	0		69	20260825-201702
wh/e	60.6	228.9	303.2	105.1	157.7	361.1	386.9	0		70	20260825-201702
l,h;	117.5	339.4	472.2	179.0	258.0	549.4	592.6	0		71	20260825-201702
u/dc	89.8	210.8	412.8	161.2	227.6	294.7	517.9	0		72	20260825-201702
hwnt	60.2	218.2	302.7	80.7	160.2	317.6	411.0	0		73	20260825-201702
ixk;	104.2	209.1	331.3	85.1	205.1	376.9	458.8	0		74	20260825-201702
y/x/	89.3	249.9	348.4	0.0	0.0	0.0	0.0	0		75	20260825-201702
pn;/	86.9	288.7	531.5	137.6	201.4	400.6	633.2	0		76	20260825-201702
rhkr	65.9	223.5	292.4	0.0	0.0	0.0	0.0	0		77	20260825-201702
llcf	151.2	316.9	411.3	0.0	0.0	0.0	0.0	0		78	20260825-201702
vjkn	68.8	255.1	319.0	116.3	152.2	0.0	0.0	1	vjkm	79	20260825-201702
ntv,	63.6	304.7	397.5	98.8	152.2	0.0	0.0	1	ntv.	80	20260825-201702
jiko	63.2	266.8	360.2	144.0	151.6	463.1	499.9	0		81	20260825-201702
tzbg	88.6	341.9	526.2	130.8	215.5	430.3	624.5	0		82	20260825-201702
xhhw	127.8	263.6	392.6	0.0	0.0	0.0	0.0	0		83	20260825-201702
e;b,	82.4	236.7	432.0	87.4	186.1	336.2	552.2	0		84	20260825-201702
izn,	59.6	390.1	546.1	114.3	179.8	518.1	0.0	1	iznx	85	20260825-201702
i;jh	40.9	270.7	571.4	0.0	0.0	0.0	0.0	1	i;jj	86	20260825-201702
dejh	180.7	270.8	430.5	75.8	266.5	357.2	518.7	0		87	20260825-201702
qrgs	77.8	310.7	508.8	149.5	196.7	428.9	638.1	0		88	20260825-201702
dwm,	67.6	188.6	342.1	126.6	180.9	422.4	492.9	0		89	20260825-201702
iint	148.8	371.7	481.9	0.0	0.0	0.0	0.0	0		90	20260825-201702
nulw	221.8	380.4	506.7	102.8	333.7	514.0	601.6	0		91	20260825-201702
uhkf	205.3	326.0	478.7	96.4	300.4	453.3	584.1	0		92	20260825-201702
vjpm	113.5	202.7	386.9	117.5	226.4	350.7	0.0	0		93	20260825-201702
fk,v	94.2	300.4	388.5	123.8	161.5	0.0	0.0	1	fk,w	94	20260825-201702
,vn/	121.1	273.0	475.4	103.5	248.5	388.1	0.0	1	,vn;	95	20260825-201702
pp/y	159.1	437.3	579.4	0.0	0.0	0.0	0.0	0		96	20260825-201702
rba.	225.8	408.3	483.6	91.8	329.4	539.0	625.7	0		97	20260825-201702
xymu	80.8	305.8	476.9	119.2	155.9	378.5	563.7	0		98	20260825-201702
etab	84.6	260.5	404.8	148.3	173.5	401.9	523.1	0		99	20260825-201702
xojz	94.2	223.3	427.5	126.2	220.4	363.5	548.5	0		100	20260825-201702
psth	31.5	214.9	290.4	97.4	118.4	335.3	396.6	0		101	20260825-201702
jzqe	41.2	280.7	517.8	118.3	154.6	388.6	623.2	0		102	20260825-201702
saq/	54.1	294.9	357.8	183.8	167.3	418.1	482.1	0		103	20260825-201702
g/w;	71.2	203.1	361.9	105.8	172.7	322.9	493.4	0		104	20260825-201702
troy	208.5	413.0	528.2	99.3	303.2	571.2	671.5	0		105	20260825-201702
qqqg	209.0	408.3	672.8	0.0	0.0	0.0	0.0	0		106	20260825-201702
j,oh	82.1	359.0	423.0	210.0	230.1	501.8	550.8	0		107	20260825-201702
l/zl	81.1	244.8	354.0	0.0	0.0	0.0	0.0	0		108	20260825-201702
bdi/	81.4	185.4	413.9	143.2	167.8	342.3	503.6	0		109	20260825-201702
doqa	80.1	220.7	582.6	83.8	162.9	419.4	697.1	0		110	20260825-201702
tdjv	80.6	177.4	367.6	139.0	203.2	280.7	483.8	0		111	20260825-201702
.hfe	68.5	176.8	256.4	161.9	188.1	0.0	0.0	1	.hfw	112	20260825-201702
bovq	99.3	251.5	394.8	105.6	190.8	472.4	515.3	0		113	20260825-201702
.num	119.2	363.2	589.3	126.5	255.6	445.4	673.5	0		114	20260825-201702
ui,.	58.0	360.6	492.0	200.7	131.7	565.8	665.9	0		115	20260825-201702
bbsk	170.8	332.2	442.9	0.0	0.0	0.0	0.0	0		116	20260825-201702
mirq	41.6	185.7	277.3	182.5	145.8	338.9	410.3	0		117	20260825-201702
.c;a	0.0	0.0	0.0	0.0	0.0	0.0	0.0	1	,	118	20260825-201702
.htg	77.3	205.1	406.8	174.4	183.3	297.1	530.5	0		119	20260825-201702
pktc	165.6	311.5	602.1	98.3	275.4	385.7	708.0	0		120	20260825-201702
cz/p	56.2	200.3	440.8	120.8	192.4	316.7	546.4	0		121	20260825-201702
hcio	104.7	176.3	298.2	97.4	206.2	377.8	442.1	0		122	20260825-201702
dta.	99.5	269.5	338.3	164.1	211.5	392.1	482.8	0		123	20260825-201702
vvt/	168.4	390.2	470.3	0.0	0.0	0.0	0.0	0		124	20260825-201702
crud	119.6	238.1	366.0	161.9	214.0	361.8	447.3	0		125	20260825-201702
u./c	111.2	335.0	469.9	168.5	241.8	480.6	569.5	0		126	20260825-201702
..v/	140.9	306.3	418.6	0.0	0.0	0.0	0.0	0		127	20260825-201702
pyko	58.7	256.9	422.0	129.8	145.4	480.9	573.2	0		128	20260825-201702
rqpw	62.7	147.0	269.7	135.7	174.1	241.4	377.0	0		129	20260825-201702
kqgx	31.2	294.3	422.3	100.6	152.2	435.5	551.8	0		130	20260825-201702
pdvb	84.6	203.9	430.3	95.9	200.9	349.4	553.8	0		131	20260825-201702
addl	223.2	378.4	505.5	0.0	0.0	0.0	0.0	0		132	20260825-201702
vzsi	65.9	255.6	387.9	156.0	199.9	368.1	488.7	0		133	20260825-201702
jz,f	79.4	213.0	312.4	93.7	194.2	337.7	413.4	0		134	20260825-201702
iyvu	47.9	147.1	251.6	137.9	128.3	282.7	351.9	0		135	20260825-201702
n,xm	86.7	297.4	372.2	195.2	240.9	427.1	484.6	0		136	20260825-201702
.;iv	62.8	286.2	388.9	160.9	213.6	435.8	509.0	0		137	20260825-201702
cevm	205.8	351.3	442.5	96.6	282.3	461.0	559.0	0		138	20260825-201702
h,gi	52.9	182.3	259.2	155.8	139.6	273.7	425.1	0		139	20260825-201702
h.dr	43.1	131.6	230.4	110.7	175.6	303.1	343.6	0		140	20260825-201702
xvja	28.4	153.1	272.6	79.5	140.5	254.0	378.3	0		141	20260825-201702
thje	64.7	234.7	295.9	91.5	128.3	337.6	363.3	0		142	20260825-201702
pnlg	58.1	282.7	365.1	141.4	165.5	417.5	461.7	0		143	20260825-201702
gy.q	36.5	180.1	307.9	99.8	116.8	336.4	415.2	0		144	20260825-201702
os,z	90.2	250.0	353.8	93.4	174.8	368.2	472.4	0		145	20260825-201702
qrw.	85.0	223.3	369.0	153.3	195.3	346.8	490.5	0		146	20260825-201702
vusm	77.6	175.2	309.1	108.7	162.5	276.1	415.6	0		147	20260825-201702
xozw	49.3	376.0	0.0	0.0	0.0	0.0	0.0	1	xox	148	20260825-201702
datv	52.6	200.0	437.1	102.7	173.3	302.2	565.1	0		149	20260825-201702
p;ge	193.2	315.5	376.3	96.1	304.1	429.1	464.2	0		150	20260825-201702
.kgd	166.7	240.7	397.8	102.2	247.7	369.1	503.8	0		151	20260825-201702
hwzw	53.8	302.0	537.8	0.0	0.0	0.0	0.0	0		152	20260825-201702
uwjh	69.4	209.5	361.7	86.3	160.9	277.1	450.7	0		153	20260825-201702
qhl/	73.7	165.4	389.6	111.0	188.3	252.5	496.8	0		154	20260825-201702
ughz	97.3	210.6	324.0	94.4	191.0	302.4	429.7	0		155	20260825-201702
e/zs	52.6	266.1	394.8	85.0	171.1	0.0	0.0	1	e/zx	156	20260825-201702
n,dw	101.3	203.6	273.4	200.5	231.1	354.4	451.5	0		157	20260825-201702
waap	219.8	394.7	533.5	0.0	0.0	0.0	0.0	0		158	20260825-201702
gdfs	0.0	0.0	0.0	0.0	0.0	0.0	0.0	1	d	159	20260825-201702
gjox	76.1	176.9	326.7	97.9	154.5	285.8	427.1	0		160	20260825-201702
jrw/	87.9	168.6	265.0	99.2	219.2	300.5	390.6	0		161	20260825-201702
;az;	58.5	278.5	365.6	0.0	0.0	0.0	0.0	0		162	20260825-201702
wqvx	46.2	326.1	634.4	0.0	0.0	0.0	0.0	1	wqvv	163	20260825-201702
;oop	258.1	402.8	626.5	0.0	0.0	0.0	0.0	0		164	20260825-201702
y,pg	16.0	373.7	487.1	131.4	111.9	490.0	578.6	0		165	20260825-201702
,oej	131.3	238.9	341.0	114.9	268.5	326.6	474.5	0		166	20260825-201702
dvpr	42.4	199.4	290.0	119.1	164.9	301.3	386.6	0		167	20260825-201702
;dxp	65.9	260.6	323.6	102.4	154.2	377.9	453.0	0		168	20260825-201702
r;to	71.7	218.7	272.7	92.5	160.7	318.0	385.9	0		169	20260825-201702
hn.u	195.4	385.7	528.1	86.0	294.2	583.7	648.7	0		170	20260825-201702
csxe	75.3	318.6	506.6	136.9	189.7	479.0	614.7	0		171	20260825-201702
ekkv	171.3	314.6	448.3	0.0	0.0	0.0	0.0	0		172	20260825-201702
ocjl	84.5	202.4	286.4	87.4	169.9	356.3	416.5	0		173	20260825-201702
kuxg	58.6	135.5	275.7	169.9	178.6	279.2	396.3	0		174	20260825-201702
hn;a	191.6	374.2	503.9	92.4	294.5	507.2	622.5	0		175	20260825-201702
atso	63.2	245.9	354.4	141.2	155.7	348.9	459.0	0		176	20260825-201702
u.ra	69.6	208.5	330.5	170.2	213.5	409.4	468.8	0		1	20260825-214124
oexn	26.8	252.7	331.8	99.2	105.0	361.2	426.5	0		2	20260825-214124
c,ae	107.2	204.5	377.9	87.1	208.9	407.0	478.5	0		3	20260825-214124
,p,r	93.2	337.2	448.5	0.0	0.0	0.0	0.0	0		4	20260825-214124
n,e.	106.1	238.7	375.4	195.5	243.9	342.6	509.2	0		5	20260825-214124
/;i.	201.0	369.1	625.3	103.2	306.8	482.2	736.8	0		6	20260825-214124
e/nm	77.2	292.4	487.4	117.4	206.6	379.2	604.2	0		7	20260825-214124
id;s	63.0	206.5	278.8	102.8	146.0	323.5	384.5	0		8	20260825-214124
,upt	242.5	320.1	431.3	139.2	407.6	493.3	534.7	0		9	20260825-214124
cfmf	88.6	273.6	355.9	0.0	0.0	0.0	0.0	0		10	20260825-214124
ecd/	235.5	425.2	516.5	76.5	314.0	494.9	642.9	0		11	20260825-214124
yzrj	55.5	251.6	348.3	91.9	153.3	353.1	445.2	0		12	20260825-214124
bleh	86.4	191.7	290.3	96.8	196.9	262.0	391.5	0		13	20260825-214124
;plp	227.7	478.7	715.8	0.0	0.0	0.0	0.0	0		14	20260825-214124
kjbu	62.4	187.0	265.5	129.6	144.6	280.4	365.5	0		15	20260825-214124
ylhx	41.6	257.3	403.9	111.7	141.3	383.5	500.6	0		16	20260825-214124
v/d/	109.6	228.5	319.4	0.0	0.0	0.0	0.0	0		17	20260825-214124
qzma	242.7	389.4	497.3	80.2	351.2	510.0	613.2	0		18	20260825-214124
vk,t	62.1	270.9	376.3	107.1	132.7	370.9	470.9	0		19	20260825-214124
lts;	98.6	153.0	283.4	104.1	212.1	263.9	409.7	0		20	20260825-214124
m;lg	68.5	271.4	347.5	151.7	175.2	388.4	438.3	0		21	20260825-214124
y,t/	75.6	206.6	305.9	176.9	197.1	311.1	435.1	0		22	20260825-214124
mih,	77.4	249.7	512.9	134.3	229.6	391.0	634.0	0		23	20260825-214124
.h;a	40.4	243.1	334.6	123.1	143.5	364.1	455.9	0		24	20260825-214124
lyjz	74.8	290.8	381.0	161.9	156.7	393.5	522.7	0		25	20260825-214124
fh,u	93.7	302.8	438.8	106.5	230.1	534.0	551.1	0		26	20260825-214124
ajro	78.9	222.5	316.5	96.5	170.5	324.0	424.2	0		27	20260825-214124
dn.f	86.6	236.3	350.4	102.2	162.9	372.5	458.3	0		28	20260825-214124
kv.n	42.2	225.5	414.4	73.9	174.5	409.0	521.5	0		29	20260825-214124
ageg	114.4	354.1	463.7	0.0	0.0	0.0	0.0	0		30	20260825-214124
;djs	95.3	221.1	323.3	129.3	167.4	328.0	427.4	0		31	20260825-214124
xxib	146.6	299.5	418.8	0.0	0.0	0.0	0.0	0		32	20260825-214124
;bz,	96.9	282.2	360.5	114.6	182.1	413.3	475.4	0		33	20260825-214124
g;wd	78.5	180.8	403.6	92.9	165.9	292.6	507.1	0		34	20260825-214124
afsx	72.9	216.3	441.7	179.9	221.7	319.8	557.0	0		35	20260825-214124
fw,n	47.9	182.1	341.4	138.0	164.8	300.3	451.8	0		36	20260825-214124
luam	37.6	179.2	298.8	124.5	135.4	291.8	407.4	0		37	20260825-214124
djvj	63.8	221.2	291.9	0.0	0.0	0.0	0.0	0		38	20260825-214124
/olq	89.3	345.1	0.0	177.0	223.3	0.0	0.0	1	/o;	39	20260825-214124
rusw	59.3	218.3	583.4	103.9	149.0	463.6	714.5	0		40	20260825-214124
q,fy	93.0	175.5	318.4	121.0	184.4	285.9	399.0	0		41	20260825-214124
oodm	165.6	327.6	474.3	0.0	0.0	0.0	0.0	0		42	20260825-214124
ns.c	69.6	206.5	329.8	91.3	159.1	336.0	415.7	0		43	20260825-214124
o/o.	224.1	406.1	677.3	0.0	0.0	0.0	0.0	0		44	20260825-214124
wmk/	67.1	196.2	379.6	101.1	174.4	345.6	526.4	0		45	20260825-214124
ipj/	86.2	267.6	492.4	153.0	191.9	386.8	611.3	0		46	20260825-214124
a,,s	171.0	317.1	458.1	0.0	0.0	0.0	0.0	0		47	20260825-214124
tb,.	220.8	330.1	452.5	76.4	319.1	571.2	598.9	0		48	20260825-214124
igy;	89.9	217.8	414.7	95.3	189.0	312.0	548.3	0		49	20260825-214124
wawr	99.6	381.0	458.0	0.0	0.0	0.0	0.0	0		50	20260825-214124
;h;;	37.7	268.6	437.7	0.0	0.0	0.0	0.0	0		51	20260825-214124
khzy	50.8	219.7	300.6	129.2	139.6	348.3	391.3	0		52	20260825-214124
zuav	86.5	249.6	372.5	109.1	178.1	386.2	390.4	0		53	20260825-214124
e;ti	67.4	194.7	275.9	90.0	156.1	307.0	379.6	0		54	20260825-214124
nuar	182.9	292.2	378.1	79.3	272.3	437.5	484.5	0		55	20260825-214124
/qky	75.7	237.8	312.7	124.3	191.3	377.1	425.1	0		56	20260825-214124
g.de	53.4	188.1	394.0	87.2	171.0	287.6	483.5	0		57	20260825-214124
jmzy	189.7	296.9	403.6	88.7	278.7	423.1	482.6	0		58	20260825-214124
gsxe	30.6	279.0	0.0	0.0	0.0	0.0	0.0	1	gss	59	20260825-214124
kne,	59.3	162.2	307.9	131.1	144.0	269.2	411.6	0		60	20260825-214124
tas;	55.5	242.6	393.1	142.7	229.3	388.0	513.5	0		61	20260825-214124
spcb	55.5	231.2	498.6	95.8	156.0	343.6	599.2	0		62	20260825-214124
loyj	199.5	372.5	703.0	97.3	296.7	497.6	830.1	0		63	20260825-214124
soqm	73.4	238.1	318.8	94.9	166.5	358.5	431.8	0		64	20260825-214124
/lqf	40.8	321.3	403.4	216.8	197.3	460.7	540.0	0		65	20260825-214124
sfjy	74.2	145.7	334.1	135.6	173.4	224.3	434.3	0		66	20260825-214124
,atg	75.5	221.0	416.8	109.2	209.9	313.6	536.8	0		67	20260825-214124
k.qx	54.9	178.3	451.4	173.3	201.0	307.0	574.5	0		68	20260825-214124
ukpq	50.5	192.7	0.0	188.2	0.0	0.0	0.0	1	ukq	69	20260825-214124
dg.n	81.3	146.6	320.7	127.2	191.8	316.4	441.9	0		70	20260825-214124
y,bi	86.7	268.1	327.2	177.0	181.8	355.1	438.2	0		71	20260825-214124
oa/f	91.6	212.4	314.3	104.7	191.3	355.4	421.1	0		72	20260825-214124
yqd,	66.6	272.6	352.8	94.9	186.8	366.2	482.2	0		73	20260825-214124
mtf/	58.9	261.2	337.1	102.4	149.3	390.6	509.1	0		74	20260825-214124
pwqt	88.4	150.3	343.5	130.9	208.9	283.1	463.8	0		75	20260825-214124
.hvg	69.7	151.1	354.7	166.5	161.9	259.3	468.3	0		76	20260825-214124
hchw	47.1	191.4	297.6	0.0	0.0	0.0	0.0	0		77	20260825-214124
jvmn	46.6	219.5	0.0	92.2	170.9	0.0	0.0	1	jvn	78	20260825-214124
stno	76.7	155.6	245.7	133.0	171.8	336.8	350.0	0		79	20260825-214124
jecg	26.3	233.4	355.3	101.0	96.6	380.0	468.9	0		80	20260825-214124
l/gp	210.9	423.5	588.6	123.4	368.3	549.4	714.1	0		81	20260825-214124
d.ex	64.2	196.2	402.0	88.4	190.9	264.3	513.2	0		82	20260825-214124
hfiu	86.4	199.1	277.2	114.8	192.6	352.3	409.8	0		83	20260825-214124
yt.j	92.6	192.5	325.3	87.2	181.7	361.8	463.8	0		84	20260825-214124
ranc	46.0	169.3	314.9	132.5	150.4	263.1	407.4	0		85	20260825-214124
qgwr	76.7	270.3	365.4	164.3	180.6	425.0	493.1	0		86	20260825-214124
zicm	59.1	190.1	279.8	93.5	145.1	286.5	389.5	0		87	20260825-214124
ubz;	51.1	215.9	279.6	99.9	132.8	350.7	378.6	0		88	20260825-214124
eql,	43.0	142.1	278.7	126.8	190.5	270.6	460.2	0		89	20260825-214124
;j,w	74.7	275.9	369.6	141.4	193.8	403.6	473.5	0		90	20260825-214124
.ldv	191.2	308.0	429.9	87.6	285.9	467.7	579.7	0		91	20260825-214124
jead	72.8	170.2	381.5	100.3	257.2	294.9	476.9	0		92	20260825-214124
qmjx	45.1	223.7	273.3	102.6	124.4	331.2	401.8	0		93	20260825-214124
hdpo	83.6	203.4	368.8	92.7	162.0	326.0	490.8	0		94	20260825-214124
wxoi	204.3	303.4	385.0	68.0	293.1	478.5	547.4	0		95	20260825-214124
fhf;	65.3	185.2	286.4	0.0	0.0	0.0	0.0	0		96	20260825-214124
obzl	57.3	216.3	309.8	83.9	139.9	353.3	414.0	0		97	20260825-214124
,cvc	60.2	151.4	337.6	0.0	0.0	0.0	0.0	0		98	20260825-214124
wblk	56.7	163.1	246.4	139.6	169.2	328.9	396.3	0		99	20260825-214124
izzc	120.9	294.9	537.5	0.0	0.0	0.0	0.0	0		100	20260825-214124
n/lm	64.9	248.1	368.5	150.3	182.2	430.5	533.6	0		101	20260825-214124
ca/h	56.0	165.9	269.8	120.1	204.0	338.5	372.5	0		102	20260825-214124
.yo;	211.3	316.3	597.1	127.3	393.0	435.5	738.0	0		103	20260825-214124
zhae	85.4	270.2	379.0	124.7	189.4	451.0	529.9	0		104	20260825-214124
lcmt	121.5	226.6	350.0	115.7	212.2	344.5	441.5	0		105	20260825-214124
dsuq	61.5	151.5	314.9	121.6	170.9	259.7	379.3	0		106	20260825-214124
/wxf	72.4	292.5	431.9	136.3	161.6	440.8	552.1	0		107	20260825-214124
vyrg	98.6	249.0	463.6	116.3	178.7	342.8	582.4	0		108	20260825-214124
ido/	77.6	187.4	411.2	93.8	164.9	301.1	544.4	0		109	20260825-214124
j,qc	93.1	175.5	433.0	192.6	258.5	314.4	559.9	0		110	20260825-214124
jgdc	82.7	239.1	442.3	105.1	190.0	326.3	551.4	0		111	20260825-214124
zpoo	109.8	286.8	441.9	0.0	0.0	0.0	0.0	0		112	20260825-214124
xtr,	203.4	391.4	507.2	119.4	307.4	496.7	634.6	0		113	20260825-214124
egah	73.1	243.9	320.0	125.3	168.5	353.3	415.4	0		114	20260825-214124
hxvw	76.8	339.4	603.9	116.4	192.5	596.9	747.7	0		115	20260825-214124
prvb	54.3	278.3	491.0	113.2	125.4	383.8	610.6	0		116	20260825-214124
vem;	98.1	180.9	370.7	172.9	219.3	334.7	503.0	0		117	20260825-214124
m.gb	51.0	165.8	373.7	180.6	176.4	260.6	496.1	0		118	20260825-214124
phsh	33.3	130.1	221.7	0.0	0.0	0.0	0.0	0		119	20260825-214124
et.g	94.6	120.0	454.5	144.1	171.4	281.6	564.5	0		120	20260825-214124
vg.t	191.5	250.2	418.1	99.0	274.8	390.5	510.0	0		121	20260825-214124
nk,d	85.1	248.3	453.1	176.8	170.8	358.0	559.8	0		122	20260825-214124
mydb	170.4	304.3	437.9	54.4	261.4	432.6	576.0	0		123	20260825-214124
vjy,	71.5	262.9	444.3	124.1	149.7	343.2	552.6	0		124	20260825-214124
th/,	39.5	190.3	430.6	105.7	169.3	354.0	555.3	0		125	20260825-214124
;nff	73.1	195.6	364.1	0.0	0.0	0.0	0.0	0		126	20260825-214124
wot.	90.6	227.6	332.5	104.3	162.6	322.6	445.3	0		127	20260825-214124
;t,i	118.1	232.3	412.3	112.9	204.8	296.2	493.3	0		128	20260825-214124
lihz	54.8	182.3	331.6	149.3	166.9	326.1	467.8	0		129	20260825-214124
,gnx	87.1	209.5	367.8	97.9	188.7	320.9	490.6	0		130	20260825-214124
ol.x	205.1	402.2	645.0	88.7	266.7	543.8	763.6	0		131	20260825-214124
gzpw	48.7	178.3	331.5	134.5	171.3	268.9	417.4	0		132	20260825-214124
;.df	237.1	382.9	534.7	0.0	0.0	0.0	0.0	1	;.dd	133	20260825-214124
dwub	6.2	134.1	285.6	88.4	109.9	235.2	417.7	0		134	20260825-214124
sszl	150.4	372.9	445.0	0.0	0.0	0.0	0.0	0		135	20260825-214124
fr//	177.2	265.3	451.9	0.0	0.0	0.0	0.0	0		136	20260825-214124
kmfy	49.5	141.2	281.2	121.2	146.1	256.9	388.0	0		137	20260825-214124
..rc	158.5	257.9	460.9	0.0	0.0	0.0	0.0	0		138	20260825-214124
dv/t	15.2	169.7	320.1	100.6	147.8	294.6	413.5	0		139	20260825-214124
zngw	117.7	228.8	369.7	131.4	215.9	399.1	509.8	0		140	20260825-214124
xfz;	69.2	274.4	328.7	134.6	159.2	401.9	426.8	0		141	20260825-214124
/wgl	83.2	197.3	264.7	110.5	192.0	310.1	391.6	0		142	20260825-214124
eqmx	64.3	194.5	369.5	118.5	181.5	318.5	471.3	0		143	20260825-214124
hgqt	83.0	204.7	334.3	95.4	178.8	384.9	458.2	0		144	20260825-214124
;z;w	70.0	196.1	337.7	0.0	0.0	0.0	0.0	0		145	20260825-214124
y;l.	78.8	327.2	332.0	156.2	224.7	500.5	428.2	0		146	20260825-214124
ghtq	88.3	219.7	335.8	98.3	186.9	399.7	501.8	0		147	20260825-214124
i;;k	240.8	398.5	606.6	0.0	0.0	0.0	0.0	0		148	20260825-214124
t;y/	67.6	203.3	354.6	108.1	159.0	316.9	512.6	0		149	20260825-214124
/vti	52.6	267.3	297.5	117.4	146.8	354.4	418.5	0		150	20260825-214124
vhky	89.3	242.5	352.5	133.7	184.7	409.7	430.7	0		151	20260825-214124
jx;f	49.2	165.6	269.9	99.8	152.0	279.7	381.0	0		152	20260825-214124
zwfm	281.0	368.3	483.7	181.2	408.4	495.5	605.5	0		153	20260825-214124
,zez	57.2	248.3	0.0	0.0	0.0	0.0	0.0	1	,zz	154	20260825-214124
gaxh	72.0	290.9	0.0	140.0	187.0	0.0	0.0	1	gaz	155	20260825-214124
,ull	90.7	275.3	433.0	0.0	0.0	0.0	0.0	0		156	20260825-214124
zl;n	153.6	236.3	505.9	169.9	365.4	403.2	614.2	0		157	20260825-214124
hnzu	188.7	294.6	393.6	82.9	265.3	428.8	492.0	0		158	20260825-214124
jgkp	72.7	203.5	384.0	91.3	179.7	322.6	490.2	0		159	20260825-214124
m.ly	65.3	286.0	356.5	181.3	144.6	421.8	462.3	0		160	20260825-214124
wgm/	78.2	171.0	269.2	137.9	193.5	350.5	403.7	0		161	20260825-214124
/cg.	99.3	250.9	385.0	120.9	225.7	379.5	537.6	0		162	20260825-214124
kwwm	119.7	267.7	414.0	0.0	0.0	0.0	0.0	0		163	20260825-214124
qns/	65.6	220.0	283.7	105.8	137.7	332.3	384.0	0		164	20260825-214124
stlo	81.0	115.2	287.7	131.1	175.4	180.2	382.9	0		165	20260825-214124
vxjx	65.5	145.0	274.1	0.0	0.0	0.0	0.0	0		166	20260825-214124
qkfv	80.3	260.8	489.0	125.2	156.8	366.6	601.1	0		167	20260825-214124
qr/.	60.5	160.0	431.1	191.9	177.6	280.2	571.7	0		168	20260825-214124
ks.v	79.7	207.7	310.6	88.5	186.1	347.5	450.6	0		169	20260825-214124
wtj;	61.8	107.5	196.7	140.1	182.1	253.5	334.0	0		170	20260825-214124
nizo	91.8	204.0	305.0	158.4	213.1	326.0	428.1	0		171	20260825-214124
edjc	185.3	262.2	401.8	65.3	253.7	385.2	499.8	0		172	20260825-214124
orh/	86.5	213.2	368.6	104.2	199.1	363.4	500.0	0		173	20260825-214124
sggz	223.2	398.7	626.9	0.0	0.0	0.0	0.0	0		174	20260825-214124
qjld	97.8	206.4	302.2	118.7	194.6	340.5	400.8	0		175	20260825-214124
bgjh	183.1	270.2	442.0	71.3	276.4	354.8	546.6	0		176	20260825-214124
kbes	0.0	0.0	0.0	0.0	0.0	0.0	0.0	1	b	177	20260825-214124
j;zs	70.6	225.0	468.8	136.6	186.1	417.7	598.4	0		178	20260825-214124
ho..	70.5	290.2	457.1	0.0	0.0	0.0	0.0	0		179	20260825-214124
jujr	154.0	347.6	457.3	0.0	0.0	0.0	0.0	0		180	20260825-214124
eirm	54.7	187.6	267.7	91.6	138.5	294.6	386.8	0		181	20260825-214124
,ele	100.9	215.1	288.1	0.0	0.0	0.0	0.0	0		182	20260825-214124
l;yg	86.3	240.8	343.3	175.0	198.2	349.6	439.7	0		183	20260825-214124
jgag	105.5	226.8	368.1	0.0	0.0	0.0	0.0	0		184	20260825-214124
rmhc	89.2	241.5	300.8	81.1	142.4	341.8	409.0	0		185	20260825-214124
kv;a	38.1	180.3	246.5	76.8	143.8	284.8	345.5	0		186	20260825-214124
z/yb	83.1	255.9	260.3	116.0	181.1	331.3	373.5	0		187	20260825-214124
ot,n	65.6	248.6	457.4	96.2	162.0	358.6	584.3	0		188	20260825-214124
;oca	165.1	352.4	444.8	100.4	265.8	483.6	583.8	0		189	20260825-214124
iqay	56.1	278.5	339.6	109.2	151.5	384.6	432.1	0		190	20260825-214124
nd,l	95.2	201.5	358.7	88.9	180.1	342.8	487.9	0		191	20260825-214124
rxes	214.7	439.5	548.7	98.6	314.4	595.6	675.2	0		192	20260825-214124
s,al	92.1	200.1	265.4	98.6	173.0	325.9	398.9	0		193	20260825-214124
bxtz	40.9	276.2	365.6	109.3	158.7	429.5	528.5	0		194	20260825-214124
dcyu	182.9	292.4	454.5	61.3	254.9	374.5	586.7	0		195	20260825-214124
aeth	72.9	194.6	295.5	126.8	184.6	312.2	403.6	0		196	20260825-214124
rp.f	39.3	268.0	360.0	105.3	114.8	395.0	455.4	0		197	20260825-214124
vabq	68.1	350.7	0.0	136.8	180.0	0.0	0.0	1	vaq	198	20260825-214124
ydk/	83.5	210.5	485.2	95.4	169.8	532.3	589.8	0		199	20260825-214124
klvn	57.7	209.2	321.3	170.4	182.8	348.0	443.1	0		200	20260825-214124
geag	91.4	133.3	321.0	0.0	0.0	0.0	0.0	0		201	20260825-214124
xy/f	51.1	195.1	311.2	107.0	163.2	315.6	424.9	0		202	20260825-214124
lnhb	83.8	249.9	300.0	164.0	168.7	368.1	417.5	0		203	20260825-214124
pi.t	34.3	310.1	421.0	80.0	187.1	464.9	514.2	0		204	20260825-214124
spmt	81.0	172.9	294.7	97.2	221.9	311.7	393.2	0		205	20260825-214124
b;w.	73.9	177.8	294.7	91.7	162.0	290.3	422.0	0		206	20260825-214124
mhjk	174.4	386.3	474.3	103.1	269.0	547.2	617.9	0		207	20260825-214124
d/sf	66.0	182.6	300.5	83.2	187.9	370.5	428.7	0		208	20260825-214124
zx;f	56.7	175.6	283.1	182.7	161.8	277.6	387.2	0		209	20260825-214124
cl/k	88.2	325.8	550.3	106.6	198.4	443.7	698.3	0		210	20260825-214124
vdz,	48.3	259.0	391.0	152.8	178.1	385.5	500.0	0		211	20260825-214124
s/in	74.3	255.5	312.6	113.4	193.0	427.4	436.8	0		212	20260825-214124
qmpa	81.6	171.2	289.6	120.2	207.0	280.8	408.4	0		213	20260825-214124
wjs;	65.4	205.6	246.1	91.4	162.3	321.6	361.1	0		214	20260825-214124
gqfp	62.4	258.1	327.3	138.4	173.2	373.8	411.6	0		215	20260825-214124
milb	72.2	190.4	313.5	149.9	207.5	336.3	405.7	0		216	20260825-214124
xgjf	35.6	153.2	295.3	146.0	133.0	259.6	408.1	0		217	20260825-214124
nsje	63.9	227.9	330.2	92.0	172.2	338.6	423.9	0		218	20260825-214124
rksu	94.4	216.5	286.6	89.7	176.5	331.9	395.6	0		219	20260825-214124
ts/q	26.2	153.4	278.0	115.5	121.2	272.9	384.4	0		220	20260825-214124
chv,	61.1	222.4	298.4	87.6	155.1	0.0	0.0	1	chv.	221	20260825-214124
,sis	104.0	215.6	284.7	0.0	0.0	0.0	0.0	0		222	20260825-214124
qmlj	80.6	214.2	337.0	123.7	194.3	374.9	494.6	0		223	20260825-214124
eabw	69.0	291.6	403.7	132.5	189.2	500.8	547.4	0		224	20260825-214124
o;vc	42.9	255.6	384.3	159.2	165.7	452.0	494.9	0		225	20260825-214124
ij/u	68.6	268.6	352.4	164.5	212.5	451.2	472.8	0		226	20260825-214124
cy,x	75.1	252.0	495.6	117.7	166.5	417.8	611.8	0		227	20260825-214124
sucj	83.6	205.2	308.4	92.9	175.5	318.6	413.7	0		228	20260825-214124
mjiz	172.2	228.6	407.7	89.3	329.5	345.8	532.0	0		229	20260825-214124
ekvc	74.9	258.9	391.2	99.0	172.7	474.5	519.2	0		230	20260825-214124
syng	73.1	290.7	350.5	124.9	159.2	393.2	462.9	0		231	20260825-214124
ynyv	215.7	458.5	560.8	0.0	0.0	0.0	0.0	0		232	20260825-214124
loku	203.5	431.5	489.2	89.9	283.3	600.0	628.2	0		233	20260825-214124
qpm.	68.9	230.5	387.1	107.0	154.4	414.0	541.0	0		234	20260825-214124
va,r	60.1	164.3	315.4	139.6	178.5	272.1	404.5	0		235	20260825-214124
ac/t	44.8	194.1	0.0	0.0	0.0	0.0	0.0	1	acc	236	20260825-214124
vyji	56.9	242.0	318.2	123.7	143.7	423.4	453.7	0		237	20260825-214124
uj;l	241.6	301.8	551.2	117.6	401.6	465.7	722.8	0		238	20260825-214124
d;je	83.1	148.2	253.7	78.6	188.8	273.3	343.0	0		239	20260825-214124
ev;w	33.5	155.4	273.7	0.0	0.0	0.0	0.0	1	ev;e	240	20260825-214124
uemn	84.8	258.0	403.2	105.4	162.3	312.4	511.1	0		241	20260825-214124
anvo	66.6	240.5	320.1	112.1	156.8	361.8	417.4	0		242	20260825-214124
todz	56.1	280.2	306.4	100.9	141.9	396.2	466.2	0		243	20260825-214124
w/w.	54.5	189.2	267.4	0.0	0.0	0.0	0.0	0		244	20260825-214124
/lam	158.7	239.0	322.6	94.9	263.0	355.0	450.4	0		245	20260825-214124
lvzc	45.2	253.6	429.5	110.6	153.4	423.2	532.2	0		246	20260825-214124
toxo	80.3	212.9	270.2	0.0	0.0	0.0	0.0	0		247	20260825-214124
zbhw	86.0	189.3	332.4	163.0	209.2	293.2	443.3	0		248	20260825-214124
th/h	47.2	182.9	322.4	0.0	0.0	0.0	0.0	0		249	20260825-214124
rtrv	185.3	366.7	645.8	0.0	0.0	0.0	0.0	0		250	20260825-214124
vrd,	211.6	429.7	491.9	100.1	309.3	525.0	624.6	0		251	20260825-214124
anvy	86.0	211.1	309.7	130.2	164.6	349.8	408.8	0		252	20260825-214124
sid,	61.1	176.3	309.0	92.5	144.2	276.9	436.2	0		253	20260825-214124
qwpa	66.5	193.0	350.3	175.1	180.0	301.0	478.9	0		254	20260825-214124
csp,	41.5	208.0	394.2	0.0	0.0	0.0	0.0	1	cspp	255	20260825-214124
.n/;	60.1	260.8	435.7	134.2	172.5	354.0	558.3	0		256	20260825-214124
slmi	54.3	214.5	327.4	114.3	169.8	410.8	464.4	0		257	20260825-214124
qal/	211.6	305.4	0.0	96.8	0.0	0.0	0.0	1	qa;	258	20260825-214124
;llr	198.7	352.2	480.7	0.0	0.0	0.0	0.0	0		259	20260825-214124
;kpw	103.7	305.8	401.2	143.1	259.3	436.4	506.2	0		260	20260825-214124
zp.l	52.3	276.7	464.4	132.7	146.8	361.9	574.8	0		261	20260825-214124
;aga	67.4	241.3	340.1	0.0	0.0	0.0	0.0	0		262	20260825-214124
f;ju	23.9	202.4	368.5	116.7	136.6	287.8	475.6	0		263	20260825-214124
bb,t	164.4	311.5	420.8	0.0	0.0	0.0	0.0	0		264	20260825-214124
uzsf	73.8	290.3	375.7	103.3	217.1	434.9	521.2	0		265	20260825-214124
ltwh	64.5	225.3	294.6	99.2	149.8	358.8	398.8	0		266	20260825-214124
g/ur	40.6	191.1	329.6	110.0	162.9	335.3	433.0	0		267	20260825-214124
orwn	65.4	226.1	274.0	91.4	155.3	352.0	391.1	0		268	20260825-214124
jjai	129.8	255.2	365.0	0.0	0.0	0.0	0.0	0		269	20260825-214124
,ugh	52.0	168.6	268.6	114.1	159.0	275.6	375.6	0		270	20260825-214124
.ijh	242.5	325.4	534.9	118.5	392.4	433.4	649.5	0		271	20260825-214124
cafu	72.5	236.2	321.3	120.1	196.1	355.3	435.0	0		272	20260825-214124
ehmb	86.3	297.7	441.0	81.6	166.5	413.5	527.4	0		273	20260825-214124
ekgd	103.7	231.1	535.0	94.0	206.6	414.5	0.0	1	ekgc	274	20260825-214124
kovm	22.8	159.9	275.6	154.3	148.4	0.0	0.0	1	kovn	275	20260825-214124
pv;j	83.6	231.2	326.5	91.1	205.1	396.7	459.8	0		276	20260825-214124
ldsq	111.2	230.4	0.0	96.2	0.0	0.0	0.0	1	ldw	277	20260825-214124
q,gl	82.3	231.2	296.0	120.8	174.1	325.7	428.5	0		278	20260825-214124
qbvk	63.0	266.9	348.1	124.1	190.4	408.0	442.9	0		279	20260825-214124
wpum	53.3	179.1	387.8	100.5	174.2	255.6	506.6	0		280	20260825-214124
mmmm	137.0	267.5	386.2	0.0	0.0	0.0	0.0	0		281	20260825-214124
..,p	154.4	365.2	598.0	0.0	0.0	0.0	0.0	0		282	20260825-214124
,ebb	102.4	270.1	449.0	0.0	0.0	0.0	0.0	0		283	20260825-214124
iycy	74.8	214.9	265.8	0.0	0.0	0.0	0.0	0		284	20260825-214124
bhjl	38.2	265.4	368.3	105.9	119.0	445.9	490.5	0		285	20260825-214124
mhlb	148.6	270.8	379.0	79.4	240.0	387.0	476.5	0		286	20260825-214124
,gq.	66.9	146.4	232.3	102.5	227.3	271.9	369.6	0		287	20260825-214124
jrvm	52.5	266.2	297.8	80.9	137.9	384.7	407.4	0		288	20260825-214124
ssln	169.8	318.0	394.1	0.0	0.0	0.0	0.0	0		289	20260825-214124
xw/p	214.5	302.7	549.5	100.0	316.2	418.2	652.0	0		290	20260825-214124
m,;w	5.8	227.3	341.8	131.8	183.0	337.2	448.8	0		291	20260825-214124
rybc	85.9	257.4	423.3	90.7	171.7	433.2	525.6	0		292	20260825-214124
govy	66.8	232.2	345.8	101.2	172.2	352.2	434.2	0		293	20260825-214124
bwbs	61.5	279.3	343.3	0.0	0.0	0.0	0.0	0		294	20260825-214124
;vpk	70.8	228.4	401.6	98.5	193.1	365.1	523.8	0		295	20260825-214124
/dew	74.9	286.1	371.4	120.9	150.1	409.2	516.7	0		296	20260825-214124
rpo/	107.1	286.8	523.3	102.9	200.9	394.3	0.0	1	rpo.	297	20260825-214124
cr,p	52.3	109.6	200.2	166.6	185.4	271.4	352.3	0		298	20260825-214124
jrdz	72.9	316.4	370.2	98.3	172.8	438.0	536.2	0		299	20260825-214124
aamz	186.8	289.2	435.2	0.0	0.0	0.0	0.0	0		300	20260825-214124
ahmi	82.7	255.2	307.3	136.1	140.9	428.6	435.6	0		301	20260825-214124
my.q	186.0	360.0	497.1	80.0	266.4	509.5	604.4	0		302	20260825-214124
xyi.	86.7	171.7	388.7	121.9	236.0	288.7	0.0	1	xyiz	303	20260825-214124
.,pe	82.4	298.1	391.8	155.0	181.4	401.0	471.5	0		304	20260825-214124
ig.t	91.5	236.0	331.7	86.2	183.7	384.3	425.4	0		305	20260825-214124
tp,i	21.9	234.8	407.6	102.3	114.7	321.2	498.6	0		306	20260825-214124
maer	75.0	232.2	293.5	100.9	173.0	361.7	437.3	0		307	20260825-214124
h,sj	79.3	147.8	270.3	154.3	218.4	260.3	414.0	0		308	20260825-214124
tnul	57.0	235.9	375.4	90.8	135.8	370.2	501.3	0		309	20260825-214124
iwdh	67.5	218.0	277.9	109.8	154.9	345.4	399.6	0		310	20260825-214124
ste,	130.8	217.5	304.0	138.5	275.2	343.0	433.1	0		311	20260825-214124
ppwu	121.9	308.0	418.3	0.0	0.0	0.0	0.0	0		312	20260825-214124
j/qp	61.9	272.9	0.0	148.6	166.7	0.0	0.0	1	j/p	313	20260825-214124
;qyr	42.4	160.1	231.3	95.7	143.0	256.2	346.6	0		314	20260825-214124
c,e/	94.3	205.5	299.0	73.0	197.8	314.2	404.4	0		315	20260825-214124
,lp;	87.1	333.5	579.1	207.3	235.3	457.1	0.0	0		316	20260825-214124
uvxe	52.5	287.4	508.3	104.5	179.5	427.0	596.4	0		317	20260825-214124
jxjx	82.8	186.4	262.4	0.0	0.0	0.0	0.0	0		318	20260825-214124
xzk.	65.0	188.6	392.4	158.8	197.7	295.2	521.7	0		319	20260825-214124
inoi	80.0	167.4	348.1	0.0	0.0	0.0	0.0	0		320	20260825-214124
ruzw	58.6	228.2	410.7	116.5	153.5	368.1	500.7	0		321	20260825-214124
evcb	49.3	275.7	0.0	97.2	168.0	0.0	0.0	1	evd	322	20260825-214124
ee/q	128.7	239.6	340.9	0.0	0.0	0.0	0.0	0		323	20260825-214124
tbgl	204.1	395.1	455.9	76.4	285.2	477.7	559.7	0		324	20260825-214124
kcg/	27.5	176.5	233.5	81.1	115.0	275.2	356.9	0		325	20260825-214124
ssdf	153.9	378.9	454.9	0.0	0.0	0.0	0.0	0		326	20260825-214124
fk;s	113.7	174.5	317.7	97.4	215.3	323.2	424.8	0		327	20260825-214124
;wfy	80.9	166.0	233.3	104.8	177.2	266.7	328.4	0		328	20260825-214124
sntr	71.9	266.1	439.2	77.4	161.7	353.7	533.1	0		329	20260825-214124
hkg/	47.8	140.4	252.8	129.4	174.5	224.4	375.8	0		330	20260825-214124
mh.z	149.1	267.6	450.6	75.9	238.2	414.4	577.1	0		331	20260825-214124
ck/k	67.1	148.4	321.9	0.0	0.0	0.0	0.0	0		332	20260825-214124
.jef	76.2	130.7	193.9	125.1	169.7	244.6	323.6	0		333	20260825-214124
wkzf	45.9	228.8	297.0	82.2	129.2	387.1	397.1	0		334	20260825-214124
blue	69.6	123.3	214.4	82.7	173.5	228.6	283.7	0		335	20260825-214124
yl;w	90.6	217.8	325.7	151.6	193.4	377.4	430.0	0		336	20260825-214124
ra;u	56.0	131.9	210.8	124.4	173.0	254.1	314.5	0		337	20260825-214124
obxs	50.1	217.8	0.0	89.2	123.5	0.0	0.0	1	obs	338	20260825-214124
yner	192.7	226.8	315.4	74.7	279.7	372.6	424.5	0		339	20260825-214124
hx,z	99.8	217.0	335.6	88.1	185.4	316.7	443.8	0		340	20260825-214124
mwhh	71.5	190.5	334.9	0.0	0.0	0.0	0.0	0		341	20260825-214124
,uhw	70.3	216.3	329.4	132.0	126.1	321.5	418.1	0		342	20260825-214124
vp.g	49.7	276.2	323.5	137.4	132.5	390.5	412.2	0		343	20260825-214124
ii;u	138.4	341.1	418.2	0.0	0.0	0.0	0.0	0		344	20260825-214124
qxve	216.3	463.3	504.8	107.3	315.0	703.3	569.0	0		345	20260825-214124
xn/j	42.1	196.1	460.3	92.8	152.3	424.1	633.5	0		346	20260825-214124
g.u.	68.8	217.2	373.5	0.0	0.0	0.0	0.0	0		347	20260825-214124
ccjd	155.8	235.4	365.8	0.0	0.0	0.0	0.0	0		348	20260825-214124
afve	94.8	395.3	411.2	132.5	256.5	538.2	622.7	0		349	20260825-214124
egtv	50.3	230.2	320.7	0.0	0.0	0.0	0.0	1	egtt	350	20260825-214124
qz./	219.2	316.8	490.8	68.3	341.1	417.9	621.8	0		351	20260825-214124
sfto	83.3	249.3	282.6	110.4	161.8	355.7	379.9	0		352	20260825-214124
vrvy	203.9	420.9	513.9	0.0	0.0	0.0	0.0	0		353	20260825-214124
gy;,	52.7	180.7	468.6	122.0	227.0	281.5	562.2	0		354	20260825-214124
nuje	182.4	362.4	428.3	82.4	256.5	452.1	503.5	0		355	20260825-214124
v/c/	112.2	236.0	321.2	0.0	0.0	0.0	0.0	0		356	20260825-214124
f/ay	82.4	167.4	278.2	87.8	173.3	294.3	370.3	0		357	20260825-214124
zivt	72.4	206.2	393.9	113.0	154.9	303.9	483.6	0		358	20260825-214124
dwpz	22.1	144.6	289.4	93.7	127.5	241.2	423.8	0		359	20260825-214124
;avl	69.2	190.7	289.4	96.2	182.1	320.4	401.9	0		360	20260825-214124
iz;;	59.2	191.4	356.0	0.0	0.0	0.0	0.0	0		361	20260825-214124
qq/e	165.4	282.0	394.1	0.0	0.0	0.0	0.0	0		362	20260825-214124
uqov	51.8	153.5	272.7	81.7	158.9	248.1	406.1	0		363	20260825-214124
sbzl	54.4	282.9	341.9	147.7	193.5	426.2	421.4	0		364	20260825-214124
lia.	106.7	207.2	356.6	191.7	221.1	333.2	475.5	0		365	20260825-214124
qech	73.8	313.9	360.2	150.8	163.7	410.2	459.5	0		366	20260825-214124
nmqk	175.3	277.1	363.5	82.1	272.3	379.2	452.2	0		367	20260825-214124
ntdb	71.8	327.1	398.6	108.4	154.1	433.0	510.0	0		368	20260825-214124
rn,w	54.2	242.6	298.9	100.5	142.2	308.9	391.9	0		369	20260825-214124
r,,/	102.8	237.7	430.1	0.0	0.0	0.0	0.0	0		370	20260825-214124
zjig	87.5	155.7	348.3	111.7	243.2	267.9	451.9	0		371	20260825-214124
wp.d	20.7	241.7	331.8	96.8	105.7	350.9	384.5	0		372	20260825-214124
doab	78.2	124.7	330.1	69.6	164.4	227.2	439.2	0		373	20260825-214124
afsw	81.3	209.8	390.0	136.5	175.9	294.6	488.6	0		374	20260825-214124
d,me	111.3	259.1	341.0	71.0	190.9	373.9	407.9	0		375	20260825-214124
s.uu	81.9	254.7	385.5	0.0	0.0	0.0	0.0	0		376	20260825-214124
oper	49.4	129.5	199.8	136.3	162.4	250.9	299.6	0		377	20260825-214124
jeyv	86.3	186.6	287.5	81.6	169.9	271.7	415.2	0		378	20260825-214124
pim;	40.5	175.2	367.8	115.6	191.4	326.7	459.3	0		379	20260825-214124
t/bk	57.3	237.7	305.3	76.2	163.4	340.9	394.5	0		380	20260825-214124
,m/c	53.2	235.1	475.2	133.1	189.9	396.0	571.7	0		381	20260825-214124
kwnb	67.7	205.0	341.1	95.0	166.8	323.8	456.3	0		382	20260825-214124
mnh.	168.7	352.3	494.0	74.7	248.1	442.3	0.0	1	mnhb	383	20260825-214124
bgid	185.6	273.2	388.5	85.8	266.2	358.5	471.0	0		384	20260825-214124
pgy.	88.9	202.1	360.3	106.3	207.0	280.3	500.9	0		385	20260825-214124
gumx	62.4	288.5	347.9	125.2	172.4	401.4	456.2	0		386	20260825-214124
m,mc	60.0	224.4	340.5	0.0	0.0	0.0	0.0	0		387	20260825-214124
xokm	44.5	206.6	413.3	94.1	152.7	342.7	481.3	0		388	20260825-214124
w;qo	75.8	209.1	282.4	98.4	162.5	344.6	390.2	0		389	20260825-214124
aoan	21.6	181.3	238.8	0.0	0.0	0.0	0.0	0		390	20260825-214124
;q,x	58.7	211.5	313.1	105.8	162.2	328.6	414.9	0		391	20260825-214124
doe;	117.4	205.2	312.8	98.3	200.1	294.4	423.9	0		392	20260825-214124
y;fi	58.4	143.3	250.4	136.1	182.0	244.7	369.8	0		393	20260825-214124
gjsw	75.8	200.3	410.9	97.6	170.5	287.4	539.2	0		394	20260825-214124
jzn.	65.2	223.8	405.6	91.2	200.8	326.9	541.7	0		395	20260825-214124
;qky	27.0	178.5	263.9	99.6	142.3	339.0	383.4	0		396	20260825-214124
vmby	67.4	204.3	272.6	107.3	141.5	300.1	360.5	0		397	20260825-214124
schi	164.5	190.9	269.8	82.0	251.2	349.2	387.0	0		398	20260825-214124
scyp	47.6	145.1	204.2	129.7	134.3	271.5	327.1	0		399	20260825-214124
r,kp	69.1	188.1	0.0	108.1	0.0	0.0	0.0	1	r,l	400	20260825-214124
etla	55.0	128.1	245.3	116.3	138.5	230.5	364.4	0		401	20260825-214124
zcuw	70.4	173.8	335.5	178.5	167.1	275.2	434.8	0		402	20260825-214124
jtio	110.8	158.9	313.9	115.9	204.0	411.1	463.3	0		403	20260825-214124
kivg	154.4	250.0	457.5	70.1	255.6	350.3	544.8	0		404	20260825-214124
;grx	71.8	261.6	463.2	90.2	164.4	353.5	575.6	0		405	20260825-214124
pjt;	56.4	174.7	280.7	108.0	169.1	270.3	385.3	0		406	20260825-214124
zcbl	95.7	290.9	369.9	139.0	204.4	414.8	465.1	0		407	20260825-214124
zho,	78.1	156.5	385.2	137.0	218.3	255.9	487.2	0		408	20260825-214124
po/p	36.0	286.6	483.1	0.0	0.0	0.0	0.0	0		409	20260825-214124
zydv	100.4	225.9	419.9	113.5	181.1	328.3	558.4	0		410	20260825-214124
ywdy	67.9	218.7	256.3	0.0	0.0	0.0	0.0	0		411	20260825-214124
edtn	178.4	322.9	377.3	66.9	250.3	415.5	463.1	0		412	20260825-214124
then	95.2	176.3	259.0	83.2	160.9	275.5	363.2	0		413	20260825-214124
lqsv	5.9	225.0	295.6	92.7	125.5	365.2	438.4	0		414	20260825-214124
,;i;	93.4	303.4	441.6	0.0	0.0	0.0	0.0	0		415	20260825-214124
cmcf	68.1	176.3	338.5	0.0	0.0	0.0	0.0	0		416	20260825-214124
;h/i	7.5	260.0	407.2	130.6	151.9	364.4	505.5	0		417	20260825-214124
zec.	147.1	351.1	418.3	151.7	221.8	448.7	515.0	0		418	20260825-214124
lcp,	91.1	213.0	454.3	108.2	174.0	331.5	0.0	1	lcpk	419	20260825-214124
d/e.	73.7	205.7	253.4	78.6	164.2	300.8	372.6	0		421	20260825-214124
wuck	65.5	183.8	251.0	73.9	147.7	287.5	329.3	0		422	20260825-214124
obvl	69.1	221.8	270.0	95.3	141.6	314.9	350.4	0		423	20260825-214124
sbvs	94.2	322.2	458.6	0.0	0.0	0.0	0.0	0		424	20260825-214124
dwnm	50.2	142.0	289.5	118.6	166.7	230.6	424.6	0		425	20260825-214124
.gzo	87.4	162.2	255.1	98.2	193.7	283.8	341.9	0		426	20260825-214124
afve	96.6	244.4	262.8	126.6	185.9	382.3	443.6	0		427	20260825-214124
r.ns	22.4	164.4	222.6	68.3	115.3	250.7	319.6	0		428	20260825-214124
cy.f	29.8	151.5	203.1	84.3	88.7	278.9	289.1	0		429	20260825-214124
yn;v	206.8	329.7	479.9	91.8	305.6	458.0	0.0	1	yn;x	430	20260825-214124
;sul	135.7	164.4	253.5	79.8	228.3	315.6	392.7	0		431	20260825-214124
p,hi	203.1	356.4	473.1	75.7	282.8	535.7	571.8	0		432	20260825-214124
e/.y	70.7	170.8	364.3	92.3	151.7	414.4	486.1	0		433	20260825-214124
wlbo	57.6	204.8	261.1	97.0	140.8	313.7	368.3	0		434	20260825-214124
w.qe	55.5	225.9	398.5	93.3	167.9	446.6	490.8	0		435	20260825-214124
fdmq	0.0	0.0	0.0	0.0	0.0	0.0	0.0	1	d	436	20260825-214124
hfrq	60.4	254.1	385.0	112.2	148.2	404.2	510.2	0		437	20260825-214124
hclv	81.9	160.7	284.3	91.1	165.9	262.9	407.7	0		438	20260825-214124
usql	44.1	225.1	263.2	106.1	134.4	353.8	358.3	0		439	20260825-214124
lcgb	91.7	209.1	413.2	87.2	213.6	298.3	504.8	0		440	20260825-214124
gqu,	73.0	192.0	392.6	91.0	187.4	267.9	503.0	0		441	20260825-214124
.b;o	101.8	217.7	413.6	123.7	212.8	337.1	533.7	0		442	20260825-214124
g;,e	17.8	224.8	279.4	92.8	112.0	334.4	350.2	0		443	20260825-214124
tb/s	214.2	361.0	487.1	72.0	302.9	482.6	594.1	0		444	20260825-214124
pnvc	95.4	290.4	421.9	177.6	229.5	495.1	538.8	0		445	20260825-214124
ztwd	68.1	302.0	442.1	192.6	188.4	519.9	585.2	0		446	20260825-214124
bykd	52.5	238.0	316.1	92.6	128.8	346.2	400.3	0		447	20260825-214124
l.km	199.6	397.2	452.6	88.0	277.0	542.4	585.1	0		448	20260825-214124
l/sb	21.8	175.3	302.4	121.3	183.2	291.8	416.4	0		449	20260825-214124
qggv	220.0	369.0	621.2	0.0	0.0	0.0	0.0	0		450	20260825-214124
/xcv	144.1	217.3	237.0	107.8	292.4	339.4	382.9	0		451	20260825-214124
gxhv	70.7	144.3	273.3	105.2	160.5	236.0	389.5	0		452	20260825-214124
fodf	71.5	208.9	283.9	0.0	0.0	0.0	0.0	0		453	20260825-214124
dhle	79.2	153.5	240.1	72.1	200.9	250.8	337.8	0		454	20260825-214124
mr,u	80.9	179.5	284.1	105.0	167.7	376.6	414.8	0		455	20260825-214124
o,kh	180.0	382.6	535.7	79.8	266.4	597.1	675.0	0		456	20260825-214124
hwzs	73.7	322.8	442.4	114.4	174.6	524.4	551.3	0		457	20260825-214124
qv;/	40.3	99.8	332.8	119.3	203.2	208.6	447.6	0		458	20260825-214124
rdin	74.3	123.2	248.5	148.6	194.6	280.3	370.9	0		459	20260825-214124
oks;	57.2	163.3	264.3	131.5	187.5	269.6	394.7	0		460	20260825-214124
elkr	75.3	173.1	287.4	87.6	167.8	327.7	387.6	0		461	20260825-214124
urwj	101.5	259.8	339.7	123.2	194.8	0.0	0.0	1	urw,	462	20260825-214124
hyaf	157.6	253.3	341.1	71.5	240.7	393.0	488.2	0		463	20260825-214124
ep.g	49.3	277.5	344.5	95.4	146.7	405.0	443.9	0		464	20260825-214124
omyo	68.0	265.8	305.6	0.0	0.0	0.0	0.0	0		465	20260825-214124
do/d	58.8	235.9	326.1	0.0	0.0	0.0	0.0	0		466	20260825-214124
kdeq	101.1	294.0	367.4	108.4	185.7	432.3	513.3	0		467	20260825-214124
eszd	103.1	388.2	529.9	157.8	233.5	518.7	634.2	0		468	20260825-214124
/;ct	192.4	284.2	425.4	94.6	298.6	454.2	541.3	0		469	20260825-214124
zv,f	59.3	163.3	288.6	142.3	189.6	293.4	406.6	0		470	20260825-214124
ycru	66.1	182.8	304.8	94.1	219.5	299.1	429.8	0		471	20260825-214124
fbbb	197.1	372.9	547.6	0.0	0.0	0.0	0.0	0		472	20260825-214124
jlx;	66.9	166.0	315.7	136.7	212.0	275.1	419.6	0		473	20260825-214124
p;ej	177.6	270.3	384.9	83.6	283.7	349.9	515.7	0		474	20260825-214124
eawj	77.1	302.7	392.7	124.7	205.2	405.0	482.9	0		475	20260825-214124
wgcr	83.6	305.3	428.0	129.7	181.0	492.5	525.9	0		476	20260825-214124
jvdy	38.6	201.2	258.8	104.2	141.1	279.6	350.5	0		477	20260825-214124
.v/h	87.5	237.8	469.1	109.4	216.1	425.0	604.2	0		478	20260825-214124
rxpf	72.8	173.8	297.6	141.4	181.7	277.6	408.6	0		479	20260825-214124
gpeo	61.4	188.4	246.6	101.2	148.1	261.5	355.3	0		480	20260825-214124
,kuu	183.5	351.3	501.3	0.0	0.0	0.0	0.0	0		481	20260825-214124
vnok	59.2	145.6	348.1	115.6	199.2	284.5	445.0	0		482	20260825-214124
kfan	61.7	175.8	250.7	94.1	149.9	311.1	354.4	0		483	20260825-214124
q,pz	49.3	218.3	320.2	124.0	155.3	328.7	462.1	0		484	20260825-214124
o/fc	47.7	178.0	248.1	171.5	186.7	319.2	397.6	0		485	20260825-214124
bsui	142.7	228.4	316.1	50.5	275.3	419.0	439.1	0		486	20260825-214124
m/gf	78.8	400.8	647.3	197.8	218.7	513.5	755.6	0		487	20260825-214124
jujy	155.9	331.1	568.5	0.0	0.0	0.0	0.0	0		488	20260825-214124
/vrm	89.2	299.0	383.1	117.4	178.7	393.5	478.1	0		489	20260825-214124
dcmi	186.6	280.5	354.7	72.4	264.2	444.4	471.1	0		490	20260825-214124
,nzz	95.0	187.3	367.0	0.0	0.0	0.0	0.0	0		491	20260825-214124
;j;k	55.7	242.6	426.7	0.0	0.0	0.0	0.0	0		492	20260825-214124
;,cx	129.7	354.9	0.0	147.8	272.1	0.0	0.0	1	;,x	493	20260825-214124
.er;	79.7	147.5	235.4	104.5	219.5	252.2	350.6	0		494	20260825-214124
zzem	166.0	382.6	469.2	0.0	0.0	0.0	0.0	0		495	20260825-214124
/yym	221.8	369.4	630.1	0.0	0.0	0.0	0.0	0		496	20260825-214124
clkb	65.0	176.6	304.5	95.0	155.2	321.9	411.0	0		497	20260825-214124
le,t	71.0	202.7	291.7	109.1	149.0	313.9	385.7	0		498	20260825-214124
udle	69.5	211.3	254.2	98.3	142.5	322.0	347.5	0		499	20260825-214124
spvd	52.8	187.3	308.7	99.9	139.3	361.4	416.8	0		500	20260825-214124
ysqv	74.0	577.7	846.2	115.0	174.3	681.9	994.1	0		501	20260825-214124
td;.	79.7	186.3	0.0	150.5	0.0	0.0	0.0	1	tdl	1	20260826-213130
//ud	150.8	361.4	470.6	0.0	0.0	0.0	0.0	0		2	20260826-213130
jy/o	180.8	345.6	622.7	98.0	283.8	474.1	748.9	0		3	20260826-213130
p;fh	226.9	377.7	492.0	129.8	354.9	477.8	601.6	0		4	20260826-213130
irz/	101.5	315.2	406.9	121.7	192.0	444.7	533.6	0		5	20260826-213130
zc;m	80.0	181.8	399.7	232.9	164.8	340.0	522.7	0		6	20260826-213130
/cqp	119.9	628.7	908.1	139.5	230.6	766.5	1013.7	0		7	20260826-213130
t;ol	77.0	308.5	513.9	105.0	210.7	402.9	635.9	0		8	20260826-213130
/ux/	74.1	204.8	318.2	0.0	0.0	0.0	0.0	0		9	20260826-213130
wqgj	95.8	339.9	441.0	205.0	224.9	460.0	549.8	0		10	20260826-213130
i.ad	163.2	238.0	375.8	201.8	202.4	475.8	538.5	0		11	20260826-213130
szo;	230.8	302.7	326.0	101.8	0.0	0.0	0.0	1	szoi	12	20260826-213130
x,sa	112.1	281.7	383.5	103.4	220.2	496.4	502.3	0		13	20260826-213130
ztj/	108.2	193.9	331.6	160.6	202.6	399.6	490.6	0		14	20260826-213130
fi,c	68.9	320.8	410.9	114.8	158.9	432.8	507.8	0		15	20260826-213130
bkza	102.9	250.8	533.9	102.2	179.1	390.8	650.9	0		16	20260826-213130
e,;/	78.1	164.0	437.6	100.6	255.7	298.6	531.5	0		17	20260826-213130
mkwt	66.9	159.8	258.9	163.5	162.6	332.2	377.9	0		18	20260826-213130
ipwf	46.1	0.0	0.0	0.0	0.0	0.0	0.0	1	iu	19	20260826-213130
dv;j	37.2	197.7	286.1	114.0	179.1	337.1	415.1	0		20	20260826-213130
wpb,	80.0	206.7	358.6	85.5	175.5	315.5	492.4	0		21	20260826-213130
rgyo	214.0	293.5	403.6	80.5	318.2	441.4	552.4	0		22	20260826-213130
hutu	164.9	325.5	370.6	0.0	0.0	0.0	0.0	0		23	20260826-213130
ai.w	95.1	287.2	399.9	129.0	200.3	438.1	489.0	0		24	20260826-213130
sic.	75.5	219.8	322.6	86.6	166.7	326.4	464.0	0		25	20260826-213130
ndou	85.0	227.8	286.8	97.5	174.9	356.7	422.9	0		26	20260826-213130
pru.	77.6	161.2	348.3	94.0	163.9	302.4	528.0	0		27	20260826-213130
hzfd	42.0	459.1	793.3	100.1	172.8	548.1	918.8	0		28	20260826-213130
kfbt	38.4	241.5	439.5	103.6	120.9	325.5	536.6	0		29	20260826-213130
dzgb	44.8	247.9	471.3	121.8	179.5	357.1	579.5	0		30	20260826-213130
xeia	212.2	282.7	448.1	83.2	285.9	399.0	557.9	0		31	20260826-213130
mpsz	59.9	149.4	371.2	157.7	189.8	264.2	484.4	0		32	20260826-213130
v//e	164.3	301.1	439.0	0.0	0.0	0.0	0.0	0		33	20260826-213130
fcac	19.0	287.2	451.9	0.0	0.0	0.0	0.0	0		34	20260826-213130
pheo	90.3	187.3	285.4	160.0	192.2	292.0	383.5	0		35	20260826-213130
dxxl	195.0	363.8	462.5	0.0	0.0	0.0	0.0	0		36	20260826-213130
.pss	273.7	435.9	596.6	0.0	0.0	0.0	0.0	0		37	20260826-213130
hxhg	61.0	208.2	320.2	0.0	0.0	0.0	0.0	0		38	20260826-213130
hio.	77.6	177.6	462.2	186.7	285.7	310.5	580.7	0		39	20260826-213130
hszl	72.4	295.1	397.0	113.2	176.0	0.0	0.0	1	hsz/	40	20260826-213130
zomw	69.2	240.2	337.7	134.9	164.0	370.8	444.0	0		41	20260826-213130
;ces	73.1	302.9	451.9	103.9	161.7	375.7	573.9	0		42	20260826-213130
pbc,	75.2	260.4	300.3	106.7	152.9	353.0	421.7	0		43	20260826-213130
sllt	120.3	254.1	382.0	0.0	0.0	0.0	0.0	0		44	20260826-213130
ydzx	58.1	282.3	429.1	98.0	133.5	520.3	552.2	0		45	20260826-213130
fxq,	12.1	249.8	325.4	135.0	131.0	359.4	436.2	0		46	20260826-213130
i,si	241.8	342.7	430.8	0.0	0.0	0.0	0.0	0		47	20260826-213130
rgdf	207.5	413.7	518.7	79.9	294.7	548.5	636.6	0		48	20260826-213130
c//v	98.0	242.8	367.8	0.0	0.0	0.0	0.0	0		49	20260826-213130
,fdt	88.8	185.4	389.9	113.5	238.5	298.8	482.6	0		50	20260826-213130
w,co	78.7	244.7	325.5	82.3	205.4	329.4	417.6	0		51	20260826-213130
a.yg	46.7	205.4	279.7	99.5	176.6	301.9	374.5	0		52	20260826-213130
f/pj	57.9	281.1	406.1	100.6	158.7	422.7	515.2	0		53	20260826-213130
ylvj	65.8	205.6	282.1	145.0	199.7	322.9	417.9	0		54	20260826-213130
cizt	76.5	217.7	339.6	92.8	160.8	380.9	444.6	0		55	20260826-213130
zjio	146.4	211.0	318.9	188.9	277.1	394.8	439.0	0		56	20260826-213130
z.ub	104.0	185.3	285.0	122.0	243.4	278.0	371.0	0		57	20260826-213130
rchx	156.2	0.0	0.0	122.9	0.0	0.0	0.0	1	rh	58	20260826-213130
kceg	52.8	276.0	352.2	94.7	137.8	401.9	464.1	0		59	20260826-213130
z;lj	372.7	558.7	769.8	81.9	478.0	687.7	902.9	0		60	20260826-213130
fgk.	207.4	303.1	510.0	99.2	307.9	389.2	640.1	0		61	20260826-213130
mdcp	93.1	280.0	308.7	125.7	147.7	367.0	419.7	0		62	20260826-213130
/wmr	106.2	216.2	338.6	130.1	199.2	322.0	433.0	0		63	20260826-213130
ownw	98.0	218.4	330.1	0.0	0.0	0.0	0.0	0		64	20260826-213130
mfmr	49.8	201.1	322.8	0.0	0.0	0.0	0.0	0		65	20260826-213130
uat/	54.0	241.2	289.1	96.1	154.1	344.1	428.2	0		66	20260826-213130
exzo	213.0	446.6	531.2	73.9	297.8	558.0	618.1	0		67	20260826-213130
,wwc	86.1	229.8	485.7	0.0	0.0	0.0	0.0	0		68	20260826-213130
smc.	102.8	216.9	302.0	81.0	179.6	308.7	423.0	0		69	20260826-213130
irnf	106.7	217.8	355.0	97.8	184.7	338.0	465.9	0		70	20260826-213130
.kor	241.7	327.6	483.6	109.2	463.9	478.9	572.9	0		71	20260826-213130
ewkg	59.7	197.2	333.5	153.7	164.6	295.3	439.8	0		72	20260826-213130
pd.k	89.8	248.5	432.7	101.2	159.4	387.2	540.5	0		73	20260826-213130
pga.	73.0	221.7	297.7	75.4	170.7	345.4	432.5	0		74	20260826-213130
iqqi	86.1	249.9	380.8	0.0	0.0	0.0	0.0	0		75	20260826-213130
fk,l	84.2	329.1	466.6	116.7	216.9	599.7	643.9	0		76	20260826-213130
m;vl	71.5	214.3	310.1	186.2	177.3	0.0	0.0	1	m;v.	77	20260826-213130
zjqw	120.0	288.7	366.9	125.6	209.9	523.4	519.7	0		78	20260826-213130
yzst	71.9	413.7	528.7	104.7	165.9	602.7	661.9	0		79	20260826-213130
kycn	83.3	178.1	311.2	154.9	154.0	283.1	424.9	0		80	20260826-213130
padw	60.2	299.5	364.5	130.8	177.8	449.7	544.7	0		81	20260826-213130
fwqh	29.0	274.7	371.0	127.1	135.8	394.0	471.3	0		82	20260826-213130
r.ho	98.2	174.8	356.8	107.7	163.7	449.7	492.8	0		83	20260826-213130
pr,,	65.8	265.8	421.8	0.0	0.0	0.0	0.0	0		84	20260826-213130
;ut.	64.0	157.8	289.8	121.9	161.4	252.9	421.5	0		85	20260826-213130
l;ru	70.0	220.0	292.9	152.6	194.6	309.9	430.7	0		86	20260826-213130
le;z	71.1	222.3	367.9	131.8	169.2	351.1	499.9	0		87	20260826-213130
z;/b	63.3	279.6	430.0	138.9	161.1	415.0	534.9	0		88	20260826-213130
ketc	84.9	231.8	441.8	112.0	218.1	354.0	560.7	0		89	20260826-213130
z;kf	93.1	206.5	0.0	118.0	189.1	0.0	0.0	1	z;f	90	20260826-213130
lhg.	60.4	186.3	279.2	126.9	160.8	282.9	403.9	0		91	20260826-213130
qcmk	219.9	294.8	374.0	100.1	300.7	451.8	461.8	0		92	20260826-213130
p;.c	177.2	0.0	0.0	0.0	0.0	0.0	0.0	1	pp	93	20260826-213130
at,g	84.5	158.4	316.5	138.9	169.7	291.5	444.5	0		94	20260826-213130
vbsu	209.7	378.8	447.8	109.0	282.6	479.8	548.9	0		95	20260826-213130
narj	76.0	161.9	297.8	91.8	216.9	255.0	416.0	0		96	20260826-213130
jyzp	167.9	293.1	377.8	81.8	255.9	412.8	477.7	0		97	20260826-213130
.xkv	83.2	190.9	295.9	89.0	179.2	287.1	428.0	0		98	20260826-213130
j..;	218.7	376.1	614.0	0.0	0.0	0.0	0.0	0		99	20260826-213130
ceuw	204.7	339.6	444.5	90.6	274.8	435.9	551.9	0		100	20260826-213130
.tp,	107.1	243.0	498.2	119.2	189.0	322.0	615.1	0		101	20260826-213130
o.ih	229.9	450.5	557.6	85.9	309.5	625.5	676.8	0		102	20260826-213130
ea;g	74.7	159.8	304.8	137.0	188.1	270.0	410.8	0		103	20260826-213130
s,ld	69.0	196.8	327.0	120.1	310.8	310.1	409.2	0		104	20260826-213130
odyj	89.5	192.5	408.5	82.5	167.2	289.5	0.0	1	odyh	105	20260826-213130
djho	91.0	275.0	371.8	97.9	177.0	434.2	482.9	0		106	20260826-213130
ttjl	166.4	294.1	384.6	0.0	0.0	0.0	0.0	0		107	20260826-213130
bwdl	73.9	304.8	349.9	142.8	161.8	394.9	438.0	0		108	20260826-213130
zart	254.7	357.6	562.3	117.0	384.7	463.9	673.2	0		109	20260826-213130
fpoy	62.8	263.2	363.9	117.1	162.9	435.2	486.1	0		110	20260826-213130
edyp	204.6	273.8	358.7	87.2	298.7	409.5	496.9	0		111	20260826-213130
f/co	67.5	220.3	285.6	98.4	173.3	314.1	374.5	0		112	20260826-213130
tb/z	208.0	310.1	453.0	82.4	302.0	421.3	558.1	0		113	20260826-213130
ltjp	71.7	198.6	306.4	108.6	174.6	377.7	423.4	0		114	20260826-213130
xfpz	83.2	176.3	288.5	124.0	172.4	283.4	420.4	0		115	20260826-213130
lhrc	55.9	131.5	358.7	135.4	165.4	228.5	457.5	0		116	20260826-213130
tcgf	104.0	348.9	582.2	141.8	228.9	445.1	684.9	0		117	20260826-213130
qiso	85.3	220.2	285.2	104.9	169.4	345.2	394.4	0		118	20260826-213130
nfgq	35.1	222.1	319.7	98.3	125.2	382.5	460.1	0		119	20260826-213130
kjha	59.8	202.7	267.1	117.8	139.7	340.5	378.0	0		120	20260826-213130
.wvp	72.0	158.9	270.1	108.2	209.0	280.8	372.9	0		121	20260826-213130
pdjw	44.1	174.1	268.9	113.8	122.7	291.8	382.9	0		122	20260826-213130
rjto	67.9	197.0	261.4	82.9	153.8	299.0	406.0	0		123	20260826-213130
ctu,	98.8	173.8	380.9	137.8	185.7	267.9	490.0	0		124	20260826-213130
wgcj	73.2	291.5	365.8	129.9	191.0	387.8	455.9	0		125	20260826-213130
nmop	147.0	328.4	491.9	68.2	254.4	483.1	662.0	0		126	20260826-213130
pdzy	61.5	247.7	325.1	103.8	140.2	386.9	409.0	0		127	20260826-213130
gsjs	67.6	161.2	262.9	0.0	0.0	0.0	0.0	0		128	20260826-213130
uari	60.7	143.0	242.2	106.7	200.0	248.9	371.9	0		129	20260826-213130
oeqw	0.0	0.0	0.0	0.0	0.0	0.0	0.0	1	e	130	20260826-213130
,e/d	80.7	190.8	317.0	137.3	165.1	323.6	403.6	0		131	20260826-213130
rghl	186.8	253.9	430.2	84.0	286.9	353.1	559.9	0		132	20260826-213130
jgni	82.0	208.6	306.2	107.7	186.7	402.1	416.7	0		133	20260826-213130
raao	100.3	272.3	377.9	0.0	0.0	0.0	0.0	0		134	20260826-213130
uure	139.3	222.0	313.0	0.0	0.0	0.0	0.0	0		135	20260826-213130
;apc	73.0	239.2	332.2	104.9	183.3	341.1	420.2	0		136	20260826-213130
ai,m	25.8	261.3	439.0	122.1	125.0	363.0	563.9	0		137	20260826-213130
xdhw	61.8	185.1	312.4	145.6	145.5	279.8	394.9	0		138	20260826-213130
zn.b	31.9	219.6	343.8	129.0	135.6	352.0	432.6	0		139	20260826-213130
fzy,	53.4	144.0	356.3	121.1	177.1	225.0	455.0	0		140	20260826-213130
so/w	60.6	277.6	347.7	125.4	153.5	411.2	443.8	0		141	20260826-213130
aakv	155.9	272.4	370.8	0.0	0.0	0.0	0.0	0		142	20260826-213130
jexf	50.0	263.5	338.0	103.2	126.3	391.3	435.5	0		143	20260826-213130
pod;	24.3	176.1	307.3	143.5	171.7	241.6	420.5	0		144	20260826-213130
,o/z	24.9	283.1	408.8	139.3	147.7	410.9	519.6	0		145	20260826-213130
mgii	83.4	164.7	306.9	0.0	0.0	0.0	0.0	0		146	20260826-213130
vrwz	194.0	390.9	762.8	93.9	290.8	474.0	893.0	0		147	20260826-213130
kynz	56.0	283.8	370.1	142.0	141.6	373.6	480.9	0		148	20260826-213130
ujsc	192.5	260.2	433.5	92.2	295.9	397.1	565.3	0		149	20260826-213130
/got	103.8	199.6	310.6	113.9	190.8	312.8	404.6	0		150	20260826-213130
xb.a	76.6	175.0	323.8	135.9	152.7	317.0	432.4	0		151	20260826-213130
hldo	73.1	161.4	271.1	125.3	168.2	250.8	356.3	0		152	20260826-213130
x.i/	63.5	245.1	246.7	112.5	158.8	0.0	0.0	1	x.ik	153	20260826-213130
wovi	89.9	197.6	277.6	98.5	177.3	321.7	384.5	0		154	20260826-213130
jxjp	77.9	226.2	368.3	0.0	0.0	0.0	0.0	0		155	20260826-213130
tvf.	211.2	404.4	463.9	86.0	298.1	495.9	602.0	0		156	20260826-213130
;njz	106.2	276.4	382.3	164.2	180.9	402.0	504.9	0		157	20260826-213130
/t.b	64.1	193.3	373.8	105.8	145.7	341.7	457.8	0		158	20260826-213130
aywy	81.5	228.8	295.7	0.0	0.0	0.0	0.0	0		159	20260826-213130
tawg	67.5	293.2	523.8	143.9	183.0	435.1	644.1	0		160	20260826-213130
zw,;	206.3	277.9	473.2	112.9	293.9	390.6	590.0	0		161	20260826-213130
kqct	59.1	288.0	414.1	99.1	173.1	461.9	513.2	0		162	20260826-213130
/wmn	104.3	240.3	398.4	143.2	225.2	329.2	496.9	0		163	20260826-213130
smhq	106.5	238.6	378.3	120.4	147.5	351.6	507.4	0		164	20260826-213130
pyow	38.8	200.0	293.6	104.8	131.8	350.8	393.8	0		165	20260826-213130
njq.	163.0	236.0	361.4	70.8	259.7	352.4	497.5	0		166	20260826-213130
sugw	62.9	221.3	281.1	111.3	171.9	369.9	435.2	0		167	20260826-213130
judb	150.8	309.1	432.8	69.5	262.0	443.7	577.8	0		168	20260826-213130
ocjz	98.8	181.0	359.9	93.7	198.1	299.2	503.9	0		169	20260826-213130
yaqe	50.8	263.9	419.9	87.7	150.8	487.9	540.7	0		170	20260826-213130
qigx	66.6	255.1	386.8	122.9	163.9	0.0	0.0	1	qigz	171	20260826-213130
zgxs	78.7	351.1	551.0	156.8	176.7	456.7	689.0	0		172	20260826-213130
pyva	59.2	193.6	269.7	132.8	151.7	354.8	412.4	0		173	20260826-213130
qmel	89.2	180.8	249.0	105.8	188.0	291.8	358.8	0		174	20260826-213130
okde	77.6	209.3	372.8	138.3	221.4	290.4	478.7	0		175	20260826-213130
xtc/	70.9	276.7	357.0	126.9	171.8	373.7	475.2	0		176	20260826-213130
a//z	96.6	236.8	371.8	0.0	0.0	0.0	0.0	0		177	20260826-213130
jcdq	49.2	287.6	368.8	113.9	124.8	420.7	528.8	0		178	20260826-213130
rgvx	194.5	425.9	790.5	84.8	302.6	719.6	935.6	0		179	20260826-213130
gbvf	203.8	388.7	590.5	82.7	291.6	486.7	694.7	0		180	20260826-213130
txwu	57.2	265.0	316.0	128.1	155.2	362.0	418.2	0		181	20260826-213130
nuu.	202.1	349.2	559.1	0.0	0.0	0.0	0.0	0		182	20260826-213130
ipjs	62.2	266.0	378.9	180.1	217.0	404.1	478.0	0		183	20260826-213130
w;gk	71.9	200.7	266.8	112.6	171.7	311.5	385.8	0		184	20260826-213130
ttrl	163.8	347.7	409.5	0.0	0.0	0.0	0.0	0		185	20260826-213130
njfd	165.6	289.4	418.4	86.1	278.4	476.2	550.2	0		186	20260826-213130
cajp	65.0	154.3	248.3	138.4	197.1	319.3	360.0	0		187	20260826-213130
n;uc	51.8	251.9	472.2	134.2	170.0	369.3	565.1	0		188	20260826-213130
n/wa	67.9	151.1	443.2	161.0	181.1	275.8	564.0	0		189	20260826-213130
vcyp	99.9	156.1	231.8	185.9	224.7	292.0	363.6	0		190	20260826-213130
v.ww	105.4	224.3	362.1	0.0	0.0	0.0	0.0	0		191	20260826-213130
;o.j	34.9	317.4	460.2	167.8	154.9	437.9	603.5	0		192	20260826-213130
y,,p	216.6	354.8	557.1	0.0	0.0	0.0	0.0	0		193	20260826-213130
t/el	60.9	181.8	259.7	92.7	162.9	270.7	368.7	0		194	20260826-213130
.;vb	165.7	341.0	601.3	126.9	300.1	463.2	697.9	0		195	20260826-213130
trrz	201.1	370.7	605.1	0.0	0.0	0.0	0.0	0		196	20260826-213130
hxmj	58.6	220.8	391.7	83.9	161.9	298.8	487.9	0		197	20260826-213130
paoy	59.9	200.7	278.8	95.8	184.9	354.8	395.8	0		198	20260826-213130
hy,o	171.0	364.9	533.0	65.8	242.0	453.8	635.9	0		199	20260826-213130
rogr	40.6	202.9	405.9	0.0	0.0	0.0	0.0	0		200	20260826-213130
wtm.	51.3	219.9	320.4	142.8	157.6	387.9	463.9	0		201	20260826-213130
vdj.	75.7	133.6	311.9	148.4	188.4	284.4	491.3	0		202	20260826-213130
ypqg	66.5	119.8	0.0	116.5	0.0	0.0	0.0	1	ypg	203	20260826-213130
mfyg	64.4	225.9	388.0	88.9	162.7	323.0	488.1	0		204	20260826-213130
.oua	238.9	282.0	412.1	96.9	366.8	413.9	531.1	0		205	20260826-213130
vzlw	50.2	125.1	294.3	131.4	153.3	234.9	387.1	0		206	20260826-213130
cezc	204.0	415.9	551.2	0.0	0.0	0.0	0.0	0		207	20260826-213130
pdwz	49.7	208.6	453.5	90.7	138.9	327.9	622.6	0		208	20260826-213130
vqoh	85.0	186.1	249.2	177.8	196.6	331.2	357.3	0		209	20260826-213130
wo.o	61.9	268.0	449.3	0.0	0.0	0.0	0.0	0		210	20260826-213130
.pbt	120.0	275.6	480.1	142.3	233.1	374.8	578.7	0		211	20260826-213130
,hd/	38.4	136.2	260.4	149.7	149.1	240.3	396.5	0		212	20260826-213130
e/lb	19.0	187.8	282.8	87.2	134.0	317.0	401.8	0		213	20260826-213130
yggg	75.3	233.9	407.6	0.0	0.0	0.0	0.0	0		214	20260826-213130
xhgo	84.9	238.7	312.5	95.2	174.8	343.3	430.4	0		215	20260826-213130
lhoa	48.9	222.5	294.7	109.5	145.2	339.5	411.6	0		216	20260826-213130
fjhf	55.8	210.2	342.9	0.0	0.0	0.0	0.0	0		217	20260826-213130
m.e/	37.7	163.5	259.6	159.7	159.0	252.7	397.7	0		218	20260826-213130
hdgj	57.6	231.9	265.6	98.4	152.6	337.4	371.8	0		219	20260826-213130
jdpg	95.6	191.7	336.9	112.8	182.7	322.9	430.7	0		220	20260826-213130
sjwe	72.0	229.3	302.3	101.1	164.2	376.1	444.0	0		221	20260826-213130
xz;y	90.4	185.1	354.0	192.1	236.9	385.3	462.1	0		222	20260826-213130
rrtm	144.3	354.3	440.7	0.0	0.0	0.0	0.0	0		223	20260826-213130
.zge	49.7	225.7	308.5	119.0	158.4	373.9	447.1	0		224	20260826-213130
pirm	44.8	133.9	262.8	99.7	172.6	231.0	377.7	0		225	20260826-213130
zqwq	205.5	445.4	540.5	0.0	0.0	0.0	0.0	1	zqww	226	20260826-213130
o/ca	198.3	291.3	376.3	88.8	322.9	431.8	503.1	0		227	20260826-213130
hak,	48.1	184.9	424.1	79.0	158.7	285.8	514.6	0		228	20260826-213130
tpd,	46.9	225.5	309.9	91.5	143.8	347.2	425.7	0		229	20260826-213130
np/a	58.2	306.1	417.3	128.1	180.0	429.1	503.2	0		230	20260826-213130
c;/b	79.7	439.7	521.6	116.3	172.8	561.8	606.1	0		231	20260826-213130
yjsa	206.1	277.9	359.9	78.1	310.7	422.1	502.0	0		232	20260826-213130
s.e,	47.7	204.7	395.0	93.7	151.6	292.7	522.0	0		233	20260826-213130
x.j/	53.6	156.1	319.7	106.8	163.7	284.0	451.8	0		234	20260826-213130
ojqu	68.6	138.5	255.3	113.5	152.2	246.6	355.0	0		235	20260826-213130
qlm,	93.2	176.9	401.0	130.9	219.7	296.9	526.9	0		236	20260826-213130
vpge	49.2	229.1	289.1	101.3	146.9	360.3	441.2	0		237	20260826-213130
qtsi	61.6	262.3	332.5	141.1	168.5	367.2	428.1	0		238	20260826-213130
wyir	65.0	132.1	215.9	91.7	209.9	236.1	312.9	0		239	20260826-213130
lcu;	60.8	101.0	461.0	149.9	180.2	351.2	614.3	0		240	20260826-213130
gkqp	81.3	152.4	250.0	94.4	163.8	296.1	357.1	0		241	20260826-213130
intc	84.2	152.8	251.5	159.5	204.7	320.9	384.1	0		242	20260826-213130
ztdu	89.8	253.0	344.7	147.8	212.9	356.9	458.7	0		243	20260826-213130
zv;;	41.7	155.6	306.9	0.0	0.0	0.0	0.0	0		244	20260826-213130
.exl	55.5	256.2	303.3	119.3	132.4	366.3	411.2	0		245	20260826-213130
or.g	110.0	237.0	370.1	100.1	158.0	392.0	496.9	0		246	20260826-213130
pafc	67.0	191.0	428.8	95.9	189.9	313.0	524.9	0		247	20260826-213130
ivkr	83.9	211.7	335.1	85.5	194.0	324.3	429.8	0		248	20260826-213130
f/ni	38.7	220.7	272.2	104.7	144.9	378.9	419.2	0		249	20260826-213130
tbgz	207.4	427.4	520.8	74.4	300.3	568.3	659.6	0		250	20260826-213130
qdqq	122.9	316.9	495.6	0.0	0.0	0.0	0.0	0		251	20260826-213130
uqhf	37.7	209.2	300.6	91.5	161.9	309.8	418.8	0		252	20260826-213130
jiv/	60.1	185.0	327.0	166.2	194.2	307.1	446.8	0		253	20260826-213130
fczd	93.8	257.8	454.3	174.3	259.0	527.8	608.0	0		254	20260826-213130
kzye	84.8	201.2	304.9	94.8	191.0	287.8	392.6	0		255	20260826-213130
euzh	89.1	214.3	298.4	82.3	176.4	341.4	390.1	0		256	20260826-213130
rhhj	248.9	0.0	0.0	99.0	0.0	0.0	0.0	1	rj	257	20260826-213130
mbv;	88.2	255.2	344.9	99.7	170.0	371.8	466.8	0		258	20260826-213130
uozu	82.7	198.7	255.5	0.0	0.0	0.0	0.0	0		259	20260826-213130
pe.f	79.6	227.0	307.9	100.0	161.0	354.0	404.1	0		260	20260826-213130
qp/s	66.0	256.0	330.9	112.1	143.0	362.9	429.0	0		261	20260826-213130
ulnx	52.6	258.8	336.5	119.7	173.8	0.0	0.0	1	ulnz	262	20260826-213130
uuxr	116.9	217.8	385.0	0.0	0.0	0.0	0.0	0		263	20260826-213130
dfjh	37.0	229.8	0.0	111.8	135.6	0.0	0.0	1	dfh	264	20260826-213130
xhse	61.5	218.4	285.2	101.0	151.7	449.0	430.0	0		265	20260826-213130
gq;e	51.3	130.3	303.3	136.0	177.1	234.9	379.1	0		266	20260826-213130
/ckb	74.1	168.8	270.6	117.1	151.9	275.0	378.0	0		267	20260826-213130
ua/w	69.8	196.9	299.9	96.8	167.8	330.9	390.1	0		268	20260826-213130
g,ic	38.2	200.4	285.2	86.3	96.1	298.2	386.4	0		269	20260826-213130
/xnv	106.9	208.3	292.0	117.0	196.9	312.3	415.3	0		270	20260826-213130
jj,a	126.4	299.3	394.4	0.0	0.0	0.0	0.0	0		271	20260826-213130
zpef	54.6	192.9	279.5	94.6	145.9	319.2	393.2	0		272	20260826-213130
auz,	62.7	440.5	0.0	99.7	163.5	0.0	0.0	1	aux	273	20260826-213130
yliz	55.2	153.5	305.2	79.0	232.5	287.1	423.6	0		274	20260826-213130
bfsv	195.6	387.7	512.1	97.1	292.8	554.7	644.9	0		275	20260826-213130
zxal	271.0	419.0	505.7	174.9	370.8	558.0	623.8	0		276	20260826-213130
msy,	69.2	191.1	357.8	74.7	170.1	321.0	528.8	0		277	20260826-213130
,svb	65.2	284.1	489.2	0.0	0.0	0.0	0.0	1	,svv	278	20260826-213130
vygk	85.1	215.0	272.9	93.9	167.1	311.0	375.8	0		279	20260826-213130
ww,t	147.9	275.6	363.8	0.0	0.0	0.0	0.0	0		280	20260826-213130
fobb	90.2	212.8	386.1	0.0	0.0	0.0	0.0	0		281	20260826-213130
qmeg	89.6	204.2	341.6	127.9	186.0	341.0	483.0	0		282	20260826-213130
usf.	60.1	174.7	276.0	100.9	174.0	288.0	415.4	0		283	20260826-213130
ntyh	55.0	218.9	412.4	96.0	148.4	312.0	504.1	0		284	20260826-213130
qvyp	87.1	184.1	349.0	123.0	209.9	272.0	504.9	0		285	20260826-213130
vlza	91.0	223.6	483.2	126.1	196.7	392.7	606.5	0		286	20260826-213130
gfjh	178.4	261.5	412.7	73.6	272.3	341.5	512.5	0		287	20260826-213130
xp,.	41.3	254.8	371.0	120.0	130.0	463.8	511.9	0		288	20260826-213130
keyc	57.1	184.5	306.5	89.7	134.6	281.8	398.5	0		289	20260826-213130
bdoa	67.2	162.2	251.4	114.0	146.2	253.1	369.9	0		290	20260826-213130
obbd	98.3	258.6	443.2	0.0	0.0	0.0	0.0	0		291	20260826-213130
qglw	38.3	116.1	239.0	134.4	135.4	213.3	351.9	0		292	20260826-213130
bmox	46.9	124.0	248.0	86.0	200.1	199.1	346.1	0		293	20260826-213130
pqgh	45.4	197.0	229.1	86.0	151.9	308.2	335.1	0		294	20260826-213130
m/;x	89.8	351.0	491.9	137.9	192.9	457.6	620.8	0		295	20260826-213130
.rk.	85.5	198.4	376.7	0.0	0.0	0.0	0.0	0		296	20260826-213130
tvn.	227.1	312.1	423.1	83.0	349.1	474.9	568.8	0		297	20260826-213130
qfka	76.7	188.5	285.6	157.8	179.8	282.7	403.7	0		298	20260826-213130
;;m/	170.8	442.9	551.1	0.0	0.0	0.0	0.0	0		299	20260826-213130
,id;	192.0	288.3	386.1	82.2	275.0	389.8	534.0	0		300	20260826-213130
ass;	239.7	395.7	505.9	0.0	0.0	0.0	0.0	0		301	20260826-213130
sac.	64.0	299.3	465.4	140.1	175.0	394.2	588.9	0		302	20260826-213130
izvk	122.0	216.0	329.0	100.0	266.0	355.1	0.0	0		303	20260826-213130
kwlj	51.0	160.9	277.0	98.0	167.4	334.9	445.8	0		304	20260826-213130
lni.	51.6	210.6	408.6	126.0	246.7	314.5	552.8	0		305	20260826-213130
ksha	33.5	166.6	237.5	88.5	123.3	264.7	343.5	0		306	20260826-213130
vzaj	48.8	256.7	276.6	127.6	138.9	346.7	359.6	0		307	20260826-213130
,rdm	48.3	196.8	230.6	99.8	126.8	283.7	351.9	0		308	20260826-213130
djja	110.3	236.2	322.6	0.0	0.0	0.0	0.0	0		309	20260826-213130
iazr	46.0	293.4	439.4	96.7	158.7	430.5	539.6	0		310	20260826-213130
dt,z	53.1	134.9	279.0	122.0	141.0	240.0	386.3	0		311	20260826-213130
kf,l	53.3	185.9	299.2	80.2	156.1	370.7	431.9	0		312	20260826-213130
tx;c	62.0	68.8	285.2	106.1	188.7	182.0	0.0	1	tx;,	313	20260826-213130
s;nl	58.0	212.2	298.7	109.7	145.6	380.8	440.7	0		314	20260826-213130
fe;k	60.9	135.5	307.7	131.5	155.5	336.4	448.8	0		315	20260826-213130
jbu/	62.0	175.5	371.2	82.1	161.5	273.5	497.2	0		316	20260826-213130
.jej	30.9	154.1	234.0	0.0	0.0	0.0	0.0	0		317	20260826-213130
stjn	36.5	107.2	259.2	116.5	140.2	164.1	351.1	0		318	20260826-213130
xwi/	195.7	261.7	421.8	93.0	304.6	361.0	552.7	0		319	20260826-213130
pcii	96.0	156.0	290.8	0.0	0.0	0.0	0.0	0		320	20260826-213130
eedr	154.2	343.3	430.3	0.0	0.0	0.0	0.0	0		321	20260826-213130
knsv	116.0	270.9	445.0	146.8	240.1	404.0	569.0	0		322	20260826-213130
sltd	52.8	191.0	398.1	88.1	138.2	289.0	484.8	0		323	20260826-213130
u,.b	257.4	0.0	0.0	117.2	0.0	0.0	0.0	1	um	324	20260826-213130
jims	42.5	237.7	319.8	119.7	144.7	366.4	420.4	0		325	20260826-213130
otil	49.4	176.3	286.2	76.3	152.5	419.3	443.4	0		326	20260826-213130
ucgw	43.7	239.0	315.4	109.0	152.0	402.1	454.9	0		327	20260826-213130
oa.x	68.5	223.2	320.9	78.0	173.3	340.9	422.1	0		328	20260826-213130
xsm/	185.9	239.7	370.1	79.8	267.9	0.0	0.0	1	xsm;	329	20260826-213130
d.qc	94.7	195.2	690.2	85.0	198.5	336.8	779.8	0		330	20260826-213130
;tng	105.0	223.1	320.8	106.2	196.0	324.8	428.9	0		331	20260826-213130
t;i,	44.3	168.8	420.0	110.7	149.8	295.8	534.6	0		332	20260826-213130
r,fe	85.9	204.3	301.0	77.0	208.6	359.1	423.1	0		333	20260826-213130
pvvd	73.0	230.9	431.2	0.0	0.0	0.0	0.0	0		334	20260826-213130
noam	70.1	180.0	254.9	108.1	160.0	287.7	385.8	0		335	20260826-213130
p.iq	224.6	384.0	539.8	89.7	293.9	506.8	637.9	0		336	20260826-213130
//jp	366.3	635.3	730.1	0.0	0.0	0.0	0.0	0		337	20260826-213130
ymvb	216.0	447.0	0.0	87.9	336.9	0.0	0.0	1	ymb	338	20260826-213130
yixv	68.0	220.3	290.2	173.7	173.0	345.9	446.2	0		339	20260826-213130
puw;	54.8	147.0	247.7	101.1	154.9	241.9	344.7	0		340	20260826-213130
.xp.	121.9	294.0	619.9	0.0	0.0	0.0	0.0	0		341	20260826-213130
xgix	147.0	224.8	388.8	78.6	237.7	329.7	0.0	1	xgiv	342	20260826-213130
ilgy	61.4	342.0	397.1	202.9	212.4	463.1	523.8	0		343	20260826-213130
/sg;	69.8	189.9	246.8	121.7	167.0	296.7	365.9	0		344	20260826-213130
nnah	130.9	239.7	319.6	0.0	0.0	0.0	0.0	0		345	20260826-213130
awvd	224.0	347.4	543.0	122.9	365.8	491.9	626.9	0		346	20260826-213130
u/d;	81.7	156.8	262.7	158.1	158.7	244.7	360.5	0		347	20260826-213130
;jfu	53.9	134.2	214.1	112.2	137.6	218.3	322.6	0		348	20260826-213130
ckxs	100.6	196.0	385.8	78.7	199.6	293.2	485.6	0		349	20260826-213130
mshs	60.7	191.9	237.7	0.0	0.0	0.0	0.0	0		350	20260826-213130
pejs	37.6	182.6	268.9	92.7	114.7	300.7	381.7	0		351	20260826-213130
.mpc	171.8	272.7	400.8	119.2	352.0	403.0	509.5	0		352	20260826-213130
jgib	99.4	155.3	388.3	90.0	203.1	273.2	501.0	0		353	20260826-213130
chhx	119.0	247.9	330.9	0.0	0.0	0.0	0.0	0		354	20260826-213130
fvqc	199.9	367.1	702.9	80.4	320.6	445.1	0.0	1	fvqs	355	20260826-213130
juqu	144.9	243.4	316.2	0.0	0.0	0.0	0.0	0		356	20260826-213130
cfi,	53.8	120.6	346.7	127.8	138.5	194.0	443.0	0		357	20260826-213130
cukj	48.2	208.8	344.5	87.0	145.9	333.6	458.8	0		358	20260826-213130
agwu	74.1	213.1	304.5	142.2	177.2	318.0	415.1	0		359	20260826-213130
lwdi	53.4	204.4	264.2	108.1	145.2	316.1	368.3	0		360	20260826-213130
hdis	74.8	162.8	249.3	90.0	143.9	270.8	369.1	0		361	20260826-213130
hp;j	74.4	312.5	439.1	144.8	200.1	411.4	555.1	0		362	20260826-213130
m/er	47.0	133.8	198.1	128.9	163.9	266.6	296.0	0		363	20260826-213130
.lov	196.9	345.6	510.2	100.4	268.5	468.4	632.5	0		364	20260826-213130
nkws	61.0	144.9	371.0	147.8	162.9	256.0	480.0	0		365	20260826-213130
.k.c	66.7	259.7	399.5	0.0	0.0	0.0	0.0	0		366	20260826-213130
t..l	81.5	227.1	413.3	0.0	0.0	0.0	0.0	0		367	20260826-213130
ndhk	65.3	203.8	367.3	91.3	147.5	305.6	484.6	0		368	20260826-213130
,/ip	95.7	286.1	0.0	163.0	191.0	0.0	0.0	1	,/k	369	20260826-213130
htam	89.8	214.9	298.8	101.8	171.8	344.8	402.6	0		370	20260826-213130
hitf	49.9	141.0	344.8	129.2	142.7	220.1	435.1	0		371	20260826-213130
dxa/	93.8	312.1	346.1	163.0	206.0	424.0	478.5	0		372	20260826-213130
fhl;	59.2	151.7	373.9	119.3	190.0	306.1	510.2	0		373	20260826-213130
;oo.	197.8	344.8	621.6	0.0	0.0	0.0	0.0	0		374	20260826-213130
vkzt	69.8	192.1	361.1	97.6	173.8	380.0	480.9	0		375	20260826-213130
obur	81.9	226.4	344.2	117.2	180.0	351.4	445.1	0		376	20260826-213130
pl,,	209.3	444.9	596.7	0.0	0.0	0.0	0.0	0		377	20260826-213130
ukpe	24.6	233.1	320.8	143.6	167.5	366.6	430.3	0		378	20260826-213130
qpvg	85.8	212.0	423.7	111.8	178.7	324.8	516.7	0		379	20260826-213130
bn,h	45.0	233.0	365.9	97.0	113.9	333.9	477.6	0		380	20260826-213130
fhz,	37.8	184.2	291.5	84.7	123.8	338.9	416.7	0		381	20260826-213130
bpoa	38.1	208.9	269.3	89.3	125.2	325.1	375.5	0		382	20260826-213130
pokw	23.2	188.1	340.5	133.8	145.9	381.7	423.8	0		383	20260826-213130
h/wm	45.3	131.0	266.0	114.0	169.2	223.0	370.0	0		384	20260826-213130
qtds	65.8	318.6	464.9	150.5	201.7	516.5	628.2	0		385	20260826-213130
,fte	66.0	246.3	358.2	127.9	172.2	437.4	484.1	0		386	20260826-213130
piyc	66.9	173.6	314.7	107.8	172.8	275.7	410.7	0		387	20260826-213130
gsqj	38.3	195.4	311.2	123.2	147.0	338.8	402.2	0		388	20260826-213130
nief	51.8	103.2	227.9	147.0	145.9	273.9	353.5	0		389	20260826-213130
,kxy	157.1	225.3	333.4	72.3	233.9	336.9	437.2	0		390	20260826-213130
epzd	61.0	240.0	382.8	88.8	158.9	401.7	476.0	0		391	20260826-213130
/fca	56.4	260.2	358.0	121.2	157.0	413.0	515.8	0		392	20260826-213130
cwxl	0.0	0.0	0.0	0.0	0.0	0.0	0.0	1	w	393	20260826-213130
ddbg	142.9	346.9	531.5	0.0	0.0	0.0	0.0	0		394	20260826-213130
nbsl	45.0	181.7	227.8	73.8	124.1	279.9	318.0	0		395	20260826-213130
h/xa	92.8	201.7	397.1	166.8	241.8	403.7	556.8	0		396	20260826-213130
fcun	141.1	0.0	0.0	77.0	0.0	0.0	0.0	1	fu	397	20260826-213130
/jpu	61.0	290.3	291.6	132.6	188.2	393.0	454.0	0		398	20260826-213130
.cxl	75.5	158.3	254.3	114.0	223.1	289.1	376.2	0		399	20260826-213130
,ckp	72.3	174.2	335.2	81.6	189.9	281.1	447.2	0		400	20260826-213130
hwul	60.4	209.2	315.1	80.8	171.0	372.6	461.8	0		401	20260826-213130
sd;p	89.4	118.0	289.4	165.1	204.7	201.1	391.9	0		402	20260826-213130
qpxp	74.6	246.6	285.6	0.0	0.0	0.0	0.0	0		403	20260826-213130
fdum	75.9	125.9	346.9	140.0	196.8	216.2	439.8	0		404	20260826-213130
lg,b	91.9	206.5	366.8	93.5	190.3	335.4	486.2	0		405	20260826-213130
c,ta	76.7	199.5	215.8	71.7	177.4	0.0	0.0	1	c,tr	406	20260826-213130
fnjq	69.4	235.6	402.1	110.2	142.3	344.2	520.1	0		407	20260826-213130
;t,v	67.8	219.2	463.9	112.9	165.7	354.1	579.7	0		408	20260826-213130
mewr	31.9	146.4	293.9	0.0	0.0	0.0	0.0	1	mewe	409	20260826-213130
;euk	113.5	186.5	363.0	106.5	209.5	296.7	511.4	0		410	20260826-213130
yyus	133.7	302.6	416.9	0.0	0.0	0.0	0.0	0		411	20260826-213130
.hx.	57.5	149.8	257.7	0.0	0.0	0.0	0.0	0		412	20260826-213130
txfu	88.9	296.7	408.0	140.1	200.0	401.8	503.9	0		413	20260826-213130
/n;u	57.9	583.2	813.2	147.8	185.9	736.0	908.2	0		414	20260826-213130
hjgg	213.2	363.5	535.3	0.0	0.0	0.0	0.0	0		415	20260826-213130
ztxe	87.7	305.9	526.7	181.9	204.8	475.7	665.6	0		416	20260826-213130
ytdr	76.6	277.7	377.4	95.8	157.6	433.7	497.9	0		417	20260826-213130
i;f;	85.0	170.7	309.2	0.0	0.0	0.0	0.0	0		418	20260826-213130
veix	110.0	196.2	386.7	152.8	199.5	308.6	0.0	1	veiz	419	20260826-213130
s.qy	103.3	201.3	287.3	107.0	193.2	324.0	382.1	0		420	20260826-213130
hend	55.5	192.4	278.3	72.1	139.9	293.8	379.4	0		421	20260826-213130
locc	174.0	255.6	407.9	0.0	0.0	0.0	0.0	0		422	20260826-213130
,,..	140.8	316.8	474.7	0.0	0.0	0.0	0.0	0		423	20260826-213130
mclh	107.0	182.3	305.4	102.1	203.9	346.0	436.5	0		424	20260826-213130
sskb	159.0	260.4	385.2	0.0	0.0	0.0	0.0	0		425	20260826-213130
bqqh	212.0	372.3	479.4	0.0	0.0	0.0	0.0	0		426	20260826-213130
evnh	77.0	182.4	362.2	153.0	231.0	275.1	464.9	0		427	20260826-213130
daw.	48.1	279.9	346.4	115.3	181.8	370.0	463.8	0		428	20260826-213130
cgpy	58.9	175.6	282.9	125.7	162.6	300.2	395.7	0		429	20260826-213130
f;qg	74.2	211.3	343.7	111.4	186.2	343.0	462.1	0		430	20260826-213130
smsc	99.8	196.7	417.9	0.0	0.0	0.0	0.0	0		431	20260826-213130
aq/b	189.0	243.8	408.4	83.5	279.8	356.8	511.9	0		432	20260826-213130
xaq;	43.9	289.2	332.1	146.0	160.1	409.2	436.1	0		433	20260826-213130
k;qo	61.8	174.2	287.7	148.8	184.0	294.6	396.4	0		434	20260826-213130
ljw,	60.6	128.2	263.0	103.0	154.9	236.1	392.2	0		435	20260826-213130
me./	47.8	145.8	381.8	72.6	139.1	268.0	495.0	0		436	20260826-213130
rrgd	153.8	440.9	702.9	0.0	0.0	0.0	0.0	0		437	20260826-213130
daqp	104.0	358.0	402.1	152.0	234.8	470.0	509.1	0		438	20260826-213130
jr/l	86.4	192.5	355.0	0.0	0.0	0.0	0.0	1	jr/j	439	20260826-213130
grxj	203.1	400.6	464.8	102.3	297.6	522.3	560.6	0		440	20260826-213130
bcis	57.2	177.8	282.5	121.5	162.9	278.5	399.8	0		441	20260826-213130
vxb,	63.2	279.1	390.7	125.9	164.8	384.8	0.0	1	vxbk	442	20260826-213130
/if,	0.0	0.0	0.0	0.0	0.0	0.0	0.0	1	i	443	20260826-213130
ja.o	71.3	230.2	423.3	111.9	195.1	325.2	539.2	0		444	20260826-213130
wsfa	194.5	443.5	516.0	93.6	319.5	594.5	677.8	0		445	20260826-213130
yjmw	201.8	408.2	499.1	73.9	274.9	517.9	592.8	0		446	20260826-213130
pibs	85.3	314.9	377.2	128.8	231.0	445.5	490.6	0		447	20260826-213130
werx	65.6	126.9	391.9	199.9	223.7	256.7	506.6	0		448	20260826-213130
ia;b	92.0	194.5	328.9	103.6	201.6	293.8	436.8	0		449	20260826-213130
qpbi	85.9	232.7	271.9	115.4	171.1	338.5	399.1	0		450	20260826-213130
.frq	78.0	245.9	402.8	127.0	154.0	363.1	537.8	0		451	20260826-213130
q,ob	80.2	114.8	293.7	117.6	217.8	245.9	395.5	0		452	20260826-213130
jwcb	57.5	302.1	445.8	113.2	157.7	444.7	540.1	0		453	20260826-213130
o,bm	216.3	341.1	492.2	106.0	338.2	436.9	611.1	0		454	20260826-213130
w.gm	82.4	193.2	264.4	110.1	199.9	305.0	372.0	0		455	20260826-213130
ed;r	199.4	259.4	383.9	71.0	284.1	347.8	490.7	0		456	20260826-213130
zqit	241.1	398.2	426.9	129.3	348.0	527.0	531.9	0		457	20260826-213130
xpba	77.3	225.7	348.6	93.7	157.7	360.8	483.0	0		458	20260826-213130
nkra	67.0	223.0	295.9	175.6	174.8	385.3	438.5	0		459	20260826-213130
l/kk	201.0	388.0	537.1	0.0	0.0	0.0	0.0	0		460	20260826-213130
zoow	130.4	271.5	369.4	0.0	0.0	0.0	0.0	0		461	20260826-213130
bwrm	177.6	318.5	402.7	100.8	383.8	413.5	513.7	0		462	20260826-213130
tf.n	211.3	282.0	482.8	94.7	316.8	388.8	594.2	0		463	20260826-213130
w,jt	82.1	147.5	294.7	109.8	211.4	290.6	393.5	0		464	20260826-213130
,y,r	0.0	0.0	0.0	0.0	0.0	0.0	0.0	1	.	465	20260826-213130
;emr	0.0	0.0	0.0	0.0	0.0	0.0	0.0	1	r	466	20260826-213130
faif	57.9	150.7	244.7	0.0	0.0	0.0	0.0	0		467	20260826-213130
so//	81.1	296.1	454.1	0.0	0.0	0.0	0.0	0		468	20260826-213130
b,cw	94.4	206.7	392.0	102.8	272.6	310.0	499.8	0		469	20260826-213130
vnwb	94.1	206.0	434.2	123.0	197.0	316.0	533.1	0		470	20260826-213130
tqzg	56.6	330.6	421.8	136.8	170.6	492.3	528.7	0		471	20260826-213130
ma/f	29.6	172.9	289.0	107.7	156.8	306.8	395.6	0		472	20260826-213130
z.tn	91.0	229.2	304.7	118.8	204.0	343.7	403.0	0		473	20260826-213130
wq;e	51.8	154.5	279.0	128.1	153.8	255.1	379.9	0		474	20260826-213130
ltyt	94.0	224.2	317.0	0.0	0.0	0.0	0.0	0		475	20260826-213130
u;wk	49.0	158.6	269.5	148.8	175.5	272.3	384.8	0		476	20260826-213130
ssng	137.9	274.6	355.2	0.0	0.0	0.0	0.0	0		477	20260826-213130
hme/	183.4	271.7	361.0	67.1	262.3	351.2	478.9	0		478	20260826-213130
onw/	61.7	170.9	284.3	134.8	163.0	262.9	404.8	0		479	20260826-213130
w,vq	91.8	258.0	373.8	100.7	199.1	484.9	483.8	0		480	20260826-213130
thul	32.1	207.3	309.5	102.3	116.0	382.4	464.5	0		481	20260826-213130
egil	78.1	152.7	277.2	99.4	192.2	319.2	409.1	0		482	20260826-213130
lxba	46.1	248.3	324.3	106.5	126.1	377.9	467.9	0		483	20260826-213130
/v/g	41.9	184.9	276.8	0.0	0.0	0.0	0.0	0		484	20260826-213130
ofwd	51.0	187.6	400.9	93.9	160.6	361.8	523.0	0		485	20260826-213130
lfym	55.9	207.4	412.8	95.6	158.2	281.7	491.1	0		486	20260826-213130
vxkt	66.9	176.0	309.7	130.8	164.8	270.8	417.8	0		487	20260826-213130
ufyw	207.3	333.9	435.2	110.1	308.0	458.2	528.9	0		488	20260826-213130
bcwj	42.8	196.0	305.2	133.6	148.8	347.9	399.0	0		489	20260826-213130
.,ai	57.4	178.0	285.0	138.1	171.9	292.2	380.2	0		490	20260826-213130
/te/	54.9	210.0	382.9	0.0	0.0	0.0	0.0	0		491	20260826-213130
,bgm	71.1	303.1	365.3	116.8	179.3	398.5	460.1	0		492	20260826-213130
ouqe	62.0	131.5	275.9	112.8	165.6	347.7	408.6	0		493	20260826-213130
jvyw	28.0	214.8	290.8	103.3	143.8	306.1	393.8	0		494	20260826-213130
wm.z	79.8	178.7	346.3	93.5	169.7	324.8	472.7	0		495	20260826-213130
qrns	62.6	172.1	258.9	139.7	175.4	262.3	379.9	0		496	20260826-213130
dumq	49.3	269.7	272.3	88.5	149.9	374.5	386.8	0		497	20260826-213130
.u.z	65.7	247.6	346.5	0.0	0.0	0.0	0.0	0		498	20260826-213130
sqsr	57.8	299.5	443.1	0.0	0.0	0.0	0.0	0		499	20260826-213130
zhti	92.1	194.4	315.7	115.0	158.1	312.2	413.2	0		500	20260826-213130
/lpl	187.6	446.3	706.8	0.0	0.0	0.0	0.0	0		501	20260826-213130
uioo	46.1	230.8	388.9	0.0	0.0	0.0	0.0	0		502	20260826-213130
;vva	93.2	255.0	420.3	0.0	0.0	0.0	0.0	0		503	20260826-213130
kxgp	24.1	219.2	278.4	117.3	116.2	319.0	387.1	0		504	20260826-213130
qpiy	52.8	154.1	333.2	101.9	137.2	298.0	433.1	0		505	20260826-213130
bomo	43.2	208.1	290.0	0.0	0.0	0.0	0.0	0		506	20260826-213130
lsgp	67.1	405.3	511.2	145.2	190.1	524.9	610.2	0		507	20260826-213130
buc.	29.9	198.4	291.5	82.9	117.6	302.6	424.6	0		508	20260826-213130
xndi	56.6	188.9	239.4	87.0	125.0	279.9	336.8	0		509	20260826-213130
ubbj	84.9	226.9	319.7	0.0	0.0	0.0	0.0	0		510	20260826-213130
fgks	168.8	257.7	336.0	81.7	246.1	353.9	451.8	0		511	20260826-213130
kvaa	54.5	214.6	400.2	0.0	0.0	0.0	0.0	0		512	20260826-213130
btbg	182.5	496.0	658.1	0.0	0.0	0.0	0.0	0		513	20260826-213130
uljo	35.6	221.0	313.9	135.7	163.6	410.4	430.7	0		514	20260826-213130
dgq/	25.0	195.3	222.7	96.9	139.9	321.1	354.5	0		515	20260826-213130
gypw	40.5	165.0	339.7	110.5	129.4	298.5	445.4	0		516	20260826-213130
xy.v	49.2	202.0	247.9	0.0	0.0	0.0	0.0	1	xy.x	517	20260826-213130
;;.f	141.7	347.9	461.1	0.0	0.0	0.0	0.0	0		518	20260826-213130
pvbx	132.6	364.6	436.5	103.6	232.7	476.3	560.7	0		519	20260826-213130
m/qi	80.9	339.3	386.0	158.9	216.8	452.8	476.9	0		520	20260826-213130
u/wv	59.3	187.8	284.2	150.9	194.9	352.8	417.0	0		521	20260826-213130
tspa	49.3	151.8	250.4	119.9	150.8	252.1	393.2	0		522	20260826-213130
xwxk	196.1	409.3	521.6	0.0	0.0	0.0	0.0	0		523	20260826-213130
seqy	88.0	269.0	441.0	154.1	244.0	406.8	532.0	0		524	20260826-213130
azfl	198.6	367.5	460.1	89.9	311.9	469.0	581.6	0		525	20260826-213130
fm.v	94.7	265.1	340.7	106.9	185.7	390.7	474.5	0		526	20260826-213130
dij;	56.8	125.8	255.0	100.6	201.7	215.6	396.6	0		527	20260826-213130
lckv	74.6	203.1	309.3	114.1	172.8	318.2	435.0	0		528	20260826-213130
oy.w	39.2	250.2	324.0	121.9	136.7	401.8	415.7	0		529	20260826-213130
lhih	95.0	150.2	389.3	0.0	0.0	0.0	0.0	0		530	20260826-213130
nosb	44.8	152.3	300.2	155.9	171.1	283.3	431.3	0		531	20260826-213130
lel,	66.3	193.8	467.1	0.0	0.0	0.0	0.0	0		532	20260826-213130
l;jk	30.8	285.7	426.3	142.6	165.7	568.1	567.0	0		533	20260826-213130
hsqf	92.1	286.9	432.8	118.8	193.7	420.8	561.0	0		534	20260826-213130
vlxk	57.9	192.5	234.1	87.6	150.7	286.1	345.2	0		535	20260826-213130
fob;	72.1	225.9	280.2	85.7	159.0	321.2	370.7	0		536	20260826-213130
pixt	66.5	152.7	295.0	106.0	202.3	279.9	388.2	0		537	20260826-213130
oerv	73.3	151.2	393.7	117.5	233.3	260.4	0.0	1	oerf	538	20260826-213130
ohby	44.2	137.1	215.3	100.0	146.8	230.9	345.0	0		539	20260826-213130
zb/;	37.7	164.0	423.0	144.4	138.6	316.6	527.8	0		540	20260826-213130
gge/	139.0	274.7	319.0	0.0	0.0	0.0	0.0	0		541	20260826-213130
zuqb	100.3	228.3	329.6	90.3	191.1	357.3	458.2	0		542	20260826-213130
xjcs	101.6	243.6	325.7	92.4	196.6	390.6	478.5	0		543	20260826-213130
.tak	77.9	138.0	229.8	109.7	213.8	244.8	315.9	0		544	20260826-213130
h.tv	47.0	133.2	340.8	125.2	167.9	218.0	467.3	0		545	20260826-213130
wbe;	77.4	174.0	255.1	118.9	200.2	274.1	368.0	0		546	20260826-213130
n,;.	59.0	220.0	522.2	144.9	211.0	391.9	641.8	0		547	20260826-213130
,tto	117.2	262.1	378.1	0.0	0.0	0.0	0.0	0		548	20260826-213130
tzlv	46.5	135.3	258.6	114.7	158.3	231.6	383.8	0		549	20260826-213130
j/.x	85.9	266.0	324.4	133.9	193.9	394.0	435.6	0		550	20260826-213130
.c,r	0.0	0.0	0.0	0.0	0.0	0.0	0.0	1	,	551	20260826-213130
yhe;	156.0	265.2	383.0	84.1	258.2	359.9	0.0	1	yhe.	552	20260826-213130
vd,c	78.4	151.2	283.3	142.8	142.1	267.2	402.2	0		553	20260826-213130
.uii	72.2	253.2	385.9	0.0	0.0	0.0	0.0	0		554	20260826-213130
kvmd	51.9	205.2	276.0	82.9	156.8	306.9	362.9	0		555	20260826-213130
ia;.	91.2	192.2	404.7	105.9	211.2	309.8	535.9	0		556	20260826-213130
/,,k	215.3	352.6	563.0	0.0	0.0	0.0	0.0	1	/,,,	557	20260826-213130
qwri	55.3	174.8	241.6	184.3	275.2	301.2	341.2	0		558	20260826-213130
hs.y	66.8	166.0	300.8	91.9	169.9	309.9	391.3	0		559	20260826-213130
b,;a	32.4	132.0	292.5	91.6	181.8	276.7	405.6	0		560	20260826-213130
cgya	90.8	170.9	297.9	127.9	199.8	264.0	433.9	0		561	20260826-213130
,vt,	30.1	255.0	345.1	0.0	0.0	0.0	0.0	0		562	20260826-213130
vh,p	81.8	126.1	340.8	115.0	215.5	259.7	448.9	0		563	20260826-213130
npk/	49.5	253.6	439.6	138.7	172.5	367.6	582.3	0		564	20260826-213130
,hpd	80.8	240.8	295.6	138.4	176.9	366.7	391.5	0		565	20260826-213130
w;bj	78.1	215.8	251.9	103.8	163.7	314.8	354.9	0		566	20260826-213130
.kdp	51.8	145.8	294.8	154.8	181.8	238.6	408.0	0		567	20260826-213130
fhud	50.0	224.6	279.9	104.6	133.0	331.7	377.8	0		568	20260826-213130
ylwn	29.3	143.0	257.1	114.2	154.1	245.3	363.3	0		569	20260826-213130
lsr,	53.5	161.1	214.8	88.8	185.6	266.8	338.1	0		570	20260826-213130
pihm	67.7	186.9	434.7	117.9	218.9	301.0	539.9	0		571	20260826-213130
nhra	147.1	218.2	486.2	65.0	245.9	316.0	659.3	0		572	20260826-213130
;g,m	76.3	204.9	380.1	99.9	176.9	325.8	501.8	0		573	20260826-213130
;pcj	181.0	260.9	389.1	92.2	284.7	362.9	505.9	0		574	20260826-213130
vexe	47.7	295.1	497.9	0.0	0.0	0.0	0.0	0		575	20260826-213130
ixuc	88.7	193.5	344.8	106.6	185.7	308.0	448.3	0		576	20260826-213130
kayu	95.1	191.1	353.8	109.0	195.0	293.3	492.0	0		577	20260826-213130
oyfl	62.1	168.7	267.2	131.8	170.3	273.8	400.8	0		578	20260826-213130
drkw	40.9	146.8	246.5	121.9	146.1	252.8	376.9	0		579	20260826-213130
/jmz	83.7	277.7	332.9	155.0	166.5	396.2	459.8	0		580	20260826-213130
wt/s	37.9	137.8	269.7	135.9	147.7	265.9	378.1	0		581	20260826-213130
e.iz	80.1	292.0	392.2	91.9	188.8	406.1	510.9	0		582	20260826-213130
/;qy	193.6	375.6	493.7	95.6	315.5	483.7	590.9	0		583	20260826-213130
w/ra	73.0	0.0	0.0	0.0	0.0	0.0	0.0	1	wr	584	20260826-213130
vlqr	74.3	195.9	279.2	123.8	166.0	348.6	400.5	0		585	20260826-213130
qskw	100.0	225.6	347.8	187.6	219.6	327.5	457.6	0		586	20260826-213130
n;pr	70.7	289.1	359.5	144.4	179.4	389.2	455.3	0		587	20260826-213130
;reu	93.1	245.7	0.0	94.7	189.1	0.0	0.0	1	;ri	588	20260826-213130
gfez	184.2	380.3	615.0	89.3	288.1	465.1	723.2	0		589	20260826-213130
/btz	58.7	250.7	387.8	111.3	142.5	351.6	540.9	0		590	20260826-213130
bkoh	71.3	171.3	354.9	99.8	234.1	288.8	467.0	0		591	20260826-213130
okzj	63.1	180.1	0.0	119.2	170.2	0.0	0.0	1	okj	592	20260826-213130
cjfo	69.7	171.0	271.6	86.7	147.8	277.8	379.8	0		593	20260826-213130
mnli	159.7	348.2	437.1	79.8	270.4	510.8	563.1	0		594	20260826-213130
dtg;	32.2	240.3	277.0	103.1	120.1	332.8	370.0	0		595	20260826-213130
;rv;	63.8	292.8	340.7	0.0	0.0	0.0	0.0	0		596	20260826-213130
syjq	53.1	232.5	264.2	96.0	116.9	341.6	380.8	0		597	20260826-213130
vkad	113.6	220.5	351.5	137.4	198.5	367.5	443.6	0		598	20260826-213130
yzqy	26.3	238.2	0.0	83.5	139.4	0.0	0.0	1	yzg	599	20260826-213130
hqui	46.9	194.9	273.8	93.8	168.8	367.9	449.0	0		600	20260826-213130
dmny	98.8	243.0	415.5	90.0	164.8	316.1	499.7	0		601	20260826-213130
xh,g	51.9	214.1	331.0	118.6	142.8	369.9	424.9	0		602	20260826-213130
zghs	86.9	189.6	300.8	155.7	195.6	289.8	409.8	0		603	20260826-213130
,fxg	82.2	236.7	457.3	123.1	216.0	369.0	570.5	0		604	20260826-213130
pk.w	173.5	405.5	494.3	115.3	291.7	547.3	584.5	0		605	20260826-213130
njvp	159.4	354.8	406.1	0.0	0.0	0.0	0.0	1	njvv	606	20260826-213130
wrqe	90.0	249.6	358.6	150.6	216.6	450.0	0.0	0		607	20260826-213130
nrua	58.9	180.2	283.2	87.8	143.2	287.0	392.2	0		608	20260826-213130
olx,	194.1	294.8	410.1	89.8	297.8	397.9	535.0	0		609	20260826-213130
/j/u	46.8	215.9	319.0	0.0	0.0	0.0	0.0	0		610	20260826-213130
janz	43.7	190.0	294.9	74.5	146.7	274.7	428.1	0		611	20260826-213130
olwp	175.8	289.6	361.4	93.8	272.5	404.6	499.9	0		612	20260826-213130
lees	71.7	218.1	476.8	0.0	0.0	0.0	0.0	0		613	20260826-213130
tiyw	56.2	195.3	307.4	91.6	139.4	293.2	413.3	0		614	20260826-213130
brnk	198.2	249.5	424.9	76.8	292.0	356.0	525.1	0		615	20260826-213130
pukj	74.1	264.1	390.1	125.8	174.0	418.1	537.2	0		616	20260826-213130
lbjz	32.6	173.1	281.8	104.8	124.7	288.8	400.7	0		617	20260826-213130
vghe	187.7	280.4	398.6	91.8	274.7	387.7	472.6	0		618	20260826-213130
byum	79.2	222.1	468.7	104.5	160.1	337.4	568.7	0		619	20260826-213130
xoll	56.1	231.5	362.4	0.0	0.0	0.0	0.0	0		620	20260826-213130
pghc	71.7	159.3	312.1	100.3	155.5	286.1	404.7	0		621	20260826-213130
nfqt	47.7	178.7	294.8	74.6	124.8	363.8	400.6	0		622	20260826-213130
rmsp	115.0	202.0	284.0	90.0	189.7	306.1	371.9	0		623	20260826-213130
vqmh	74.9	125.8	265.4	158.9	177.6	191.9	376.0	0		624	20260826-213130
xris	112.0	236.1	315.9	143.9	204.9	339.0	420.3	0		625	20260826-213130
ohjj	54.7	249.3	396.7	0.0	0.0	0.0	0.0	0		1	20260828-225120
kwhg	66.8	194.3	281.9	111.9	164.8	289.7	381.1	0		2	20260828-225120
ezmf	172.4	286.1	406.8	62.0	297.5	398.0	498.4	0		3	20260828-225120
j;s;	94.1	195.3	358.0	0.0	0.0	0.0	0.0	0		4	20260828-225120
,u;i	83.8	279.8	430.9	161.8	207.5	443.8	604.8	0		5	20260828-225120
ls.m	79.1	271.1	388.0	112.8	177.9	0.0	0.0	1	ls.j	6	20260828-225120
htsa	87.5	260.6	366.5	126.5	166.6	450.5	542.6	0		7	20260828-225120
bfb,	199.7	419.7	691.7	0.0	0.0	0.0	0.0	0		8	20260828-225120
zkli	100.1	330.7	437.8	148.8	191.8	508.1	571.9	0		9	20260828-225120
hf,t	85.8	222.6	315.5	93.9	169.8	341.5	396.7	0		10	20260828-225120
bwip	71.2	163.8	282.4	134.7	170.5	361.5	413.5	0		11	20260828-225120
/nrt	160.1	232.9	419.2	119.3	257.0	323.2	519.0	0		12	20260828-225120
nfqc	48.1	161.2	459.3	106.1	139.0	306.1	566.0	0		13	20260828-225120
q.yy	69.5	247.9	387.9	0.0	0.0	0.0	0.0	0		14	20260828-225120
nfpt	57.2	204.0	287.7	100.7	134.7	311.7	384.6	0		15	20260828-225120
mvci	31.8	215.0	228.8	88.7	120.7	297.7	324.8	0		16	20260828-225120
zbre	101.6	341.6	0.0	134.5	205.9	0.0	0.0	1	zbe	17	20260828-225120
dqku	45.2	173.5	247.0	105.7	173.0	336.9	363.4	0		18	20260828-225120
qgy;	58.2	171.6	288.8	144.1	175.1	288.1	423.1	0		19	20260828-225120
il/a	125.2	255.4	417.7	210.1	189.9	449.8	548.0	0		20	20260828-225120
mapm	80.8	165.8	291.5	0.0	0.0	0.0	0.0	0		21	20260828-225120
,phi	182.3	226.3	406.8	104.4	316.6	372.4	551.8	0		22	20260828-225120
mcyv	76.1	212.0	327.0	88.9	179.1	314.0	459.7	0		23	20260828-225120
jf;b	77.3	151.3	292.0	90.1	161.9	263.1	399.9	0		24	20260828-225120
xuuu	91.7	224.9	374.9	0.0	0.0	0.0	0.0	0		25	20260828-225120
idaa	60.8	244.8	427.8	0.0	0.0	0.0	0.0	0		26	20260828-225120
;tpx	64.9	208.7	327.2	88.8	148.0	308.8	428.9	0		27	20260828-225120
kgkw	72.8	184.6	244.0	0.0	0.0	0.0	0.0	0		28	20260828-225120
/mm;	195.6	322.0	509.6	0.0	0.0	0.0	0.0	1	/mmm	29	20260828-225120
tzlj	57.9	245.0	424.3	164.7	233.2	410.0	574.1	0		30	20260828-225120
,,cd	133.5	215.5	414.6	0.0	0.0	0.0	0.0	0		31	20260828-225120
gh;d	54.7	149.9	250.0	99.7	141.9	269.0	340.3	0		32	20260828-225120
drtn	90.0	266.9	381.0	115.2	123.1	373.9	490.9	0		33	20260828-225120
otpf	92.9	205.5	329.5	109.7	178.5	331.6	436.4	0		34	20260828-225120
;l,a	74.8	419.7	0.0	224.7	203.7	0.0	0.0	1	;l.	35	20260828-225120
pgng	89.1	199.4	294.2	0.0	0.0	0.0	0.0	0		36	20260828-225120
uvxu	85.8	249.0	294.9	0.0	0.0	0.0	0.0	0		37	20260828-225120
alwb	92.1	225.9	364.5	117.9	196.8	363.8	0.0	1	alwv	38	20260828-225120
nsde	61.3	211.2	417.1	105.1	174.9	301.7	518.6	0		39	20260828-225120
nonx	74.8	253.7	462.6	0.0	0.0	0.0	0.0	0		40	20260828-225120
xzbo	35.0	293.5	384.1	134.9	190.9	394.9	488.9	0		41	20260828-225120
ursf	70.8	225.8	340.9	119.9	156.7	410.0	443.7	0		42	20260828-225120
hxz.	71.9	296.2	362.9	96.8	174.9	423.8	479.9	0		43	20260828-225120
iixi	133.0	303.9	406.0	0.0	0.0	0.0	0.0	0		44	20260828-225120
mdwm	57.0	223.3	332.6	0.0	0.0	0.0	0.0	0		45	20260828-225120
bmby	78.1	195.1	319.8	0.0	0.0	0.0	0.0	0		46	20260828-225120
jszz	92.0	351.1	538.1	0.0	0.0	0.0	0.0	0		47	20260828-225120
;qcb	77.3	329.3	510.3	118.2	200.1	475.4	578.4	0		48	20260828-225120
;ews	106.1	165.2	395.3	99.4	223.3	285.1	495.2	0		49	20260828-225120
x,dp	94.2	219.0	306.5	99.5	196.2	288.8	405.8	0		50	20260828-225120
qv/b	98.5	202.1	366.5	150.5	223.1	331.1	443.2	0		51	20260828-225120
jd.i	106.7	191.7	341.9	102.4	195.7	394.9	468.3	0		1	20260829-092512
x.	76.0	0.0	0.0	101.8	194.0	0.0	0.0	0		2	20260829-092512
gw	85.9	0.0	0.0	144.7	205.7	0.0	0.0	0		3	20260829-092512
,/bp	55.8	227.5	317.3	171.9	168.5	324.5	0.0	0		4	20260829-092512
zn.g	107.0	207.2	317.4	137.9	212.0	335.9	408.8	0		5	20260829-092512
vhva	0.0	0.0	0.0	0.0	0.0	0.0	0.0	1	h	6	20260829-092512
zm	70.9	0.0	0.0	119.7	164.1	0.0	0.0	0		7	20260829-092512
gkhh	98.3	277.8	425.8	0.0	0.0	0.0	0.0	0		8	20260829-092512
kka;	136.2	299.5	395.7	0.0	0.0	0.0	0.0	0		9	20260829-092512
ra,f	56.1	167.1	314.3	133.9	155.8	364.4	448.0	0		1	20260829-140609
g;iz	64.0	186.0	271.0	83.8	163.0	301.8	413.4	0		2	20260829-140609
g,ql	72.6	200.0	304.9	91.8	171.7	317.7	428.0	0		3	20260829-140609
z,	73.3	0.0	0.0	103.0	162.2	0.0	0.0	0		4	20260829-140609
skgp	85.0	198.6	258.5	87.3	164.6	286.4	344.5	0		5	20260829-140609
plm,	223.0	434.8	636.9	107.9	351.3	546.1	749.0	0		6	20260829-140609
mv;i	101.5	215.1	338.1	118.0	230.9	313.2	483.0	0		7	20260829-140609
oee/	73.8	219.7	359.8	81.6	134.7	302.8	469.6	0		8	20260829-140609
uuuq	146.1	296.4	465.8	76.2	214.8	378.3	565.4	0		9	20260829-140609
wq	90.7	0.0	0.0	144.6	220.4	0.0	0.0	0		10	20260829-140609
pd	85.2	0.0	0.0	102.8	156.3	0.0	0.0	0		11	20260829-140609
md/;	124.8	176.1	401.1	151.6	212.9	304.1	513.1	0		12	20260829-140609
ocfl	83.2	180.8	273.8	90.7	210.8	288.8	407.0	0		13	20260829-140609
di	79.7	0.0	0.0	77.6	171.7	0.0	0.0	0		14	20260829-140609
zg	71.8	0.0	0.0	142.9	173.7	0.0	0.0	0		15	20260829-140609
ca	71.9	0.0	0.0	136.1	212.8	0.0	0.0	0		16	20260829-140609
wo	58.7	0.0	0.0	87.3	158.7	0.0	0.0	0		17	20260829-140609
uo	72.7	0.0	0.0	109.9	166.8	0.0	0.0	0		18	20260829-140609
degg	176.0	332.9	497.0	72.0	236.9	424.1	585.8	0		19	20260829-140609
jf	65.8	0.0	0.0	80.3	143.4	0.0	0.0	0		20	20260829-140609
s/su	46.0	184.2	261.0	76.0	153.8	277.1	348.0	0		21	20260829-140609
,quw	59.6	218.5	328.6	106.6	170.5	313.5	441.8	0		22	20260829-140609
lb	69.6	0.0	0.0	92.0	142.6	0.0	0.0	0		23	20260829-140609
.ek;	105.0	207.2	347.0	114.8	210.0	349.3	486.2	0		24	20260829-140609
cf	77.2	0.0	0.0	133.3	187.8	0.0	0.0	0		25	20260829-140609
u;fl	58.4	161.6	292.3	135.9	157.9	249.8	435.7	0		26	20260829-140609
taix	59.0	143.8	302.3	127.9	166.8	239.9	421.8	0		27	20260829-140609
kom;	41.2	259.3	424.0	166.5	174.9	412.0	562.2	0		28	20260829-140609
qd	98.2	0.0	0.0	146.6	203.8	0.0	0.0	0		29	20260829-140609
akov	53.3	153.0	271.0	109.9	247.8	274.6	388.9	0		30	20260829-140609
chpc	48.1	150.9	247.4	85.3	142.0	264.0	345.0	0		31	20260829-140609
vtts	273.0	428.1	603.9	105.7	346.8	530.8	694.1	0		32	20260829-140609
eeno	149.0	307.2	418.4	59.4	233.2	491.0	504.2	0		33	20260829-140609
ud	42.0	0.0	0.0	85.2	111.0	0.0	0.0	0		34	20260829-140609
fqld	42.9	152.0	291.8	131.1	159.8	251.8	381.9	0		35	20260829-140609
vl	66.1	0.0	0.0	91.8	142.9	0.0	0.0	0		36	20260829-140609
obio	91.1	174.1	277.0	94.9	178.1	374.2	398.3	0		37	20260829-140609
gug/	49.8	203.9	261.9	80.5	132.7	294.0	371.7	0		38	20260829-140609
mv	68.0	0.0	0.0	89.7	167.9	0.0	0.0	0		39	20260829-140609
yjht	169.2	317.2	390.4	74.3	242.4	398.1	473.1	0		40	20260829-140609
ackr	179.9	301.1	404.3	101.8	264.9	382.8	0.0	1	acke	41	20260829-140609
usp.	87.2	141.7	641.8	99.6	187.5	270.1	760.8	0		42	20260829-140609
sroa	78.2	203.8	300.0	153.1	168.1	311.0	417.2	0		43	20260829-140609
kzqr	56.2	266.2	441.1	99.9	161.0	395.0	561.1	0		44	20260829-140609
/v	72.0	0.0	0.0	121.8	178.2	0.0	0.0	0		45	20260829-140609
zoxh	46.3	223.2	288.2	113.8	135.8	327.7	387.4	0		46	20260829-140609
ns,i	84.3	191.1	388.1	98.0	183.2	280.2	482.1	0		47	20260829-140609
vi.x	114.3	317.1	403.1	100.0	199.0	436.2	498.2	0		48	20260829-140609
b.;l	44.1	238.4	433.7	100.2	148.9	356.7	594.7	0		49	20260829-140609
,/	94.2	0.0	0.0	175.9	243.9	0.0	0.0	0		50	20260829-140609
dehy	164.4	280.3	626.5	62.2	246.3	510.5	737.4	0		51	20260829-140609
isng	28.9	182.9	236.3	79.1	119.1	273.9	325.7	0		52	20260829-140609
zs	101.5	0.0	0.0	207.0	232.1	0.0	0.0	0		53	20260829-140609
grq;	190.6	252.7	429.7	85.8	305.7	396.5	552.7	0		54	20260829-140609
ys	38.1	0.0	0.0	92.5	119.6	0.0	0.0	0		55	20260829-140609
r;v.	38.9	249.8	267.0	76.9	135.7	366.1	357.0	0		56	20260829-140609
n;ug	68.1	179.9	0.0	143.1	172.1	0.0	0.0	1	n;g	57	20260829-140609
fjel	60.1	156.0	230.2	79.0	144.9	248.5	342.1	0		58	20260829-140609
/;r;	199.1	350.6	423.8	89.5	308.8	427.6	535.7	0		59	20260829-140609
xex.	196.6	381.4	475.0	86.8	262.9	478.6	582.7	0		60	20260829-140609
yj	171.1	0.0	0.0	79.0	266.1	0.0	0.0	0		61	20260829-140609
a.sy	109.1	212.8	334.0	97.9	208.6	304.8	411.6	0		62	20260829-140609
s;xv	80.2	236.1	313.9	98.1	174.8	357.1	428.0	0		63	20260829-140609
pzrz	100.4	269.4	464.3	91.7	233.6	356.4	582.6	0		64	20260829-140609
,ar/	83.0	155.9	289.6	105.8	231.6	263.6	374.9	0		65	20260829-140609
n.cb	75.8	196.2	300.0	145.2	193.0	325.9	376.7	0		66	20260829-140609
.djk	48.1	204.9	310.1	101.9	139.8	386.2	407.9	0		67	20260829-140609
,zk/	97.1	198.4	421.1	93.1	216.0	289.7	499.8	0		68	20260829-140609
sm;v	75.1	150.6	281.9	118.7	211.8	270.9	403.9	0		69	20260829-140609
mqa/	46.0	244.0	0.0	92.9	150.8	0.0	0.0	1	mqq	70	20260829-140609
fx	56.9	0.0	0.0	124.0	166.0	0.0	0.0	0		71	20260829-140609
rs	58.9	0.0	0.0	129.7	175.7	0.0	0.0	0		72	20260829-140609
dp.x	52.9	274.9	357.0	84.5	137.0	387.9	432.9	0		73	20260829-140609
yi/h	69.3	241.1	422.2	148.2	179.1	393.0	524.5	0		74	20260829-140609
umn,	212.4	381.5	578.5	93.2	290.1	458.3	669.2	0		76	20260829-140609
w;bl	87.2	235.9	292.8	93.1	177.9	325.8	405.0	0		77	20260829-140609
fd	83.7	0.0	0.0	130.6	218.6	0.0	0.0	0		78	20260829-140609
/teh	107.4	275.5	318.3	113.4	202.9	358.4	404.6	0		79	20260829-140609
s/	55.0	0.0	0.0	86.8	143.9	0.0	0.0	0		80	20260829-140609
/oyn	252.3	335.1	545.0	135.4	399.1	422.0	627.2	0		81	20260829-140609
/c	63.8	0.0	0.0	78.9	138.8	0.0	0.0	0		82	20260829-140609
bdnf	77.1	208.6	313.6	119.6	178.5	307.7	402.9	0		83	20260829-140609
z,	103.4	0.0	0.0	118.8	180.9	0.0	0.0	0		84	20260829-140609
;.rj	198.1	308.2	424.3	101.7	334.9	386.6	527.9	0		85	20260829-140609
,j	39.0	0.0	0.0	105.3	136.0	0.0	0.0	0		86	20260829-140609
qc	203.2	0.0	0.0	87.4	284.2	0.0	0.0	0		87	20260829-140609
,b	41.3	0.0	0.0	76.2	119.0	0.0	0.0	0		88	20260829-140609
tkug	47.2	160.0	310.9	97.8	161.6	278.9	408.0	0		89	20260829-140609
bovb	36.9	216.3	0.0	81.1	122.1	0.0	0.0	1	bob	90	20260829-140609
;y	70.9	0.0	0.0	116.7	146.4	0.0	0.0	0		91	20260829-140609
njcr	169.2	432.9	586.1	63.5	255.2	526.2	0.0	1	njcc	92	20260829-140609
mzlj	102.9	210.6	281.5	106.3	234.5	362.7	438.7	0		93	20260829-140609
l/ef	34.6	133.5	220.0	127.6	146.4	258.8	339.6	0		94	20260829-140609
lo	175.8	0.0	0.0	84.8	265.0	0.0	0.0	0		95	20260829-140609
,pxu	83.9	223.0	311.1	158.0	225.2	320.9	415.9	0		96	20260829-140609
zf	87.9	0.0	0.0	145.9	177.7	0.0	0.0	0		97	20260829-140609
vdrz	79.9	255.3	433.9	126.8	285.8	338.0	588.9	0		98	20260829-140609
hu/n	154.0	369.0	655.9	74.2	248.2	465.0	745.1	0		99	20260829-140609
w/g;	105.3	215.6	313.5	89.3	181.1	305.3	412.2	0		100	20260829-140609
qzk,	202.0	299.3	479.1	73.9	306.9	374.3	566.2	0		101	20260829-140609
,s	48.4	0.0	0.0	91.3	131.4	0.0	0.0	0		1	20260829-150529
unlx	190.2	330.1	417.0	91.7	272.1	450.1	525.0	0		2	20260829-150529
/.pg	74.0	343.7	447.0	165.7	216.6	467.9	532.5	0		3	20260829-150529
kh;z	54.0	203.1	311.8	124.0	160.1	341.0	441.8	0		4	20260829-150529
st	95.0	0.0	0.0	137.9	194.0	0.0	0.0	0		5	20260829-150529
yxfv	46.9	206.9	423.0	88.0	188.9	306.0	539.8	0		6	20260829-150529
/r;m	67.8	259.3	432.9	87.9	165.4	384.9	531.0	0		7	20260829-150529
yzak	21.5	248.2	310.2	72.8	133.0	351.0	397.0	0		8	20260829-150529
hz	56.5	0.0	0.0	80.9	172.2	0.0	0.0	0		9	20260829-150529
;wkt	77.0	184.0	313.0	107.6	162.9	284.3	402.9	0		10	20260829-150529
zh,d	80.4	240.9	327.0	115.9	165.9	351.9	409.7	0		11	20260829-150529
ociw	113.3	179.2	358.3	92.9	203.0	288.1	457.9	0		12	20260829-150529
hfnn	89.2	246.5	391.5	97.2	176.3	314.3	485.2	0		13	20260829-150529
vexl	60.0	303.0	353.9	135.1	141.0	391.2	444.9	0		14	20260829-150529
vf	160.7	0.0	0.0	85.4	256.3	0.0	0.0	0		15	20260829-150529
r.z/	60.0	208.1	300.1	82.9	155.0	342.9	404.9	0		16	20260829-150529
w,	56.4	0.0	0.0	79.8	138.4	0.0	0.0	0		17	20260829-150529
z/	54.7	0.0	0.0	105.0	150.6	0.0	0.0	0		18	20260829-150529
kv	32.4	0.0	0.0	82.1	120.3	0.0	0.0	0		19	20260829-150529
iuuv	172.0	318.2	456.3	93.1	246.0	421.3	544.3	0		20	20260829-150529
ajyw	86.5	279.1	325.2	107.4	163.4	354.5	420.2	0		21	20260829-150529
z.rq	100.0	232.0	417.0	103.9	206.0	365.2	585.7	0		22	20260829-150529
fm	63.1	0.0	0.0	78.9	154.0	0.0	0.0	0		23	20260829-150529
he	29.8	0.0	0.0	78.0	91.0	0.0	0.0	0		24	20260829-150529
oncl	60.8	144.9	253.0	120.0	146.3	219.7	339.8	0		25	20260829-150529
kzvv	47.2	270.0	422.4	83.0	164.3	366.4	537.1	0		26	20260829-150529
miwa	58.9	134.6	341.2	127.0	169.7	243.1	449.9	0		27	20260829-150529
wgmy	79.9	145.4	316.5	144.6	162.6	218.7	403.8	0		28	20260829-150529
ee	138.6	0.0	0.0	66.0	217.7	0.0	0.0	0		29	20260829-150529
mfqb	81.8	151.5	328.6	99.7	181.5	315.5	463.7	0		30	20260829-150529
yghv	94.0	196.0	322.1	78.1	171.6	281.2	431.0	0		31	20260829-150529
ptiv	76.9	126.8	305.2	85.9	150.7	276.2	421.8	0		32	20260829-150529
sl	67.3	0.0	0.0	90.5	151.3	0.0	0.0	0		33	20260829-150529
rrha	152.8	298.2	326.5	77.1	235.8	388.9	432.8	0		34	20260829-150529
pn,i	77.7	334.5	529.6	153.5	199.6	423.5	612.6	0		35	20260829-150529
h.id	65.4	242.3	338.3	114.3	159.2	322.2	407.4	0		36	20260829-150529
.a/f	92.1	211.9	385.9	98.2	205.9	360.9	477.9	0		37	20260829-150529
nj	160.8	0.0	0.0	64.0	244.9	0.0	0.0	0		38	20260829-150529
usnp	67.0	204.1	362.0	88.9	169.7	313.7	479.7	0		39	20260829-150529
pxlm	82.1	220.5	238.1	71.3	186.3	357.0	417.3	0		40	20260829-150529
r.pf	23.9	258.9	325.0	76.9	129.7	373.8	406.5	0		41	20260829-150529
te	60.3	0.0	0.0	120.1	183.0	0.0	0.0	0		42	20260829-150529
vx;.	39.2	125.9	359.9	109.9	142.8	236.9	475.9	0		43	20260829-150529
m,pj	41.5	284.4	448.3	160.5	203.3	414.6	551.3	0		44	20260829-150529
cgpo	68.5	143.3	227.4	126.2	142.5	358.1	372.0	0		45	20260829-150529
/t	73.7	0.0	0.0	104.7	152.6	0.0	0.0	0		46	20260829-150529
ysla	55.5	137.6	260.7	76.4	128.8	239.5	369.5	0		47	20260829-150529
xzyp	69.9	0.0	0.0	0.0	0.0	0.0	0.0	1	xa	48	20260829-150529
cs/y	40.8	131.8	278.0	100.1	150.6	293.6	367.0	0		49	20260829-150529
/qtu	42.8	183.7	235.8	104.6	131.9	277.6	342.8	0		50	20260829-150529
mzgn	88.7	250.6	338.3	99.6	197.6	346.5	399.2	0		51	20260829-150529
jq	44.1	0.0	0.0	88.2	139.5	0.0	0.0	0		52	20260829-150529
nutq	172.9	260.9	366.9	70.1	265.8	360.9	518.0	0		53	20260829-150529
upsl	67.9	148.6	323.6	134.9	179.5	256.6	423.8	0		54	20260829-150529
.g	58.8	0.0	0.0	107.0	145.0	0.0	0.0	0		55	20260829-150529
muha	160.1	313.4	349.2	60.0	231.1	399.1	459.4	0		56	20260829-150529
qy	85.0	0.0	0.0	100.2	161.0	0.0	0.0	0		57	20260829-150529
,c	51.3	0.0	0.0	111.1	125.1	0.0	0.0	0		58	20260829-150529
d..;	104.0	245.2	458.1	68.0	173.5	352.1	556.0	0		59	20260829-150529
es	77.8	0.0	0.0	118.9	192.8	0.0	0.0	0		60	20260829-150529
rnfn	84.0	354.6	420.8	87.5	181.5	456.6	520.9	0		61	20260829-150529
lyea	66.1	119.8	161.6	125.7	164.8	240.0	310.9	0		62	20260829-150529
hyto	178.2	284.1	366.3	68.1	248.1	369.0	471.0	0		63	20260829-150529
br	192.1	0.0	0.0	65.9	273.1	0.0	0.0	0		64	20260829-150529
bf	174.1	0.0	0.0	72.0	249.9	0.0	0.0	0		65	20260829-150529
sc	54.8	0.0	0.0	130.9	171.8	0.0	0.0	0		66	20260829-150529
;m.k	43.4	241.5	415.7	120.7	162.5	395.5	515.9	0		67	20260829-150529
ra	67.9	0.0	0.0	123.3	191.4	0.0	0.0	0		68	20260829-150529
ks	35.9	0.0	0.0	85.7	125.7	0.0	0.0	0		69	20260829-150529
zkku	75.2	215.5	383.9	105.8	139.9	322.8	494.8	0		70	20260829-150529
xoqp	100.6	186.7	304.6	95.4	190.7	303.9	392.9	0		71	20260829-150529
kdzq	42.7	223.0	458.0	90.7	122.1	346.5	564.1	0		72	20260829-150529
;u	70.9	0.0	0.0	112.9	159.9	0.0	0.0	0		73	20260829-150529
eqje	37.9	146.0	239.2	105.1	138.2	231.1	317.2	0		74	20260829-150529
os,u	70.3	274.3	461.4	89.1	166.1	393.1	557.4	0		75	20260829-150529
cl,e	41.4	246.1	329.4	78.1	139.0	352.2	404.1	0		76	20260829-150529
twpp	39.9	141.9	287.3	104.0	138.2	213.8	389.8	0		77	20260829-150529
affa	223.9	374.5	512.9	112.1	308.9	471.6	636.8	0		78	20260829-150529
odie	77.7	162.7	267.7	83.6	147.5	257.4	339.6	0		79	20260829-150529
cl	62.2	0.0	0.0	79.0	135.0	0.0	0.0	0		80	20260829-150529
ct.m	83.1	121.1	241.8	124.7	168.0	233.8	356.1	0		81	20260829-150529
x,	85.8	0.0	0.0	85.1	173.5	0.0	0.0	0		82	20260829-150529
lnok	141.6	235.7	445.7	70.5	305.6	317.4	537.6	0		83	20260829-150529
ifih	56.6	170.8	343.1	82.4	132.8	285.5	440.8	0		84	20260829-150529
wi	74.8	0.0	0.0	82.8	143.3	0.0	0.0	0		85	20260829-150529
aj	41.3	0.0	0.0	81.2	124.9	0.0	0.0	0		86	20260829-150529
xiva	55.6	234.5	316.9	94.6	131.5	365.6	448.1	0		87	20260829-150529
hy	162.6	0.0	0.0	64.3	246.7	0.0	0.0	0		88	20260829-150529
.ahs	76.7	186.6	415.1	114.9	195.9	299.7	513.8	0		89	20260829-150529
dssp	158.0	310.9	388.0	66.8	243.8	404.0	483.8	0		90	20260829-150529
xfoz	91.5	174.3	328.8	147.8	177.8	276.8	445.9	0		91	20260829-150529
oj	59.0	0.0	0.0	103.4	163.9	0.0	0.0	0		92	20260829-150529
ffjx	154.9	281.0	393.2	72.9	240.9	377.7	490.7	0		93	20260829-150529
.qs/	21.0	208.8	297.7	116.9	155.8	319.7	417.2	0		94	20260829-150529
kq	39.9	0.0	0.0	84.9	142.3	0.0	0.0	0		95	20260829-150529
sckm	79.8	172.6	238.4	116.4	185.4	286.8	370.7	0		96	20260829-150529
ztas	23.0	291.4	481.0	150.8	143.6	542.1	589.5	0		97	20260829-150529
dt	89.5	0.0	0.0	117.4	188.9	0.0	0.0	0		98	20260829-150529
jd,i	71.0	181.0	359.9	88.1	160.0	248.0	432.1	0		99	20260829-150529
;.	230.7	0.0	0.0	96.9	336.6	0.0	0.0	0		100	20260829-150529
xpel	76.3	206.2	270.2	74.2	157.9	276.9	361.8	0		101	20260829-150529
vypx	100.0	225.0	326.1	127.8	169.0	334.8	418.1	0		102	20260829-150529
/uj/	65.9	290.7	391.7	131.7	157.8	442.7	511.9	0		103	20260829-150529
xi	59.8	0.0	0.0	95.8	127.7	0.0	0.0	0		104	20260829-150529
coks	29.2	177.2	259.6	77.6	112.1	296.0	353.5	0		105	20260829-150529
h/lu	34.1	270.1	322.9	114.8	156.7	413.8	470.2	0		106	20260829-150529
jvlo	86.2	197.9	373.0	101.0	217.8	264.9	450.0	0		107	20260829-150529
ssfq	156.3	248.3	419.1	93.2	261.4	486.1	547.9	0		108	20260829-150529
,t	62.7	0.0	0.0	97.0	139.8	0.0	0.0	0		109	20260829-150529
es	94.5	0.0	0.0	117.6	220.0	0.0	0.0	0		110	20260829-150529
au	33.9	0.0	0.0	86.8	122.8	0.0	0.0	0		111	20260829-150529
knol	125.9	194.0	400.3	78.8	266.3	296.0	496.2	0		112	20260829-150529
y.oh	47.9	256.0	352.2	132.0	150.0	391.0	445.9	0		113	20260829-150529
ms	52.7	0.0	0.0	102.7	145.7	0.0	0.0	0		114	20260829-150529
jq/q	68.2	176.9	261.9	88.3	175.7	295.7	376.8	0		115	20260829-150529
eamf	52.7	147.7	270.0	113.0	167.8	241.2	378.1	0		116	20260829-150529
grki	177.7	282.6	455.0	80.1	273.7	357.8	535.7	0		117	20260829-150529
.ncm	61.9	198.2	297.6	142.0	143.6	285.0	384.9	0		118	20260829-150529
pwvt	73.7	262.9	486.5	103.7	180.8	363.8	573.9	0		119	20260829-150529
r.	54.0	0.0	0.0	75.9	151.1	0.0	0.0	0		120	20260829-150529
de	153.2	0.0	0.0	67.8	226.9	0.0	0.0	0		121	20260829-150529
dh	73.1	0.0	0.0	69.9	156.8	0.0	0.0	0		122	20260829-150529
ucv;	53.3	124.1	251.4	82.4	192.5	238.6	365.2	0		123	20260829-150529
wsh;	185.9	223.6	389.9	77.1	281.7	304.6	0.0	1	wsh/	124	20260829-150529
wyy;	121.9	246.8	455.0	95.0	185.9	343.9	552.4	0		125	20260829-150529
qxiz	211.8	287.5	462.7	92.6	295.5	368.7	588.7	0		126	20260829-150529
/rt.	62.1	243.1	287.9	103.9	149.9	337.8	414.1	0		127	20260829-150529
iagf	31.0	201.7	405.9	88.0	132.2	295.8	499.0	0		128	20260829-150529
snq.	101.2	204.9	286.3	98.0	161.0	302.3	392.0	0		129	20260829-150529
c;vp	86.2	225.0	317.2	104.0	180.9	342.2	418.5	0		130	20260829-150529
vwn;	65.8	95.2	186.8	122.8	153.7	248.7	306.7	0		131	20260829-150529
ongi	80.0	181.1	268.8	147.3	173.0	268.0	349.2	0		132	20260829-150529
/lin	206.2	300.1	453.6	103.0	355.0	452.8	587.9	0		133	20260829-150529
nyxm	180.9	222.1	395.8	69.9	251.9	331.0	474.0	0		134	20260829-150529
;ukc	76.6	261.8	376.7	134.6	185.9	370.8	455.7	0		135	20260829-150529
wb;h	52.9	147.8	246.9	117.8	142.0	306.2	342.8	0		136	20260829-150529
./	62.5	0.0	0.0	159.5	214.4	0.0	0.0	0		137	20260829-150529
q;,m	67.2	305.0	449.0	123.9	186.1	415.2	575.4	0		138	20260829-150529
w/	6.0	0.0	0.0	86.9	118.4	0.0	0.0	0		139	20260829-150529
q/uh	60.7	190.4	381.3	130.2	175.2	277.4	472.4	0		140	20260829-150529
ps,x	77.1	232.9	349.8	91.8	180.9	351.9	454.0	0		141	20260829-150529
kwtm	18.9	151.6	204.3	73.9	105.2	255.0	300.2	0		142	20260829-150529
mzmn	58.7	188.8	0.0	76.8	167.5	0.0	0.0	1	mzn	143	20260829-150529
.ngc	68.6	270.3	364.5	166.4	150.8	409.6	455.4	0		144	20260829-150529
ejzz	50.9	226.7	411.3	71.6	131.8	322.8	521.0	0		145	20260829-150529
pfop	77.7	212.7	337.8	86.6	166.7	416.9	500.9	0		146	20260829-150529
,wqo	67.9	255.8	295.9	124.1	162.8	363.2	386.5	0		147	20260829-150529
xuhx	61.8	229.0	252.7	95.7	130.2	308.7	357.8	0		148	20260829-150529
,.ey	81.0	189.9	348.0	184.2	195.9	279.0	427.1	0		149	20260829-150529
.mkl	153.7	244.6	370.9	133.9	356.1	426.7	513.1	0		150	20260829-150529
myah	187.8	206.7	346.9	74.6	238.7	310.6	440.7	0		151	20260829-150529
ol	185.1	0.0	0.0	70.4	271.2	0.0	0.0	0		152	20260829-150529
rv	202.8	0.0	0.0	65.8	289.0	0.0	0.0	0		153	20260829-150529
kpb/	72.8	263.1	341.9	155.8	191.2	335.6	0.0	1	kpb;	154	20260829-150529
ee/;	154.9	247.9	481.4	64.8	231.7	382.8	581.2	0		155	20260829-150529
fo	83.2	0.0	0.0	82.6	158.0	0.0	0.0	0		156	20260829-150529
j/kg	54.9	256.9	349.8	129.0	172.2	356.4	428.9	0		157	20260829-150529
hoxx	59.0	179.0	338.1	80.9	138.0	255.4	428.2	0		158	20260829-150529
i.po	209.1	448.3	0.0	103.0	306.0	0.0	0.0	1	i.o	159	20260829-150529
kr,x	68.9	198.3	293.1	85.2	152.1	305.0	386.9	0		160	20260829-150529
p/	209.1	0.0	0.0	85.1	289.1	0.0	0.0	0		161	20260829-150529
lxpp	86.2	234.2	385.1	109.1	197.3	313.2	485.0	0		162	20260829-150529
e;du	55.9	195.7	266.9	68.9	146.7	278.1	363.7	0		163	20260829-150529
hgdq	88.7	252.2	428.9	85.9	174.8	349.1	582.9	0		164	20260829-150529
hbqx	40.2	191.1	420.1	83.1	143.3	308.3	0.0	1	hbqs	165	20260829-150529
si	58.0	0.0	0.0	90.7	135.0	0.0	0.0	0		166	20260829-150529
mi	73.8	0.0	0.0	137.9	151.6	0.0	0.0	0		167	20260829-150529
gabk	37.7	233.8	318.9	103.3	134.9	334.8	390.0	0		168	20260829-150529
xvg;	72.2	252.1	285.0	115.7	165.9	347.9	399.9	0		169	20260829-150529
hq	31.1	0.0	0.0	83.6	130.1	0.0	0.0	0		170	20260829-150529
;mgr	58.7	273.0	468.3	128.9	186.8	368.8	557.8	0		171	20260829-150529
chfo	63.0	189.7	256.7	77.7	146.9	283.7	371.5	0		172	20260829-150529
z/ix	99.7	266.1	429.5	123.8	196.7	358.6	532.8	0		173	20260829-150529
re.u	51.2	125.8	244.0	122.7	166.9	308.7	341.1	0		174	20260829-150529
znbp	99.8	227.7	323.9	111.2	192.7	317.7	430.7	0		175	20260829-150529
ezej	200.1	393.6	499.7	87.6	305.9	452.5	590.8	0		176	20260829-150529
hgym	82.8	198.5	383.5	74.9	182.0	264.5	467.6	0		177	20260829-150529
h/ic	51.2	206.0	286.6	120.9	165.9	303.0	377.9	0		178	20260829-150529
ky	91.8	0.0	0.0	122.9	173.0	0.0	0.0	0		179	20260829-150529
d/	53.9	0.0	0.0	61.8	149.0	0.0	0.0	0		180	20260829-150529
fw	46.9	0.0	0.0	106.0	126.1	0.0	0.0	0		181	20260829-150529
fz/m	53.3	144.4	319.1	127.1	176.4	263.0	408.2	0		182	20260829-150529
bg	159.6	0.0	0.0	62.8	232.7	0.0	0.0	0		183	20260829-150529
yvhd	88.6	206.5	264.9	79.3	193.4	275.7	343.6	0		184	20260829-150529
hg	36.2	0.0	0.0	75.1	109.2	0.0	0.0	0		185	20260829-150529
k/	70.0	0.0	0.0	128.9	187.9	0.0	0.0	0		186	20260829-150529
,ke;	161.9	290.9	441.8	78.3	264.1	370.9	0.0	1	,ke/	187	20260829-150529
sy	61.8	0.0	0.0	90.4	152.0	0.0	0.0	0		188	20260829-150529
hwwp	125.2	263.0	354.3	77.8	200.9	360.0	464.6	0		189	20260829-150529
f,q,	83.0	193.9	267.0	93.0	175.0	319.8	372.7	0		190	20260829-150529
gryg	184.2	355.6	553.4	88.1	284.1	453.2	651.6	0		191	20260829-150529
skun	105.1	175.1	365.2	120.1	226.1	261.1	454.1	0		192	20260829-150529
x/	70.5	0.0	0.0	103.2	174.6	0.0	0.0	0		193	20260829-150529
jv	53.9	0.0	0.0	85.3	158.6	0.0	0.0	0		194	20260829-150529
vmcu	91.0	191.3	276.9	98.9	153.7	288.0	355.9	0		195	20260829-150529
atvh	77.6	293.8	384.7	146.7	145.8	410.8	476.8	0		196	20260829-150529
,/tc	0.0	0.0	0.0	0.0	0.0	0.0	0.0	1	.	197	20260829-150529
egyr	58.5	193.9	291.4	122.0	154.0	288.5	402.6	0		198	20260829-150529
smpm	63.7	197.1	320.0	98.8	154.7	451.8	465.9	0		199	20260829-150529
mwkc	66.0	155.2	300.7	82.9	146.1	254.0	391.2	0		200	20260829-150529
f;	50.0	0.0	0.0	91.9	138.5	0.0	0.0	0		201	20260829-150529
w;c/	62.0	216.0	275.9	76.7	156.7	317.8	395.3	0		202	20260829-150529
g,	48.1	0.0	0.0	83.2	142.7	0.0	0.0	0		203	20260829-150529
brjb	179.3	283.0	425.4	62.4	257.0	368.1	509.0	0		204	20260829-150529
zcdy	79.8	273.9	327.6	158.5	164.7	340.8	394.5	0		205	20260829-150529
saau	216.3	357.6	465.0	90.0	283.0	454.8	565.9	0		206	20260829-150529
ador	77.3	196.0	286.2	129.1	168.1	289.9	386.0	0		207	20260829-150529
fa	72.6	0.0	0.0	121.7	187.8	0.0	0.0	0		208	20260829-150529
mj	161.0	0.0	0.0	73.8	252.9	0.0	0.0	0		209	20260829-150529
xc/j	40.2	170.2	307.6	130.0	138.4	323.2	405.1	0		210	20260829-150529
ni/z	32.4	322.8	548.5	184.7	144.6	443.6	717.8	0		211	20260829-150529
ef	83.2	0.0	0.0	107.9	219.0	0.0	0.0	0		212	20260829-150529
p/vf	221.4	365.1	544.0	94.4	357.5	469.1	0.0	1	p/vd	213	20260829-150529
qp.l	50.8	278.3	453.3	128.1	159.3	366.1	562.2	0		214	20260829-150529
fxgp	73.2	532.7	721.8	147.9	203.9	620.8	832.8	0		215	20260829-150529
av	74.9	0.0	0.0	125.9	201.0	0.0	0.0	0		216	20260829-150529
pfqi	112.8	247.3	275.4	108.9	199.2	371.7	374.6	0		217	20260829-150529
rj	43.1	0.0	0.0	83.9	118.8	0.0	0.0	0		218	20260829-150529
lzjh	67.8	251.3	435.2	88.9	195.8	360.9	538.0	0		219	20260829-150529
ie	24.9	0.0	0.0	86.1	109.0	0.0	0.0	0		220	20260829-150529
yq.b	54.9	190.3	284.9	88.8	146.0	327.3	399.7	0		221	20260829-150529
pynb	50.1	245.7	330.2	117.1	126.2	332.7	404.9	0		222	20260829-150529
xcms	66.1	161.3	293.0	133.1	153.2	277.1	391.1	0		223	20260829-150529
p,	189.2	0.0	0.0	79.8	293.5	0.0	0.0	0		224	20260829-150529
g.h/	44.9	174.1	306.0	99.2	131.9	354.8	452.6	0		225	20260829-150529
bi/f	45.2	213.0	285.8	99.7	124.7	319.6	365.6	0		226	20260829-150529
g,	42.8	0.0	0.0	76.8	146.1	0.0	0.0	0		227	20260829-150529
/blh	116.9	247.1	314.6	132.8	209.2	380.7	458.3	0		228	20260829-150529
w,au	58.5	234.8	0.0	83.6	147.6	0.0	0.0	1	w,z	229	20260829-150529
od	48.2	0.0	0.0	81.8	117.8	0.0	0.0	0		230	20260829-150529
khmm	55.9	254.2	403.1	110.0	137.9	341.8	481.8	0		231	20260829-150529
,wmd	65.5	177.6	280.7	97.6	155.6	288.4	383.8	0		232	20260829-150529
xq	55.6	0.0	0.0	140.7	224.7	0.0	0.0	0		233	20260829-150529
jcwx	43.2	154.1	424.1	108.1	209.9	304.1	535.1	0		234	20260829-150529
q;ty	69.6	180.8	237.2	106.6	148.4	277.5	319.2	0		235	20260829-150529
zpp;	125.5	269.5	466.8	140.5	201.8	358.7	574.5	0		236	20260829-150529
jv/q	114.8	221.4	344.0	111.0	234.1	348.0	492.0	0		237	20260829-150529
bbrq	145.9	360.2	469.9	79.7	240.0	529.9	590.9	0		238	20260829-150529
luvq	52.9	138.1	256.7	125.5	164.3	344.2	394.9	0		239	20260829-150529
tkqy	87.6	152.7	256.2	93.7	168.6	294.6	338.4	0		240	20260829-150529
asxh	94.1	320.1	404.3	187.2	213.3	432.0	482.1	0		241	20260829-150529
p/	200.5	0.0	0.0	87.9	297.0	0.0	0.0	0		242	20260829-150529
fhqb	75.2	153.1	261.2	81.0	149.9	311.9	372.8	0		243	20260829-150529
spld	11.3	219.5	292.3	102.2	106.0	342.0	371.0	0		244	20260829-150529
crbd	55.1	316.2	418.1	132.3	157.0	469.2	498.1	0		245	20260829-150529
gs	65.0	0.0	0.0	106.0	163.8	0.0	0.0	0		246	20260829-150529
yz	28.9	0.0	0.0	72.9	166.8	0.0	0.0	0		247	20260829-150529
rzbx	55.1	329.2	416.8	113.8	178.0	479.0	522.0	0		248	20260829-150529
ycz/	153.7	229.7	346.6	93.8	278.6	372.8	468.6	0		249	20260829-150529
god;	46.8	170.7	238.7	89.5	123.6	261.6	335.9	0		250	20260829-150529
hqgo	33.0	246.7	293.0	80.8	144.8	358.8	411.8	0		251	20260829-150529
bx	54.0	0.0	0.0	112.9	144.9	0.0	0.0	0		252	20260829-150529
yynb	148.4	345.2	461.5	68.0	221.1	426.2	547.2	0		253	20260829-150529
iswf	79.1	303.4	384.1	108.0	184.8	450.4	489.3	0		254	20260829-150529
brhr	192.0	365.9	442.8	75.1	290.1	462.0	540.2	0		255	20260829-150529
vzak	51.0	289.0	328.2	135.1	153.9	399.0	418.0	0		256	20260829-150529
ci,d	72.7	261.9	338.7	88.6	143.8	408.7	432.7	0		257	20260829-150529
qo	73.8	0.0	0.0	114.6	168.6	0.0	0.0	0		258	20260829-150529
,olw	18.1	267.2	362.8	128.8	136.9	365.8	446.1	0		259	20260829-150529
yiag	45.2	138.0	266.9	109.1	124.3	258.9	365.6	0		260	20260829-150529
db	49.1	0.0	0.0	88.8	128.8	0.0	0.0	0		261	20260829-150529
kpmw	52.5	226.2	314.0	127.0	153.0	344.9	402.3	0		262	20260829-150529
/m	42.7	0.0	0.0	115.7	142.6	0.0	0.0	0		263	20260829-150529
sr	109.9	0.0	0.0	132.8	197.1	0.0	0.0	0		264	20260829-150529
wwye	149.0	271.9	356.1	66.8	227.1	347.9	428.1	0		265	20260829-150529
wugz	64.0	220.9	296.1	81.7	156.8	369.1	461.4	0		266	20260829-150529
q;bz	51.2	271.0	311.9	96.0	139.2	407.0	427.0	0		267	20260829-150529
l,fi	200.0	353.0	439.9	107.4	301.9	443.9	527.5	0		268	20260829-150529
w.z.	118.7	207.8	0.0	75.6	0.0	0.0	0.0	1	w.w	269	20260829-150529
sste	136.8	352.7	450.8	74.6	253.6	505.7	560.7	0		270	20260829-150529
ljot	174.8	241.2	366.0	97.8	312.7	339.4	454.6	0		271	20260829-150529
;l,k	171.3	444.8	668.5	103.4	297.3	551.4	761.5	0		272	20260829-150529
co	49.5	0.0	0.0	73.4	137.6	0.0	0.0	0		273	20260829-150529
efjx	62.2	152.7	314.2	102.0	158.9	240.4	412.9	0		274	20260829-150529
z;cp	59.2	208.9	277.1	110.0	140.0	291.8	372.5	0		275	20260829-150529
pzea	76.8	283.8	365.7	92.8	176.7	424.9	490.7	0		276	20260829-150529
amwy	94.1	199.4	273.9	113.2	159.2	302.1	361.8	0		277	20260829-150529
fbfp	183.5	374.6	434.6	71.7	255.8	449.4	523.7	0		278	20260829-150529
;v	66.4	0.0	0.0	93.8	172.9	0.0	0.0	0		279	20260829-150529
zf	73.7	0.0	0.0	139.7	190.8	0.0	0.0	0		280	20260829-150529
ne	36.3	0.0	0.0	86.3	110.2	0.0	0.0	0		281	20260829-150529
ppsh	150.5	227.2	356.1	92.8	249.8	330.9	452.9	0		282	20260829-150529
za	225.9	0.0	0.0	130.8	324.7	0.0	0.0	0		283	20260829-150529
ah	57.8	0.0	0.0	103.7	148.0	0.0	0.0	0		284	20260829-150529
vd.j	70.4	134.4	203.8	127.8	144.7	271.8	322.9	0		285	20260829-150529
;n/f	32.0	276.2	0.0	132.8	152.7	0.0	0.0	1	;nl	286	20260829-150529
/i	111.8	0.0	0.0	155.7	222.7	0.0	0.0	0		287	20260829-150529
uu,e	148.2	380.0	443.4	88.1	233.1	471.1	523.0	0		288	20260829-150529
.k,s	60.8	281.2	369.7	158.7	157.9	372.1	464.8	0		289	20260829-150529
kee/	112.7	262.5	411.0	91.7	169.5	344.3	520.6	0		290	20260829-150529
rpjv	46.9	205.1	297.1	87.9	158.2	321.9	432.9	0		291	20260829-150529
eaff	63.1	239.2	408.2	120.1	180.4	342.2	516.4	0		292	20260829-150529
x,gj	132.0	220.2	302.0	110.9	223.9	312.0	414.0	0		293	20260829-150529
aj	36.1	0.0	0.0	91.1	121.3	0.0	0.0	0		294	20260829-150529
ty	45.8	0.0	0.0	85.1	119.8	0.0	0.0	0		295	20260829-150529
;x	53.4	0.0	0.0	97.9	167.4	0.0	0.0	0		296	20260829-150529
xbxb	84.1	289.9	382.1	137.3	157.4	411.8	485.2	0		297	20260829-150529
sdbn	29.8	226.8	339.8	119.9	143.0	326.8	431.9	0		298	20260829-150529
,at,	45.0	178.8	240.1	91.2	182.8	283.2	373.1	0		299	20260829-150529
ct	106.7	0.0	0.0	161.1	212.7	0.0	0.0	0		300	20260829-150529
cv.r	33.0	102.9	239.9	90.9	128.0	216.9	329.8	0		301	20260829-150529
/m	39.0	0.0	0.0	121.1	137.1	0.0	0.0	0		302	20260829-150529
un	190.8	0.0	0.0	84.8	268.4	0.0	0.0	0		303	20260829-150529
fxal	71.7	201.0	288.0	122.8	185.1	329.1	366.1	0		304	20260829-150529
ihmd	49.5	238.1	283.9	113.1	131.2	347.0	355.1	0		305	20260829-150529
qysa	64.8	229.0	361.1	95.4	144.0	453.1	509.6	0		306	20260829-150529
fh	67.5	0.0	0.0	102.0	160.4	0.0	0.0	0		307	20260829-150529
ngma	58.8	199.1	260.8	76.9	134.8	291.7	367.8	0		308	20260829-150529
qyvn	39.9	242.3	344.9	120.0	130.0	0.0	0.0	1	qyvm	309	20260829-150529
dygp	115.8	223.9	312.7	89.7	195.0	318.3	432.4	0		310	20260829-150529
,w;x	69.7	161.6	302.4	105.5	152.7	279.4	440.8	0		311	20260829-150529
iecg	46.9	261.8	350.6	95.5	109.5	361.7	446.7	0		312	20260829-150529
/jto	34.7	122.7	208.0	103.6	124.4	202.9	317.4	0		313	20260829-150529
.moc	232.7	268.7	518.9	103.7	367.5	366.7	619.5	0		314	20260829-150529
wr	83.1	0.0	0.0	141.9	203.9	0.0	0.0	0		315	20260829-150529
yjnr	184.1	358.0	411.7	69.4	261.9	441.9	485.0	0		316	20260829-150529
zeew	211.9	379.1	533.1	110.1	302.0	482.9	662.9	0		317	20260829-150529
xy	56.9	0.0	0.0	96.8	138.6	0.0	0.0	0		318	20260829-150529
xfz/	63.6	255.8	289.6	122.0	143.7	379.7	422.7	0		319	20260829-150529
/,	67.7	0.0	0.0	115.1	176.9	0.0	0.0	0		320	20260829-150529
zdb;	63.7	237.3	302.2	145.7	160.6	358.7	402.1	0		321	20260829-150529
e;	31.1	0.0	0.0	64.1	141.3	0.0	0.0	0		322	20260829-150529
ju	157.7	0.0	0.0	83.8	266.8	0.0	0.0	0		323	20260829-150529
jidn	38.8	117.8	241.8	104.8	122.7	190.4	326.9	0		324	20260829-150529
zd	83.7	0.0	0.0	138.7	213.6	0.0	0.0	0		325	20260829-150529
..kl	159.3	353.8	476.1	69.8	256.6	548.6	585.9	0		326	20260829-150529
myvc	186.5	359.6	499.8	73.7	270.9	568.9	624.9	0		327	20260829-150529
;/bz	197.1	370.2	442.9	97.8	299.7	492.7	579.0	0		328	20260829-150529
q;	41.4	0.0	0.0	101.2	127.1	0.0	0.0	0		329	20260829-150529
oqj;	73.1	166.9	302.3	88.1	179.8	323.8	423.2	0		330	20260829-150529
,h.w	26.9	243.9	292.2	101.0	120.9	350.7	371.9	0		331	20260829-150529
vfnw	186.8	300.8	420.1	88.0	270.9	387.7	508.0	0		332	20260829-150529
pwls	67.6	195.4	272.3	78.3	138.5	309.6	370.3	0		333	20260829-150529
d.cr	75.5	310.2	441.4	85.7	196.7	443.3	546.3	0		334	20260829-150529
iymo	36.8	269.0	306.9	116.7	133.0	411.0	427.1	0		335	20260829-150529
wk	41.9	0.0	0.0	81.0	116.8	0.0	0.0	0		336	20260829-150529
yowm	22.7	150.6	265.6	96.8	117.4	236.6	353.5	0		337	20260829-150529
,ggp	138.1	289.1	393.7	106.3	218.3	392.9	512.3	0		338	20260829-150529
hhus	131.4	297.5	391.0	64.9	219.1	395.9	488.0	0		339	20260829-150529
yude	148.8	247.0	421.0	70.8	239.0	325.8	500.5	0		340	20260829-150529
ekti	47.9	226.5	322.3	86.7	111.2	314.4	466.9	0		341	20260829-150529
xm	66.0	0.0	0.0	115.1	149.3	0.0	0.0	0		342	20260829-150529
/,xf	61.2	219.3	313.0	139.9	189.0	377.0	432.9	0		343	20260829-150529
hr	56.7	0.0	0.0	73.7	134.7	0.0	0.0	0		344	20260829-150529
gfj/	169.3	285.0	550.1	76.0	255.0	388.2	666.1	0		345	20260829-150529
yurh	148.7	162.6	0.0	68.6	0.0	0.0	0.0	1	yuy	346	20260829-150529
;j	68.2	0.0	0.0	121.9	162.0	0.0	0.0	0		347	20260829-150529
ewzu	44.0	278.6	359.7	133.5	132.9	420.7	440.6	0		348	20260829-150529
nk	69.1	0.0	0.0	113.0	181.9	0.0	0.0	0		349	20260829-150529
jn	177.8	0.0	0.0	90.1	260.0	0.0	0.0	0		350	20260829-150529
djyg	45.8	211.0	267.5	89.7	114.9	289.8	352.8	0		351	20260829-150529
sk	48.3	0.0	0.0	101.4	132.3	0.0	0.0	0		352	20260829-150529
pkq.	181.1	296.1	411.0	101.2	286.1	407.9	568.1	0		353	20260829-150529
rehc	64.0	183.0	326.0	136.0	159.9	269.8	428.1	0		354	20260829-150529
dyjy	42.0	231.2	354.8	100.8	125.6	300.7	466.6	0		355	20260829-150529
oqfi	45.0	175.0	224.8	77.9	152.9	279.8	320.9	0		356	20260829-150529
mti,	100.5	214.6	416.4	105.2	187.2	279.4	518.1	0		357	20260829-150529
m/	72.0	0.0	0.0	136.0	183.7	0.0	0.0	0		358	20260829-150529
f;.,	43.3	309.4	360.9	121.3	147.9	490.8	527.9	0		359	20260829-150529
pfmt	75.3	197.0	258.9	108.9	155.9	0.0	0.0	1	pfmi	360	20260829-150529
.kpa	76.0	290.2	410.2	143.8	214.0	413.9	527.6	0		361	20260829-150529
xhwk	82.1	217.9	255.8	91.1	159.1	307.8	346.7	0		362	20260829-150529
le	37.7	0.0	0.0	83.6	120.7	0.0	0.0	0		363	20260829-150529
cr	77.0	0.0	0.0	165.7	173.8	0.0	0.0	0		364	20260829-150529
is	25.1	0.0	0.0	77.8	116.4	0.0	0.0	0		365	20260829-150529
axx;	238.1	391.1	464.2	114.1	314.2	482.3	550.8	0		366	20260829-150529
lp	56.7	0.0	0.0	153.7	193.7	0.0	0.0	0		367	20260829-150529
ux	31.2	0.0	0.0	73.2	123.3	0.0	0.0	0		368	20260829-150529
..w.	143.3	241.3	349.2	69.0	223.2	338.0	449.3	0		369	20260829-150529
poi/	11.8	87.5	403.5	173.7	180.8	258.8	531.7	0		370	20260829-150529
yw,e	91.5	200.9	283.6	81.7	162.8	307.8	361.1	0		371	20260829-150529
fxpc	44.0	143.1	265.2	109.0	150.9	236.2	349.1	0		372	20260829-150529
k/ua	47.1	228.3	237.1	128.3	162.3	0.0	0.0	1	k/uy	373	20260829-150529
.gao	128.1	0.0	0.0	110.9	0.0	0.0	0.0	1	.a	374	20260829-150529
lgwb	83.9	171.8	399.7	93.9	202.7	312.7	514.7	0		375	20260829-150529
akj,	70.0	160.0	383.2	107.1	146.9	296.2	0.0	1	akj.	376	20260829-150529
bkqp	72.7	194.0	271.3	102.0	172.4	320.2	358.1	0		377	20260829-150529
om	71.9	0.0	0.0	108.1	188.7	0.0	0.0	0		378	20260829-150529
hcjb	95.0	243.1	319.2	105.9	191.3	336.1	415.2	0		379	20260829-150529
rogh	76.8	203.0	273.7	80.6	150.0	298.9	358.6	0		380	20260829-150529
fvoe	173.1	275.6	377.7	69.0	273.7	363.9	458.1	0		381	20260829-150529
zw	220.8	0.0	0.0	111.9	304.9	0.0	0.0	0		382	20260829-150529
j/e,	73.4	120.4	261.5	124.3	162.5	211.5	405.4	0		383	20260829-150529
dlnd	54.8	206.8	317.8	92.8	152.6	303.0	413.8	0		384	20260829-150529
wycy	61.3	222.4	286.0	86.2	146.8	306.2	375.0	0		385	20260829-150529
/id/	71.7	169.8	297.1	145.8	202.9	246.9	421.9	0		386	20260829-150529
,,	134.6	0.0	0.0	66.8	211.0	0.0	0.0	0		387	20260829-150529
mu	159.0	0.0	0.0	61.1	237.8	0.0	0.0	0		388	20260829-150529
/d	57.2	0.0	0.0	105.8	116.8	0.0	0.0	0		389	20260829-150529
wnvy	80.3	223.0	334.9	120.3	192.9	346.8	413.0	0		390	20260829-150529
jxzc	58.3	265.0	394.8	112.0	162.1	442.9	506.7	0		391	20260829-150529
pgxm	65.9	213.2	228.2	96.1	138.2	0.0	0.0	1	pgxn	392	20260829-150529
kygk	31.3	141.1	254.9	98.3	119.2	223.1	350.2	0		393	20260829-150529
vc	69.1	0.0	0.0	168.9	194.4	0.0	0.0	0		394	20260829-150529
m/mr	70.4	220.4	304.0	124.1	179.4	340.2	375.2	0		395	20260829-150529
s;qp	82.0	208.8	259.0	90.3	157.8	326.8	338.9	0		396	20260829-150529
si.t	54.1	269.6	331.9	95.9	118.9	364.8	409.8	0		397	20260829-150529
df	81.1	0.0	0.0	105.4	200.1	0.0	0.0	0		398	20260829-150529
jqdq	27.6	200.0	321.8	93.6	143.6	373.7	457.6	0		399	20260829-150529
xs/p	184.7	228.3	428.8	98.9	283.9	320.9	519.8	0		400	20260829-150529
mw;n	77.0	180.0	344.6	105.1	172.1	293.1	0.0	1	mw;m	401	20260829-150529
icww	64.8	244.9	405.8	109.1	148.9	328.9	513.0	0		402	20260829-150529
bniz	110.9	168.6	275.1	85.9	235.8	257.0	0.0	1	bnix	403	20260829-150529
f.ys	97.8	201.4	287.1	112.1	231.3	292.9	397.9	0		404	20260829-150529
;fgg	68.1	249.1	416.8	103.4	148.8	332.9	499.2	0		405	20260829-150529
;ct.	114.4	247.8	353.9	137.7	249.1	327.6	506.4	0		406	20260829-150529
yals	90.1	168.0	285.6	87.9	199.8	275.8	404.9	0		407	20260829-150529
,v	27.4	0.0	0.0	96.9	127.8	0.0	0.0	0		408	20260829-150529
ovvf	98.8	247.4	452.7	83.0	203.8	359.9	548.6	0		409	20260829-150529
bsrn	208.8	264.7	406.9	88.8	330.9	380.0	496.6	0		410	20260829-150529
,bt;	56.3	241.3	277.0	101.9	123.7	329.4	394.9	0		411	20260829-150529
jr;,	73.5	242.0	510.8	106.2	163.8	380.8	0.0	1	jr;/	412	20260829-150529
un.v	194.9	348.2	433.9	87.0	270.1	505.0	551.1	0		413	20260829-150529
xl	57.9	0.0	0.0	107.8	150.7	0.0	0.0	0		414	20260829-150529
uvr;	46.0	247.8	322.0	87.4	142.8	341.7	440.3	0		415	20260829-150529
;b	41.9	0.0	0.0	97.5	124.9	0.0	0.0	0		416	20260829-150529
m,	75.9	0.0	0.0	152.9	183.9	0.0	0.0	0		417	20260829-150529
vxln	44.2	138.0	233.0	122.1	141.9	279.0	339.2	0		418	20260829-150529
mjtx	153.7	279.2	498.5	74.2	246.5	364.9	593.2	0		419	20260829-150529
;s	38.8	0.0	0.0	100.8	134.0	0.0	0.0	0		420	20260829-150529
d.	49.2	0.0	0.0	69.3	145.8	0.0	0.0	0		421	20260829-150529
zdxu	50.9	0.0	0.0	0.0	0.0	0.0	0.0	1	zs	422	20260829-150529
sttm	251.6	406.3	493.5	108.6	337.7	502.7	615.5	0		423	20260829-150529
hnlz	207.4	435.1	600.1	114.8	337.0	548.3	724.1	0		424	20260829-150529
uqpk	73.0	158.7	387.8	106.8	188.7	277.9	488.9	0		425	20260829-150529
;hmf	75.0	305.2	401.0	154.0	164.9	422.0	499.9	0		426	20260829-150529
s;;m	111.9	256.7	434.9	101.7	184.7	367.8	530.9	0		427	20260829-150529
spit	124.0	168.1	320.0	104.9	229.1	355.0	412.9	0		428	20260829-150529
/mgm	38.0	176.5	251.6	135.6	153.0	263.9	366.9	0		429	20260829-150529
k.ov	146.1	359.8	425.0	72.0	234.0	442.0	528.1	0		430	20260829-150529
qivp	59.9	166.7	263.5	89.6	155.7	297.4	363.5	0		431	20260829-150529
vtal	248.0	340.3	403.2	119.9	361.9	461.1	520.2	0		432	20260829-150529
,/mv	63.2	262.7	368.9	151.8	204.0	377.6	479.8	0		433	20260829-150529
ut	41.1	0.0	0.0	98.6	128.5	0.0	0.0	0		434	20260829-150529
iigd	141.0	256.9	379.3	71.0	231.3	437.4	465.5	0		435	20260829-150529
;trm	83.0	251.8	292.7	95.8	167.9	351.8	390.0	0		436	20260829-150529
zv	74.7	0.0	0.0	141.6	198.8	0.0	0.0	0		437	20260829-150529
nlud	84.9	235.0	336.9	114.9	257.8	353.8	413.7	0		438	20260829-150529
kndq	64.1	159.0	262.3	143.5	196.0	332.0	415.1	0		439	20260829-150529
mjvq	164.1	353.9	551.0	74.3	270.9	507.8	672.1	0		440	20260829-150529
cxq/	83.2	268.2	338.2	119.0	169.0	391.4	457.3	0		441	20260829-150529
gski	56.0	138.7	315.2	131.1	172.9	230.7	404.0	0		442	20260829-150529
m;ye	55.1	324.0	443.8	146.7	179.1	406.8	539.8	0		443	20260829-150529
cgij	121.5	239.0	409.1	162.2	220.9	327.9	517.0	0		444	20260829-150529
wx	221.9	0.0	0.0	89.1	320.9	0.0	0.0	0		445	20260829-150529
mo	60.8	0.0	0.0	139.4	138.8	0.0	0.0	0		446	20260829-150529
jb	22.8	0.0	0.0	81.8	102.7	0.0	0.0	0		447	20260829-150529
lp.x	81.2	310.0	0.0	154.9	198.1	0.0	0.0	1	lpl	448	20260829-150529
.dut	93.1	188.4	298.6	95.9	179.0	291.8	400.8	0		449	20260829-150529
ci	41.8	0.0	0.0	92.9	125.9	0.0	0.0	0		450	20260829-150529
,ibe	181.5	218.9	367.7	71.7	255.5	410.7	465.8	0		451	20260829-150529
re,,	75.8	155.6	293.7	137.9	161.7	214.7	372.5	0		452	20260829-150529
mi	57.1	0.0	0.0	130.9	156.0	0.0	0.0	0		453	20260829-150529
czye	48.1	187.0	276.9	103.2	169.2	268.3	366.1	0		454	20260829-150529
fp/t	46.0	263.7	312.3	98.6	127.8	354.6	401.0	0		455	20260829-150529
vmr/	105.2	218.2	357.1	97.0	200.5	316.1	428.0	0		456	20260829-150529
.,fe	67.4	153.3	226.4	143.3	198.6	282.4	389.4	0		457	20260829-150529
kn	43.6	0.0	0.0	106.7	130.6	0.0	0.0	0		458	20260829-150529
rs	58.9	0.0	0.0	123.8	172.0	0.0	0.0	0		459	20260829-150529
cbtr	104.8	305.1	479.0	115.9	185.1	386.9	572.0	0		460	20260829-150529
vd	80.1	0.0	0.0	142.4	203.7	0.0	0.0	0		461	20260829-150529
crse	197.9	369.8	459.2	99.8	302.9	579.9	591.0	0		462	20260829-150529
fuwi	66.1	161.9	203.0	86.3	149.2	260.0	317.3	0		463	20260829-150529
luau	80.0	99.9	257.2	108.7	183.9	199.8	379.7	0		464	20260829-150529
cn.v	63.3	221.3	297.4	83.3	125.1	321.1	403.1	0		465	20260829-150529
vpxj	47.2	216.9	260.7	94.8	132.8	324.1	365.7	0		466	20260829-150529
dxb;	75.8	277.6	313.8	130.8	160.0	370.7	398.8	0		467	20260829-150529
i,xm	206.2	317.1	408.6	81.2	306.0	430.0	517.1	0		468	20260829-150529
w;	53.3	0.0	0.0	77.9	140.5	0.0	0.0	0		469	20260829-150529
f/nt	81.0	227.0	309.1	94.0	179.9	319.9	386.4	0		470	20260829-150529
noyr	56.0	218.0	334.9	100.7	159.9	321.0	442.1	0		471	20260829-150529
,,m;	130.9	287.9	437.1	60.2	216.1	417.9	555.6	0		472	20260829-150529
px	46.0	0.0	0.0	86.1	150.0	0.0	0.0	0		473	20260829-150529
cwyk	19.9	105.0	229.1	115.9	143.8	208.8	356.9	0		474	20260829-150529
..v,	155.8	301.5	382.7	78.4	267.6	431.4	482.6	0		475	20260829-150529
hs	51.5	0.0	0.0	82.7	159.7	0.0	0.0	0		476	20260829-150529
n/;c	51.0	249.2	464.0	152.7	152.1	374.9	565.2	0		477	20260829-150529
bpxc	70.1	296.3	0.0	100.7	156.8	0.0	0.0	1	bpc	478	20260829-150529
uffm	98.7	252.2	368.7	88.7	174.7	339.8	480.0	0		479	20260829-150529
ztxa	74.9	342.9	463.9	142.9	171.8	514.0	619.9	0		480	20260829-150529
a;dv	67.3	217.1	236.4	125.2	162.4	314.2	415.1	0		481	20260829-150529
pi	59.9	0.0	0.0	108.7	235.8	0.0	0.0	0		482	20260829-150529
ow	31.3	0.0	0.0	92.5	116.1	0.0	0.0	0		483	20260829-150529
xeol	181.4	219.7	395.9	78.9	248.7	290.6	481.2	0		484	20260829-150529
ay	49.0	0.0	0.0	108.1	131.9	0.0	0.0	0		485	20260829-150529
qfxp	50.1	278.4	314.4	125.7	168.4	386.6	416.3	0		486	20260829-150529
hqse	53.7	281.8	376.9	92.7	168.7	481.8	560.7	0		487	20260829-150529
b,kc	70.8	233.2	279.0	94.0	129.9	308.0	374.2	0		488	20260829-150529
o,	172.7	0.0	0.0	86.1	286.1	0.0	0.0	0		489	20260829-150529
m.zi	58.9	180.2	277.1	118.1	159.0	285.9	349.8	0		490	20260829-150529
rjqv	56.8	159.1	274.0	99.7	143.6	291.1	411.6	0		491	20260829-150529
ra	47.1	0.0	0.0	118.9	174.0	0.0	0.0	0		492	20260829-150529
gfrv	196.7	420.5	675.5	104.8	286.1	522.0	787.5	0		493	20260829-150529
rwc,	52.1	311.1	356.1	141.0	149.9	410.9	447.1	0		494	20260829-150529
euo/	96.7	167.7	317.6	106.7	217.6	262.7	0.0	1	euoo	495	20260829-150529
pv	18.3	0.0	0.0	101.7	131.7	0.0	0.0	0		496	20260829-150529
taqs	55.9	253.7	454.4	134.6	160.9	383.7	586.6	0		497	20260829-150529
r;	34.1	0.0	0.0	92.0	137.8	0.0	0.0	0		498	20260829-150529
dd	145.8	0.0	0.0	59.8	228.7	0.0	0.0	0		499	20260829-150529
qvzi	75.1	321.0	0.0	134.0	210.8	0.0	0.0	1	qvx	500	20260829-150529
ba..	67.0	175.4	351.2	106.0	191.2	287.0	483.0	0		501	20260829-150529
/dti	85.3	266.8	340.9	105.9	156.9	366.9	450.0	0		502	20260829-150529
wg	87.3	0.0	0.0	139.2	186.4	0.0	0.0	0		503	20260829-150529
sm	40.8	0.0	0.0	93.7	134.8	0.0	0.0	0		504	20260829-150529
aq	175.8	0.0	0.0	76.1	273.6	0.0	0.0	0		505	20260829-150529
tyv.	41.9	238.9	273.0	88.1	118.1	357.9	402.9	0		506	20260829-150529
rw	76.1	0.0	0.0	154.8	197.8	0.0	0.0	0		507	20260829-150529
hnf,	192.9	284.8	445.8	80.5	276.8	390.9	526.8	0		508	20260829-150529
qd;o	70.7	204.9	496.8	177.5	189.6	323.8	591.8	0		509	20260829-150529
//	141.9	0.0	0.0	65.9	266.8	0.0	0.0	0		510	20260829-150529
chqa	100.9	210.8	431.5	105.0	176.0	326.2	537.0	0		511	20260829-150529
;dme	85.5	192.5	273.5	107.7	158.4	301.2	355.4	0		512	20260829-150529
t.dg	27.8	251.9	301.7	101.7	145.8	363.6	424.4	0		513	20260829-150529
;p	162.9	0.0	0.0	79.9	0.0	0.0	0.0	0		514	20260829-150529
sgna	86.3	152.4	267.0	116.8	172.7	231.5	388.8	0		515	20260829-150529
iroz	156.9	226.9	452.6	106.6	249.6	329.0	604.0	0		516	20260829-150529
/cxa	135.7	446.9	665.1	131.7	305.0	535.8	767.6	0		517	20260829-150529
mq,l	73.6	174.9	0.0	95.0	0.0	0.0	0.0	1	mq.	518	20260829-150529
qida	91.4	234.4	332.7	104.7	187.6	384.4	453.3	0		519	20260829-150529
xpuv	91.1	188.9	346.7	113.1	170.8	313.2	468.0	0		520	20260829-150529
ll	138.2	0.0	0.0	59.0	228.8	0.0	0.0	0		521	20260829-150529
m,dd	58.0	149.6	300.6	119.4	170.5	210.7	386.9	0		522	20260829-150529
y/	33.4	0.0	0.0	106.3	175.2	0.0	0.0	0		523	20260829-150529
irw;	91.0	223.2	0.0	112.1	191.1	0.0	0.0	1	irq	524	20260829-150529
cckq	140.7	239.7	355.3	73.9	219.7	321.9	444.9	0		525	20260829-150529
jwz/	80.1	289.0	310.9	109.9	162.9	418.0	431.0	0		526	20260829-150529
hk.n	71.1	235.1	422.0	134.9	145.7	371.8	525.8	0		527	20260829-150529
gfix	171.5	270.2	433.1	63.1	252.6	354.2	528.3	0		528	20260829-150529
vyep	75.2	184.0	217.1	105.9	146.0	254.0	337.8	0		529	20260829-150529
bmbm	109.4	196.9	293.8	75.8	178.8	285.3	377.7	0		530	20260829-150529
/c	35.4	0.0	0.0	116.1	126.2	0.0	0.0	0		531	20260829-150529
jv	23.0	0.0	0.0	79.8	115.7	0.0	0.0	0		532	20260829-150529
nyua	272.7	413.0	681.6	89.8	334.7	516.9	795.1	0		533	20260829-150529
ch	66.2	0.0	0.0	92.8	148.1	0.0	0.0	0		534	20260829-150529
hazf	72.1	290.1	425.2	88.1	168.1	464.1	529.1	0		535	20260829-150529
afsc	63.9	426.9	652.9	154.7	192.7	532.0	737.8	0		536	20260829-150529
bho;	78.0	354.5	595.2	119.0	173.1	450.2	0.0	1	bho.	537	20260829-150529
;jdg	62.7	139.3	251.4	116.3	167.4	279.0	362.7	0		538	20260829-150529
keim	63.7	173.7	316.8	77.9	150.2	280.3	408.9	0		539	20260829-150529
.hoz	60.1	233.8	315.8	99.8	160.8	325.1	441.2	0		540	20260829-150529
j.fl	62.2	173.0	274.9	121.1	162.0	265.2	374.3	0		541	20260829-150529
ow.c	61.5	234.9	0.0	81.1	156.4	0.0	0.0	1	ow,	542	20260829-150529
sj	25.5	0.0	0.0	101.9	118.4	0.0	0.0	0		543	20260829-150529
/npa	105.2	234.1	327.1	113.0	235.6	375.5	430.1	0		544	20260829-150529
oakp	73.2	204.6	311.7	88.8	197.8	355.6	438.8	0		545	20260829-150529
nsjs	93.8	208.0	286.1	91.1	172.1	326.1	382.0	0		546	20260829-150529
ogmz	76.8	198.4	329.7	118.8	171.0	306.9	441.9	0		547	20260829-150529
yssv	111.1	252.8	424.7	87.0	194.9	371.8	546.2	0		548	20260829-150529
ieeq	101.5	244.6	407.6	82.4	169.6	344.5	525.6	0		549	20260829-150529
usdp	81.9	160.8	302.7	100.7	184.4	257.6	414.7	0		550	20260829-150529
wss;	213.9	375.2	438.9	79.9	291.1	463.1	547.1	0		551	20260829-150529
qrzg	64.0	311.0	0.0	145.0	174.9	0.0	0.0	1	qra	552	20260829-150529
xkhn	69.1	199.7	416.7	105.8	174.8	310.8	536.2	0		553	20260829-150529
nxoo	59.5	189.7	339.9	84.6	157.5	257.3	449.5	0		554	20260829-150529
u.,g	300.5	340.9	496.7	139.8	458.0	493.1	583.1	0		555	20260829-150529
sn,/	78.9	327.1	600.7	113.1	168.1	459.1	0.0	1	sn,;	556	20260829-150529
hnwe	191.1	276.2	401.3	75.3	288.1	487.0	555.8	0		557	20260829-150529
pgtr	51.9	236.9	422.8	95.7	133.9	318.7	504.6	0		558	20260829-150529
rg	190.9	0.0	0.0	79.1	287.8	0.0	0.0	0		559	20260829-150529
sg/.	69.9	150.1	602.7	136.8	175.7	293.8	743.7	0		560	20260829-150529
hw/h	77.7	201.2	355.1	90.1	164.9	357.7	444.2	0		561	20260829-150529
yu,b	144.0	396.3	513.4	81.0	248.0	545.1	591.1	0		562	20260829-150529
y;co	53.2	215.0	277.2	133.1	190.1	318.9	394.0	0		563	20260829-150529
j/te	39.4	174.5	358.5	120.4	170.4	285.3	447.6	0		564	20260829-150529
,bww	68.5	222.0	403.1	127.9	177.0	314.2	502.8	0		565	20260829-150529
fbp,	194.9	284.9	507.2	88.9	290.0	379.7	625.0	0		566	20260829-150529
sqla	45.5	195.4	303.5	134.4	158.5	305.7	423.3	0		567	20260829-150529
qiub	85.7	151.5	269.5	111.3	224.7	244.6	363.6	0		568	20260829-150529
b,zn	78.9	202.9	273.0	94.2	158.9	331.0	357.7	0		569	20260829-150529
u.cl	60.1	232.8	303.8	140.8	181.8	318.9	404.3	0		570	20260829-150529
csx/	42.7	262.7	271.7	104.8	144.6	368.1	390.4	0		571	20260829-150529
spnr	59.6	212.6	276.9	105.2	152.4	313.7	361.5	0		572	20260829-150529
g/	71.0	0.0	0.0	94.7	165.8	0.0	0.0	0		573	20260829-150529
eijx	76.2	167.6	295.9	83.8	166.9	281.8	421.9	0		574	20260829-150529
wm	34.0	0.0	0.0	82.1	113.1	0.0	0.0	0		575	20260829-150529
gmvw	102.3	236.5	317.8	93.4	191.4	382.7	443.5	0		576	20260829-150529
dpvx	75.9	243.9	358.9	92.8	179.9	0.0	0.0	1	dpvw	577	20260829-150529
dgb/	53.1	261.1	311.2	90.9	153.2	363.9	425.0	0		578	20260829-150529
lecn	40.3	236.8	271.1	87.2	93.0	318.8	349.0	0		579	20260829-150529
xfwl	86.9	284.4	318.3	145.3	190.1	377.2	417.0	0		580	20260829-150529
ba;d	36.8	122.6	278.3	111.8	143.4	223.8	345.4	0		581	20260829-150529
jobj	0.0	0.0	0.0	0.0	0.0	0.0	0.0	1	o	582	20260829-150529
rvvh	241.4	398.3	505.4	87.9	331.2	513.4	605.1	0		583	20260829-150529
lq	46.3	0.0	0.0	82.7	151.5	0.0	0.0	0		584	20260829-150529
gyl/	43.8	131.8	331.9	91.7	169.8	219.9	464.1	0		585	20260829-150529
dw	29.3	0.0	0.0	100.0	182.1	0.0	0.0	0		586	20260829-150529
rdrh	75.6	223.7	322.7	124.7	177.6	331.7	421.9	0		587	20260829-150529
n.ep	48.6	119.6	280.7	110.6	165.8	203.6	388.0	0		588	20260829-150529
hs	40.1	0.0	0.0	83.0	135.1	0.0	0.0	0		589	20260829-150529
dqec	61.0	251.1	491.3	105.0	188.9	331.0	597.7	0		590	20260829-150529
dpcx	57.4	230.2	468.9	89.6	160.2	361.9	591.3	0		591	20260829-150529
hbul	100.2	201.9	350.2	81.3	209.9	282.1	467.0	0		592	20260829-150529
bh	56.9	0.0	0.0	89.2	145.2	0.0	0.0	0		593	20260829-150529
ax	211.2	0.0	0.0	128.5	327.7	0.0	0.0	0		594	20260829-150529
jib.	52.2	150.9	293.1	142.6	152.6	239.0	409.1	0		595	20260829-150529
zb	87.7	0.0	0.0	152.7	220.7	0.0	0.0	0		596	20260829-150529
kmes	0.0	0.0	0.0	0.0	0.0	0.0	0.0	1	m	597	20260829-150529
v;ut	82.1	149.8	240.7	98.2	187.7	260.5	335.7	0		598	20260829-150529
;s.q	87.6	205.8	368.9	88.9	176.9	346.2	534.9	0		599	20260829-150529
;.;t	244.5	464.5	732.9	111.4	366.3	589.3	833.3	0		600	20260829-150529
.uct	91.1	178.9	291.0	170.9	182.2	306.3	398.4	0		601	20260829-150529
exyp	205.1	274.2	350.1	81.9	307.7	380.1	463.1	0		602	20260829-150529
lpuj	30.0	215.1	435.0	153.1	172.1	346.4	551.3	0		603	20260829-150529
rfer	210.2	380.0	446.9	82.3	288.2	524.9	539.9	0		604	20260829-150529
tq	69.1	0.0	0.0	124.8	187.6	0.0	0.0	0		605	20260829-150529
sddf	214.3	372.6	546.5	95.6	293.3	464.3	645.8	0		606	20260829-150529
tmsa	74.0	231.8	322.8	100.7	159.8	384.1	455.1	0		607	20260829-150529
sk;r	80.9	201.1	326.3	117.8	233.3	319.2	408.1	0		608	20260829-150529
cadi	73.3	247.1	290.2	115.0	181.5	327.3	385.2	0		609	20260829-150529
z;wt	95.1	236.9	395.3	101.8	194.2	324.6	484.2	0		610	20260829-150529
rqab	59.3	303.0	358.9	135.3	168.1	403.3	471.0	0		611	20260829-150529
k.s/	66.2	194.9	366.3	163.1	185.8	297.0	465.9	0		612	20260829-150529
chyq	83.0	245.3	294.9	95.9	152.1	0.0	0.0	1	chyw	613	20260829-150529
s/wm	67.8	191.0	263.0	87.6	177.5	278.7	371.5	0		614	20260829-150529
nd,r	89.9	206.2	286.9	77.0	171.1	294.8	385.8	0		615	20260829-150529
rs	56.1	0.0	0.0	119.9	172.2	0.0	0.0	0		616	20260829-150529
lgci	83.5	240.6	275.5	102.6	172.5	356.6	390.0	0		617	20260829-150529
qu;k	48.8	106.1	305.9	110.9	159.6	254.1	433.7	0		618	20260829-150529
xc/p	95.6	145.7	359.4	150.5	184.8	240.2	442.0	0		619	20260829-150529
;bfq	61.9	248.0	417.5	98.0	150.0	351.0	538.2	0		620	20260829-150529
bvhf	186.6	365.5	459.4	84.5	282.6	453.4	546.6	0		621	20260829-150529
hg;.	85.0	232.8	547.1	90.6	184.7	354.8	728.7	0		622	20260829-150529
kzgp	55.3	217.8	246.8	107.8	158.1	321.1	349.9	0		623	20260829-150529
hsk,	74.5	175.7	387.8	90.6	180.0	280.6	497.6	0		624	20260829-150529
jkb.	44.7	177.0	253.0	128.4	127.6	272.7	409.6	0		625	20260829-150529
jd	48.0	0.0	0.0	75.0	131.1	0.0	0.0	0		626	20260829-150529
dbib	32.4	129.0	247.8	83.2	125.9	213.1	334.2	0		627	20260829-150529
rs	48.0	0.0	0.0	126.9	147.2	0.0	0.0	0		628	20260829-150529
doji	108.1	243.3	342.1	92.0	233.1	427.1	508.9	0		629	20260829-150529
m/ts	32.9	120.0	170.9	132.7	159.7	239.8	294.0	0		630	20260829-150529
tfin	203.1	261.5	331.8	80.8	302.7	411.7	436.4	0		631	20260829-150529
ad	100.5	0.0	0.0	154.3	201.9	0.0	0.0	0		632	20260829-150529
bl	43.3	0.0	0.0	76.9	133.1	0.0	0.0	0		633	20260829-150529
lof,	167.0	249.6	378.0	63.8	252.4	333.8	484.7	0		634	20260829-150529
vne;	103.6	219.6	300.8	111.6	182.8	306.6	411.7	0		635	20260829-150529
nmce	179.4	228.2	427.1	67.2	270.1	316.1	507.3	0		636	20260829-150529
e/	43.9	0.0	0.0	80.9	161.9	0.0	0.0	0		637	20260829-150529
cp;,	45.8	260.9	575.0	100.8	136.9	373.9	704.6	0		638	20260829-150529
cg	89.0	0.0	0.0	116.0	188.9	0.0	0.0	0		639	20260829-150529
wbdc	67.0	291.7	497.7	138.8	210.7	376.9	581.9	0		640	20260829-150529
z/ap	94.1	211.1	304.4	102.0	191.1	318.2	392.0	0		641	20260829-150529
ul	52.8	0.0	0.0	102.9	182.9	0.0	0.0	0		642	20260829-150529
ofxu	41.9	202.0	237.9	87.9	122.3	307.8	339.0	0		643	20260829-150529
z/qq	94.9	209.7	404.7	96.6	196.7	319.0	504.8	0		644	20260829-150529
ocwm	58.8	226.7	273.7	114.6	149.8	349.8	372.6	0		645	20260829-150529
tgjg	197.2	324.9	425.0	81.9	290.0	427.0	512.0	0		646	20260829-150529
u,so	174.0	245.1	383.0	105.0	263.2	350.0	474.1	0		647	20260829-150529
;/	0.0	0.0	0.0	0.0	0.0	0.0	0.0	1	/	648	20260829-150529
r,	64.3	0.0	0.0	86.0	150.1	0.0	0.0	0		649	20260829-150529
r/tc	57.8	199.5	320.8	80.7	173.7	353.7	454.7	0		650	20260829-150529
so	66.3	0.0	0.0	96.3	137.7	0.0	0.0	0		651	20260829-150529
dzzi	211.9	351.6	465.3	71.7	276.7	467.5	580.7	0		652	20260829-150529
baln	46.1	115.0	246.2	118.2	163.2	245.7	334.3	0		653	20260829-150529
eh	61.0	0.0	0.0	80.1	157.0	0.0	0.0	0		654	20260829-150529
vzcr	59.1	284.0	381.9	141.9	192.9	448.2	492.3	0		655	20260829-150529
m.	22.8	0.0	0.0	86.8	143.7	0.0	0.0	0		656	20260829-150529
/krq	86.3	196.9	311.2	155.8	210.8	346.9	458.9	0		657	20260829-150529
uwcr	66.6	291.9	383.3	109.0	155.0	459.9	482.2	0		658	20260829-150529
u/bc	56.0	435.2	537.1	145.9	192.9	523.0	625.1	0		659	20260829-150529
nb	31.0	0.0	0.0	83.1	109.3	0.0	0.0	0		660	20260829-150529
ngvq	41.9	244.7	327.2	103.2	143.7	399.8	445.0	0		661	20260829-150529
,/tt	8.9	0.0	0.0	0.0	0.0	0.0	0.0	1	,k	662	20260829-150529
yted	84.9	139.6	308.4	86.0	187.3	219.3	406.3	0		663	20260829-150529
kgj;	98.4	181.5	285.4	101.3	199.3	314.3	414.5	0		664	20260829-150529
q/	41.0	0.0	0.0	103.0	159.5	0.0	0.0	0		665	20260829-150529
,ada	88.9	177.8	349.3	122.8	219.8	295.9	478.8	0		666	20260829-150529
swkt	193.9	267.6	381.0	77.8	256.7	353.7	470.8	0		667	20260829-150529
vw	64.4	0.0	0.0	131.7	154.9	0.0	0.0	0		668	20260829-150529
gn	50.4	0.0	0.0	74.9	130.9	0.0	0.0	0		669	20260829-150529
mn	146.5	0.0	0.0	69.5	242.7	0.0	0.0	0		670	20260829-150529
sa	102.5	0.0	0.0	153.4	238.1	0.0	0.0	0		671	20260829-150529
hk	51.8	0.0	0.0	99.6	149.7	0.0	0.0	0		672	20260829-150529
/a	47.9	0.0	0.0	114.1	149.8	0.0	0.0	0		673	20260829-150529
wkao	72.9	209.9	266.9	79.8	141.3	316.9	356.0	0		674	20260829-150529
yb	21.3	0.0	0.0	66.4	103.5	0.0	0.0	0		675	20260829-150529
jrvw	60.6	280.2	347.0	103.8	147.2	417.8	495.9	0		676	20260829-150529
eo	41.4	0.0	0.0	73.0	124.5	0.0	0.0	0		677	20260829-150529
ke/n	68.0	188.8	420.8	97.9	141.7	316.1	507.8	0		678	20260829-150529
ea	69.6	0.0	0.0	103.4	204.5	0.0	0.0	0		679	20260829-150529
v;	61.2	0.0	0.0	0.0	0.0	0.0	0.0	1	v/	680	20260829-150529
yo	38.1	0.0	0.0	81.9	136.0	0.0	0.0	0		681	20260829-150529
u;	42.2	0.0	0.0	111.3	159.9	0.0	0.0	0		682	20260829-150529
k//d	177.0	339.1	464.7	78.8	272.8	444.0	540.0	0		683	20260829-150529
se	66.0	0.0	0.0	153.1	182.2	0.0	0.0	0		684	20260829-150529
vltg	56.9	224.8	466.1	98.0	149.8	343.0	548.8	0		685	20260829-150529
,yra	195.9	0.0	0.0	161.7	0.0	0.0	0.0	1	,r	686	20260829-150529
,x	49.3	0.0	0.0	117.4	147.4	0.0	0.0	0		687	20260829-150529
jy	153.8	0.0	0.0	67.2	240.7	0.0	0.0	0		688	20260829-150529
eyea	115.9	194.0	394.5	79.0	195.2	280.7	514.5	0		689	20260829-150529
ko.a	39.8	304.4	398.9	142.8	162.7	431.6	498.9	0		690	20260829-150529
ob	60.0	0.0	0.0	85.9	134.9	0.0	0.0	0		691	20260829-150529
/szw	47.9	282.0	533.2	127.9	157.0	415.7	627.8	0		692	20260829-150529
pc	77.1	0.0	0.0	98.8	148.7	0.0	0.0	0		693	20260829-150529
asnc	67.5	175.5	294.0	152.6	172.8	270.5	380.6	0		694	20260829-150529
ndfr	86.8	314.9	0.0	97.7	241.0	0.0	0.0	1	ndr	695	20260829-150529
scx.	129.8	359.0	444.4	165.0	250.7	464.0	574.3	0		696	20260829-150529
;,	206.2	0.0	0.0	102.5	296.5	0.0	0.0	0		697	20260829-150529
meje	79.0	182.7	254.0	89.8	156.1	295.7	344.9	0		698	20260829-150529
a;mg	42.8	205.8	266.3	104.6	149.9	300.7	356.5	0		699	20260829-150529
dgso	69.6	218.3	277.9	113.6	140.6	318.4	354.5	0		700	20260829-150529
.n	69.7	0.0	0.0	165.9	179.5	0.0	0.0	0		1	20260829-160927
io	71.1	0.0	0.0	165.9	195.9	0.0	0.0	0		2	20260829-160927
hu;e	185.2	312.6	434.2	94.0	293.4	454.7	541.8	0		3	20260829-160927
ib	71.5	0.0	0.0	88.7	179.5	0.0	0.0	0		4	20260829-160927
e,	83.3	0.0	0.0	110.7	187.7	0.0	0.0	0		5	20260829-160927
io/j	326.9	0.0	0.0	200.8	0.0	0.0	0.0	1	i/	6	20260829-160927
gu	75.5	0.0	0.0	109.8	189.5	0.0	0.0	0		7	20260829-160927
xy	48.0	0.0	0.0	99.0	145.1	0.0	0.0	0		8	20260829-160927
zo	80.1	0.0	0.0	120.6	165.7	0.0	0.0	0		9	20260829-160927
pu	53.3	0.0	0.0	124.2	244.0	0.0	0.0	0		10	20260829-160927
gcsj	86.7	261.9	408.8	164.0	198.6	396.1	520.9	0		11	20260829-160927
,vna	0.0	0.0	0.0	0.0	0.0	0.0	0.0	1	.	12	20260829-160927
ejpn	83.0	169.2	311.9	103.4	170.2	357.9	444.0	0		13	20260829-160927
mtob	78.3	194.2	338.6	100.6	162.2	322.2	445.1	0		14	20260829-160927
dn	85.5	0.0	0.0	79.1	197.7	0.0	0.0	0		15	20260829-160927
;;vv	156.1	254.1	430.1	85.2	256.7	360.8	540.8	0		16	20260829-160927
;k	83.3	0.0	0.0	131.2	217.6	0.0	0.0	0		17	20260829-160927
ivqe	61.8	232.7	431.8	121.9	181.8	412.0	551.0	0		18	20260829-160927
ld	110.5	0.0	0.0	153.5	212.5	0.0	0.0	0		19	20260829-160927
lbky	90.2	193.6	302.8	102.6	172.1	365.7	441.7	0		20	20260829-160927
gi/g	74.7	168.2	329.6	112.2	208.5	315.6	423.7	0		21	20260829-160927
kzhn	37.7	196.6	676.2	103.4	166.2	321.2	887.3	0		22	20260829-160927
flga	87.9	249.5	326.6	105.1	186.3	390.9	454.4	0		23	20260829-160927
lj	69.7	0.0	0.0	161.1	174.8	0.0	0.0	0		24	20260829-160927
hc;y	128.6	220.0	373.6	124.8	239.3	359.7	479.2	0		25	20260829-160927
ooik	164.4	316.8	562.0	86.0	309.1	432.7	702.0	0		26	20260829-160927
dl	36.1	0.0	0.0	92.4	152.1	0.0	0.0	0		27	20260829-160927
ft	187.1	0.0	0.0	86.1	280.1	0.0	0.0	0		28	20260829-160927
rb	213.4	0.0	0.0	83.0	305.9	0.0	0.0	0		29	20260829-160927
qdpo	76.2	212.9	379.9	181.0	181.7	355.4	528.2	0		30	20260829-160927
sfjm	68.6	176.7	406.4	166.6	197.3	255.3	523.4	0		31	20260829-160927
bv	183.5	0.0	0.0	90.5	285.3	0.0	0.0	0		32	20260829-160927
y.	58.3	0.0	0.0	147.2	217.2	0.0	0.0	0		33	20260829-160927
en//	59.1	252.1	427.0	108.9	143.0	333.8	531.3	0		34	20260829-160927
wbio	98.9	160.8	224.0	138.3	215.0	343.2	342.1	0		35	20260829-160927
ykqm	51.0	232.0	370.2	161.9	199.9	364.0	496.1	0		36	20260829-160927
whaa	83.4	239.4	416.5	99.1	166.1	324.9	515.8	0		37	20260829-160927
rk	64.2	0.0	0.0	100.0	162.0	0.0	0.0	0		38	20260829-160927
yddo	172.2	326.9	459.4	90.8	225.0	420.5	573.8	0		39	20260829-160927
fr	192.2	0.0	0.0	93.9	279.7	0.0	0.0	0		40	20260829-160927
nkki	177.9	318.8	499.8	87.1	250.0	402.8	601.9	0		41	20260829-160927
qbm,	108.2	235.1	470.4	153.5	219.7	374.3	587.6	0		42	20260829-160927
hrhw	59.8	192.4	259.5	92.6	142.5	289.5	375.2	0		43	20260829-160927
gwvw	57.9	296.7	439.2	133.1	189.0	558.7	588.2	0		44	20260829-160927
/x	65.7	0.0	0.0	135.0	170.7	0.0	0.0	0		45	20260829-160927
u/uq	75.1	277.0	382.7	177.8	246.9	406.8	498.9	0		46	20260829-160927
qvuy	74.8	226.8	422.9	148.1	226.1	336.8	509.9	0		47	20260829-160927
mgen	66.2	170.1	242.4	94.3	155.1	263.0	352.5	0		48	20260829-160927
z;	45.2	0.0	0.0	109.2	139.2	0.0	0.0	0		49	20260829-160927
neit	92.7	148.9	289.3	87.8	189.7	251.7	388.7	0		50	20260829-160927
lkhl	50.0	218.2	334.3	127.7	155.2	379.2	437.5	0		51	20260829-160927
ng	44.5	0.0	0.0	94.4	131.8	0.0	0.0	0		52	20260829-160927
opsg	60.4	154.1	267.3	166.0	188.2	286.9	393.4	0		53	20260829-160927
gl	51.0	0.0	0.0	93.2	148.0	0.0	0.0	0		54	20260829-160927
fs	65.7	0.0	0.0	127.8	180.8	0.0	0.0	0		55	20260829-160927
duzn	68.1	244.2	345.1	90.2	161.1	368.0	428.3	0		56	20260829-160927
tig/	62.0	214.2	262.5	85.1	144.0	316.0	372.3	0		57	20260829-160927
x/sz	76.1	271.5	0.0	114.1	187.1	0.0	0.0	1	x/a	58	20260829-160927
hu	166.7	0.0	0.0	70.6	263.9	0.0	0.0	0		59	20260829-160927
yzof	97.0	149.6	290.6	87.8	207.0	279.7	405.9	0		60	20260829-160927
o;og	189.3	375.0	530.4	118.2	313.2	513.3	627.1	0		61	20260829-160927
o;np	218.2	452.3	547.3	112.4	315.7	566.5	697.1	0		62	20260829-160927
vrsj	205.1	328.2	395.5	81.2	284.1	439.0	499.3	0		63	20260829-160927
/ofm	229.4	321.6	466.1	145.8	331.9	419.0	575.1	0		64	20260829-160927
zrom	124.4	185.6	286.5	158.6	221.5	337.8	437.7	0		65	20260829-160927
johv	47.1	238.1	377.1	131.6	183.6	363.4	491.4	0		66	20260829-160927
zdkr	55.7	180.8	0.0	156.5	142.7	0.0	0.0	1	zdh	67	20260829-160927
dgb,	0.0	0.0	0.0	0.0	0.0	0.0	0.0	1	g	68	20260829-160927
.ftx	60.9	250.7	462.6	113.5	154.5	342.5	552.6	0		69	20260829-160927
w.r/	96.5	198.5	338.5	95.5	190.8	290.4	457.3	0		70	20260829-160927
erls	40.2	142.8	264.9	112.0	135.0	262.0	373.9	0		71	20260829-160927
;a	56.6	0.0	0.0	98.5	163.8	0.0	0.0	0		72	20260829-160927
zmgh	98.0	212.5	309.0	112.8	180.0	314.8	411.1	0		73	20260829-160927
a.	59.8	0.0	0.0	114.9	170.9	0.0	0.0	0		74	20260829-160927
oftp	54.8	247.1	284.1	103.0	135.0	340.0	390.0	0		75	20260829-160927
/w	76.7	0.0	0.0	128.4	190.7	0.0	0.0	0		76	20260829-160927
g,a;	103.7	202.9	312.6	96.8	191.1	315.6	424.0	0		77	20260829-160927
;y/u	95.1	302.6	442.0	149.4	184.0	455.3	565.4	0		78	20260829-160927
ff;n	159.4	248.7	440.0	68.9	248.0	373.0	563.4	0		79	20260829-160927
a/o.	84.2	350.0	615.2	121.0	181.9	440.5	746.0	0		80	20260829-160927
nozo	44.2	165.9	237.9	120.7	120.1	275.0	336.2	0		81	20260829-160927
iglo	39.9	181.9	356.0	77.8	138.7	262.0	452.7	0		82	20260829-160927
rfcn	203.7	371.8	485.1	72.9	277.6	487.5	575.7	0		83	20260829-160927
roym	69.9	195.2	425.0	98.2	151.8	277.9	512.9	0		84	20260829-160927
wfl.	46.0	132.0	327.7	141.9	170.9	211.9	448.0	0		85	20260829-160927
ap/;	81.1	314.3	500.3	134.0	176.3	401.9	609.3	0		86	20260829-160927
ci,q	67.8	297.3	354.5	98.7	153.6	408.3	473.4	0		87	20260829-160927
ok;y	227.6	396.4	616.1	101.9	320.1	521.6	703.0	0		88	20260829-160927
naan	138.4	314.7	494.0	94.4	252.7	416.2	599.0	0		89	20260829-160927
gv	223.2	0.0	0.0	84.0	332.8	0.0	0.0	0		90	20260829-160927
,ne;	191.8	215.9	403.2	105.3	288.2	295.9	525.3	0		91	20260829-160927
im.k	218.8	402.2	777.8	123.7	298.8	533.1	0.0	0		92	20260829-160927
ckd/	107.6	289.8	378.4	89.8	189.6	369.1	525.7	0		93	20260829-160927
albb	101.7	221.0	393.3	79.2	184.0	312.2	488.5	0		94	20260829-160927
hkkz	227.6	372.3	498.1	110.7	292.8	455.7	629.0	0		95	20260829-160927
qx	240.1	0.0	0.0	92.1	352.3	0.0	0.0	0		96	20260829-160927
wdvh	76.7	349.7	464.3	144.9	226.0	485.9	561.5	0		97	20260829-160927
bcgi	84.0	293.8	326.6	146.8	174.8	399.0	439.6	0		98	20260829-160927
aa	163.6	0.0	0.0	64.4	257.6	0.0	0.0	0		99	20260829-160927
ri	56.6	0.0	0.0	93.2	167.1	0.0	0.0	0		100	20260829-160927
qm/v	102.0	215.2	317.4	125.1	193.2	342.4	438.1	0		101	20260829-160927
asr;	124.9	333.2	415.3	182.2	334.4	454.3	531.9	0		102	20260829-160927
hau.	68.9	203.9	440.2	76.8	183.9	320.1	558.9	0		103	20260829-160927
fm.u	100.0	231.3	352.2	110.9	183.3	426.1	469.9	0		104	20260829-160927
txaw	76.8	313.8	538.4	132.2	193.0	420.9	0.0	1	txaq	105	20260829-160927
md	58.9	0.0	0.0	115.0	141.7	0.0	0.0	0		106	20260829-160927
rovi	85.1	251.9	309.6	88.9	176.3	374.0	436.0	0		107	20260829-160927
jchl	97.9	201.6	338.8	93.1	198.7	330.8	471.1	0		108	20260829-160927
p/nx	230.9	408.9	508.5	87.0	358.5	527.9	615.8	0		109	20260829-160927
.uc;	65.1	174.3	283.1	140.0	160.0	265.1	394.3	0		110	20260829-160927
;rdj	100.4	307.9	442.2	126.9	186.0	403.0	0.0	1	;rdm	111	20260829-160927
xbak	53.7	268.1	332.0	113.9	167.9	398.4	432.1	0		112	20260829-160927
ic	70.0	0.0	0.0	87.1	156.0	0.0	0.0	0		113	20260829-160927
vo	54.5	0.0	0.0	97.7	135.7	0.0	0.0	0		114	20260829-160927
lsjb	50.0	170.4	323.3	101.4	152.1	291.5	422.0	0		115	20260829-160927
sk	61.7	0.0	0.0	99.0	157.8	0.0	0.0	0		116	20260829-160927
rc	85.2	0.0	0.0	154.0	227.9	0.0	0.0	0		117	20260829-160927
rx;s	80.1	181.1	326.9	122.8	169.8	286.9	433.9	0		118	20260829-160927
scky	75.0	182.9	290.8	155.8	193.8	318.9	396.9	0		119	20260829-160927
ahhm	112.1	255.2	527.2	115.6	198.7	374.8	640.9	0		120	20260829-160927
xcfl	30.4	204.5	310.8	137.9	141.3	320.3	426.8	0		121	20260829-160927
iq	53.2	0.0	0.0	94.1	148.4	0.0	0.0	0		122	20260829-160927
av/.	84.5	172.6	464.5	138.8	215.5	432.7	0.0	1	av/o	123	20260829-160927
pxf;	111.9	209.0	308.1	124.8	248.9	323.0	435.8	0		124	20260829-160927
tg/t	193.6	264.3	419.7	91.6	285.8	388.6	531.7	0		125	20260829-160927
kk	145.0	0.0	0.0	70.9	240.2	0.0	0.0	0		126	20260829-160927
iwrk	40.1	168.0	295.3	88.0	227.3	301.7	406.0	0		127	20260829-160927
eb	76.0	0.0	0.0	135.9	210.0	0.0	0.0	0		128	20260829-160927
tpj/	71.9	169.8	391.1	108.0	169.1	349.8	524.1	0		129	20260829-160927
op/j	163.7	495.7	619.2	184.7	311.4	656.8	742.5	0		130	20260829-160927
bv	178.1	0.0	0.0	84.9	301.9	0.0	0.0	0		131	20260829-160927
;kpd	75.0	278.8	370.8	139.7	207.8	392.9	448.7	0		132	20260829-160927
jcfx	69.6	173.3	315.4	99.1	174.4	353.1	453.4	0		133	20260829-160927
ph	46.3	0.0	0.0	136.3	137.0	0.0	0.0	0		134	20260829-160927
kv	34.0	0.0	0.0	86.2	140.2	0.0	0.0	0		135	20260829-160927
cn	32.9	0.0	0.0	79.9	136.0	0.0	0.0	0		136	20260829-160927
jj	134.9	0.0	0.0	83.8	219.1	0.0	0.0	0		137	20260829-160927
xj	58.5	0.0	0.0	87.4	143.2	0.0	0.0	0		138	20260829-160927
uhlv	190.0	297.4	420.7	82.9	272.1	405.7	543.1	0		139	20260829-160927
cz	70.9	0.0	0.0	129.7	227.4	0.0	0.0	0		140	20260829-160927
fzcb	42.6	327.5	424.8	122.5	172.6	446.5	499.2	0		141	20260829-160927
.bf.	55.0	246.0	280.2	120.9	142.9	339.0	415.9	0		142	20260829-160927
nl	74.0	0.0	0.0	133.0	169.8	0.0	0.0	0		143	20260829-160927
lzrk	45.8	177.7	259.6	99.6	213.5	290.6	366.7	0		144	20260829-160927
wwea	173.5	437.8	551.9	93.9	294.4	590.9	714.9	0		145	20260829-160927
.c	50.0	0.0	0.0	115.2	155.6	0.0	0.0	0		146	20260829-160927
.iwt	34.8	213.7	358.6	160.6	171.2	374.4	474.6	0		147	20260829-160927
uq	50.2	0.0	0.0	104.9	159.9	0.0	0.0	0		148	20260829-160927
egs.	41.0	239.9	286.9	115.4	133.0	344.1	412.3	0		149	20260829-160927
pfpx	77.3	190.3	431.0	92.9	175.2	299.3	537.2	0		150	20260829-160927
pt	62.8	0.0	0.0	92.7	154.7	0.0	0.0	0		151	20260829-160927
nulb	208.1	272.9	447.0	87.9	351.8	402.7	546.0	0		152	20260829-160927
rk/l	61.7	148.0	402.7	98.0	174.0	296.7	505.6	0		153	20260829-160927
lbo;	126.8	225.9	433.0	98.3	221.0	312.2	536.7	0		154	20260829-160927
xsuk	191.1	329.0	480.2	78.9	287.0	437.0	608.2	0		155	20260829-160927
ic/f	87.4	223.5	339.3	107.3	176.2	357.6	435.6	0		156	20260829-160927
xwow	216.7	380.1	457.9	89.6	300.6	496.7	573.6	0		157	20260829-160927
owth	51.1	229.7	299.9	102.6	141.6	339.6	395.9	0		158	20260829-160927
ki,y	164.9	380.9	505.6	76.6	255.0	569.6	634.7	0		159	20260829-160927
.q	59.0	0.0	0.0	152.9	178.3	0.0	0.0	0		160	20260829-160927
a,	63.1	0.0	0.0	108.9	150.7	0.0	0.0	0		161	20260829-160927
rflp	190.2	237.2	415.4	84.6	304.7	332.1	522.3	0		162	20260829-160927
tw	40.5	0.0	0.0	114.1	224.0	0.0	0.0	0		163	20260829-160927
zq	216.9	0.0	0.0	110.0	314.9	0.0	0.0	0		164	20260829-160927
jm	183.4	0.0	0.0	77.3	271.6	0.0	0.0	0		165	20260829-160927
jicg	65.1	193.3	327.0	152.1	151.2	334.1	424.0	0		166	20260829-160927
nvds	92.6	177.7	334.7	79.9	231.5	353.6	495.7	0		167	20260829-160927
/./g	205.8	405.7	612.9	109.6	301.8	531.2	700.7	0		168	20260829-160927
olaz	195.8	354.5	0.0	78.6	278.0	0.0	0.0	1	olz	169	20260829-160927
xp	85.4	0.0	0.0	105.3	169.6	0.0	0.0	0		170	20260829-160927
od/r	85.2	246.3	305.3	97.1	148.2	355.1	386.1	0		171	20260829-160927
wz	311.0	0.0	0.0	80.2	429.1	0.0	0.0	0		172	20260829-160927
ubp;	73.9	484.7	695.9	100.8	185.9	598.1	797.9	0		173	20260829-160927
.c.;	51.4	221.7	444.5	92.5	149.3	328.5	558.4	0		174	20260829-160927
brzk	187.6	382.0	466.3	67.8	269.0	507.1	557.8	0		175	20260829-160927
gl	37.5	0.0	0.0	69.8	124.7	0.0	0.0	0		176	20260829-160927
cxce	73.3	366.5	585.9	183.1	240.4	442.3	655.8	0		177	20260829-160927
np	80.4	0.0	0.0	118.0	210.7	0.0	0.0	0		178	20260829-160927
qk	78.1	0.0	0.0	85.6	161.8	0.0	0.0	0		179	20260829-160927
mekl	37.6	177.4	305.0	98.7	114.5	335.1	429.2	0		180	20260829-160927
zs	135.2	0.0	0.0	210.3	297.8	0.0	0.0	0		181	20260829-160927
mvap	82.6	207.6	258.8	118.8	184.8	334.3	376.7	0		182	20260829-160927
hsme	74.6	256.5	324.4	90.4	171.4	359.4	389.8	0		183	20260829-160927
tx	63.3	0.0	0.0	126.4	183.5	0.0	0.0	0		184	20260829-160927
viqn	76.8	234.8	0.0	108.8	164.1	0.0	0.0	1	vig	185	20260829-160927
gipr	19.6	81.6	291.4	99.6	151.1	212.0	382.7	0		186	20260829-160927
bcyg	90.0	194.2	320.8	142.3	185.7	291.0	412.5	0		187	20260829-160927
;d	53.5	0.0	0.0	93.9	123.3	0.0	0.0	0		188	20260829-160927
df;j	43.3	122.1	239.6	108.2	150.8	235.0	362.7	0		189	20260829-160927
gm;w	90.2	120.8	224.2	94.9	157.2	235.6	312.3	0		190	20260829-160927
mfsm	63.6	173.4	242.7	99.6	152.2	317.0	344.7	0		191	20260829-160927
ud	15.9	0.0	0.0	87.8	92.6	0.0	0.0	0		192	20260829-160927
buur	103.7	224.5	358.2	85.0	165.8	306.9	428.8	0		193	20260829-160927
kosg	57.5	174.5	292.4	163.2	197.0	304.6	409.9	0		194	20260829-160927
,oxc	33.4	242.3	368.9	182.7	178.9	424.3	480.2	0		195	20260829-160927
a.i,	104.6	201.5	459.3	123.8	308.2	291.3	549.7	0		196	20260829-160927
innw	208.8	332.7	487.2	87.4	272.7	407.6	580.3	0		197	20260829-160927
dtj;	117.2	218.7	313.8	125.5	222.4	353.6	440.3	0		198	20260829-160927
hsbh	42.4	213.7	284.8	92.5	145.6	319.1	376.7	0		199	20260829-160927
id	40.0	0.0	0.0	86.7	115.1	0.0	0.0	0		200	20260829-160927
r;fn	58.4	224.6	282.6	62.4	187.3	319.9	380.6	0		201	20260829-160927
kxix	57.4	187.1	277.5	70.5	154.4	260.4	376.2	0		202	20260829-160927
czeb	41.6	308.1	392.1	92.0	167.4	375.5	466.2	0		203	20260829-160927
gj	42.3	0.0	0.0	85.1	132.5	0.0	0.0	0		204	20260829-160927
uvbq	36.1	227.0	351.2	107.1	145.8	419.9	471.1	0		205	20260829-160927
gfp;	188.1	585.4	817.5	75.9	272.6	705.3	934.8	0		206	20260829-160927
/li/	79.7	294.6	510.9	195.6	299.2	441.2	668.7	0		207	20260829-160927
wb	99.9	0.0	0.0	139.9	208.7	0.0	0.0	0		208	20260829-160927
dugv	97.9	180.6	407.9	94.3	190.9	269.6	501.6	0		209	20260829-160927
lysz	86.4	124.4	361.6	141.2	173.2	231.8	474.3	0		210	20260829-160927
shcd	94.1	247.7	434.8	112.3	188.6	334.9	520.0	0		211	20260829-160927
qa	263.8	0.0	0.0	158.4	371.8	0.0	0.0	0		212	20260829-160927
dq	70.5	0.0	0.0	129.5	191.3	0.0	0.0	0		213	20260829-160927
gsan	50.2	230.9	298.0	111.2	132.9	328.6	391.6	0		214	20260829-160927
gaco	35.7	267.9	323.2	126.0	148.1	341.3	415.2	0		215	20260829-160927
ps	51.5	0.0	0.0	100.2	142.1	0.0	0.0	0		216	20260829-160927
hrmg	74.3	249.4	335.1	85.5	160.1	342.2	431.9	0		217	20260829-160927
hp,k	40.5	280.8	440.2	107.9	141.1	356.1	528.2	0		218	20260829-160927
xfys	84.4	227.5	318.9	154.1	189.7	312.5	424.2	0		219	20260829-160927
s;	52.0	0.0	0.0	92.1	159.1	0.0	0.0	0		220	20260829-160927
mrv.	59.5	305.2	389.7	102.4	147.3	427.2	502.4	0		221	20260829-160927
gu	44.1	0.0	0.0	89.5	150.6	0.0	0.0	0		222	20260829-160927
frzu	91.9	0.0	0.0	79.4	0.0	0.0	0.0	1	ff	223	20260829-160927
tsjp	25.1	127.1	203.5	108.4	134.3	271.3	320.9	0		224	20260829-160927
.l/b	205.7	413.5	560.0	98.4	288.3	522.4	643.4	0		225	20260829-160927
hpax	50.0	183.2	412.7	110.2	186.9	291.3	0.0	1	hpaz	226	20260829-160927
gabp	81.9	253.5	337.4	114.5	181.0	363.4	437.6	0		227	20260829-160927
plsa	219.7	377.7	493.1	91.9	333.8	529.5	648.6	0		228	20260829-160927
or,z	91.3	278.0	382.6	87.4	191.7	379.1	507.0	0		229	20260829-160927
cx;p	51.1	220.8	442.6	152.7	179.4	336.1	543.9	0		230	20260829-160927
jp	52.7	0.0	0.0	104.1	168.0	0.0	0.0	0		231	20260829-160927
pi	66.8	0.0	0.0	119.6	193.2	0.0	0.0	0		232	20260829-160927
v,vo	114.6	233.9	390.1	109.8	219.5	359.2	476.7	0		233	20260829-160927
bc	93.1	0.0	0.0	155.9	189.8	0.0	0.0	0		234	20260829-160927
/qmb	104.7	282.5	385.3	115.0	220.8	389.3	478.5	0		235	20260829-160927
eeiq	158.4	273.6	411.0	70.5	235.5	354.0	510.0	0		236	20260829-160927
od	58.7	0.0	0.0	98.8	146.8	0.0	0.0	0		237	20260829-160927
waop	207.5	265.1	437.5	73.3	313.1	394.9	523.0	0		238	20260829-160927
lvrk	69.5	277.9	370.7	106.4	148.4	366.9	470.1	0		239	20260829-160927
ay.m	73.9	221.3	414.3	132.6	156.6	366.3	518.2	0		240	20260829-160927
kgtb	49.5	240.6	452.2	110.7	140.0	320.5	558.9	0		241	20260829-160927
it;t	118.2	202.6	312.4	90.3	206.1	308.6	411.4	0		242	20260829-160927
ybk/	73.8	202.5	394.1	67.4	166.9	296.6	516.4	0		243	20260829-160927
qjsp	58.1	215.0	266.2	89.3	145.5	337.6	393.8	0		244	20260829-160927
yw	30.7	0.0	0.0	78.1	141.8	0.0	0.0	0		245	20260829-160927
eimb	64.5	237.5	324.0	79.0	151.3	336.4	411.4	0		246	20260829-160927
dd	148.1	0.0	0.0	55.2	236.7	0.0	0.0	0		247	20260829-160927
x;hm	44.1	192.9	407.0	111.4	161.2	288.0	526.1	0		248	20260829-160927
nq	53.5	0.0	0.0	95.6	148.0	0.0	0.0	0		249	20260829-160927
yipq	36.6	188.9	342.3	117.7	135.7	327.5	451.2	0		250	20260829-160927
ymre	234.3	327.1	416.3	82.4	309.7	475.0	505.0	0		251	20260829-160927
lukp	84.7	291.9	295.7	160.7	170.3	0.0	0.0	1	luk,	252	20260829-160927
qnab	108.2	281.7	373.7	92.0	186.5	398.4	458.3	0		253	20260829-160927
.,	50.7	0.0	0.0	154.7	190.7	0.0	0.0	0		254	20260829-160927
tb	217.8	0.0	0.0	76.5	303.1	0.0	0.0	0		255	20260829-160927
eucb	62.0	289.1	0.0	89.1	164.5	0.0	0.0	1	eub	256	20260829-160927
zd	94.5	0.0	0.0	168.8	201.1	0.0	0.0	0		257	20260829-160927
gigi	101.0	211.5	282.9	76.6	163.0	293.8	355.4	0		258	20260829-160927
ga/c	35.3	145.8	294.0	110.5	151.2	263.0	373.0	0		259	20260829-160927
pv	79.0	0.0	0.0	100.4	176.1	0.0	0.0	0		260	20260829-160927
qahl	232.7	320.7	379.2	92.5	324.3	427.8	489.4	0		261	20260829-160927
ws	197.2	0.0	0.0	73.6	286.7	0.0	0.0	0		262	20260829-160927
ckny	56.3	195.4	384.3	76.3	136.4	272.2	463.7	0		263	20260829-160927
y/,x	52.0	313.2	459.7	144.3	185.5	422.2	561.2	0		264	20260829-160927
bj	40.6	0.0	0.0	77.8	125.8	0.0	0.0	0		265	20260829-160927
picd	64.4	189.9	367.1	120.0	195.4	254.1	461.8	0		266	20260829-160927
vs	64.5	0.0	0.0	147.5	183.0	0.0	0.0	0		267	20260829-160927
a;	43.5	0.0	0.0	124.6	152.7	0.0	0.0	0		268	20260829-160927
oezh	49.6	266.9	321.8	117.9	128.7	386.6	409.6	0		269	20260829-160927
ep/.	45.1	274.4	500.6	78.6	135.6	385.3	0.0	1	ep/l	270	20260829-160927
y.sr	71.6	155.0	266.8	122.9	187.9	308.3	378.9	0		271	20260829-160927
jnn/	0.0	0.0	0.0	0.0	0.0	0.0	0.0	1	h	272	20260829-160927
ge	59.8	0.0	0.0	123.8	159.1	0.0	0.0	0		273	20260829-160927
wpi,	108.2	162.8	425.6	98.7	211.6	282.2	508.7	0		274	20260829-160927
nvee	55.3	242.4	399.2	81.8	153.7	322.4	485.2	0		275	20260829-160927
gnnw	132.6	269.6	351.9	88.5	195.8	355.8	448.1	0		276	20260829-160927
oha;	56.9	168.3	266.0	132.1	158.0	291.6	390.6	0		277	20260829-160927
rk	54.0	0.0	0.0	83.4	136.2	0.0	0.0	0		278	20260829-160927
f/	58.9	0.0	0.0	77.0	163.1	0.0	0.0	0		279	20260829-160927
pj.o	43.1	279.5	511.6	127.4	143.5	393.9	634.5	0		280	20260829-160927
hw	31.7	0.0	0.0	85.4	127.2	0.0	0.0	0		281	20260829-160927
hj	53.1	0.0	0.0	0.0	0.0	0.0	0.0	1	hk	282	20260829-160927
ere;	61.3	224.1	366.5	106.4	179.7	326.1	494.1	0		283	20260829-160927
lxrc	58.4	253.1	368.5	121.5	174.6	0.0	0.0	1	lxre	284	20260829-160927
uagw	49.7	250.0	333.0	101.1	154.6	0.0	0.0	1	uagq	285	20260829-160927
ruyz	78.1	238.4	313.0	81.7	145.5	318.7	421.1	0		286	20260829-160927
yaye	0.0	0.0	0.0	0.0	0.0	0.0	0.0	1	a	287	20260829-160927
fxcq	118.9	337.9	487.1	80.9	250.1	426.5	616.6	0		288	20260829-160927
lr/g	102.7	254.6	359.3	98.1	190.7	363.6	465.0	0		289	20260829-160927
a;	65.2	0.0	0.0	98.9	158.7	0.0	0.0	0		290	20260829-160927
im;;	49.5	330.7	508.3	180.7	172.5	432.3	606.0	0		291	20260829-160927
d/mq	96.6	188.8	315.2	80.6	208.5	289.1	405.5	0		292	20260829-160927
;y	103.6	0.0	0.0	126.7	185.9	0.0	0.0	0		293	20260829-160927
r/	61.2	0.0	0.0	82.3	164.3	0.0	0.0	0		294	20260829-160927
,j.n	58.6	253.0	372.2	147.3	143.5	404.2	485.6	0		295	20260829-160927
tidd	79.2	243.8	454.1	74.5	156.4	345.8	530.9	0		296	20260829-160927
.rk.	123.8	220.9	402.0	127.4	208.4	307.5	506.6	0		297	20260829-160927
jmnz	192.9	339.2	415.2	74.5	246.7	419.8	527.3	0		298	20260829-160927
p,	212.1	0.0	0.0	93.0	300.6	0.0	0.0	0		299	20260829-160927
id	46.9	0.0	0.0	81.5	117.1	0.0	0.0	0		300	20260829-160927
dm	69.6	0.0	0.0	73.2	159.6	0.0	0.0	0		301	20260829-160927
bi/d	26.0	237.4	304.1	94.4	117.6	344.6	372.1	0		302	20260829-160927
oo	130.1	0.0	0.0	68.3	201.9	0.0	0.0	0		303	20260829-160927
x,m/	119.9	160.3	371.3	108.8	185.3	429.6	498.6	0		304	20260829-160927
raok	55.6	88.9	248.2	123.0	164.1	204.0	0.0	0		305	20260829-160927
hb	50.1	0.0	0.0	80.9	135.4	0.0	0.0	0		306	20260829-160927
ucxq	199.7	0.0	0.0	97.7	0.0	0.0	0.0	1	ux	307	20260829-160927
qrm/	69.7	144.0	264.1	139.2	173.9	310.5	388.7	0		308	20260829-160927
ikjk	202.1	389.2	464.4	85.0	284.8	530.3	564.2	0		309	20260829-160927
j,vd	80.5	280.9	375.8	169.9	203.8	447.5	493.2	0		310	20260829-160927
ue	60.1	0.0	0.0	98.3	150.1	0.0	0.0	0		311	20260829-160927
mnoy	208.9	404.8	504.2	92.3	287.1	529.6	610.2	0		312	20260829-160927
fg	185.6	0.0	0.0	83.1	275.0	0.0	0.0	0		313	20260829-160927
aizd	85.1	231.3	446.5	95.0	189.2	362.1	522.2	0		314	20260829-160927
mw	72.2	0.0	0.0	89.7	158.0	0.0	0.0	0		315	20260829-160927
mdrv	81.9	242.8	495.8	104.3	184.1	349.1	598.2	0		316	20260829-160927
mmzf	145.1	269.4	371.8	64.0	237.2	440.0	477.8	0		1	20260830-081809
;,q/	253.6	356.8	492.5	142.4	384.5	483.6	619.8	0		2	20260830-081809
/avt	84.8	211.0	467.2	124.1	239.2	336.0	549.1	0		3	20260830-081809
vmig	257.4	469.1	737.4	138.9	417.3	566.3	829.3	0		4	20260830-081809
xigs	78.8	207.2	352.2	103.6	171.3	319.2	487.1	0		5	20260830-081809
bxwr	75.4	341.5	390.6	131.6	185.5	499.7	571.6	0		6	20260830-081809
ab;f	83.6	186.9	339.6	144.1	192.1	302.2	433.6	0		7	20260830-081809
mk	80.1	0.0	0.0	140.0	176.0	0.0	0.0	0		8	20260830-081809
.ssb	94.0	250.0	485.4	104.1	182.4	359.3	590.2	0		9	20260830-081809
.u	76.9	0.0	0.0	169.0	191.7	0.0	0.0	0		10	20260830-081809
brtz	204.6	421.2	577.0	86.3	299.4	576.2	700.1	0		11	20260830-081809
o/vd	220.0	327.3	617.1	87.7	343.7	466.5	702.1	0		12	20260830-081809
cy,q	78.8	246.6	403.5	101.9	158.5	373.6	533.0	0		13	20260830-081809
ztnf	166.2	282.1	445.2	121.9	248.8	396.8	546.0	0		14	20260830-081809
tela	73.4	172.9	347.1	132.3	169.0	283.1	455.2	0		15	20260830-081809
l;tz	58.2	220.0	367.2	167.7	206.3	399.2	549.1	0		16	20260830-081809
tayw	63.6	201.7	371.8	134.9	178.8	296.4	467.4	0		17	20260830-081809
rfsp	191.6	309.0	404.9	83.9	270.1	411.9	514.0	0		18	20260830-081809
xo	89.0	0.0	0.0	104.8	198.1	0.0	0.0	0		19	20260830-081809
z.aj	114.5	251.4	316.0	119.9	228.0	365.9	430.7	0		20	20260830-081809
y;	113.1	0.0	0.0	145.8	233.6	0.0	0.0	0		21	20260830-081809
lgdp	103.2	252.2	304.7	114.3	181.2	339.2	430.1	0		22	20260830-081809
xsnb	177.3	305.4	422.3	83.1	277.0	394.8	516.1	0		23	20260830-081809
ffw;	183.0	365.5	455.6	81.2	272.0	463.1	565.9	0		24	20260830-081809
zo	72.5	0.0	0.0	95.1	153.6	0.0	0.0	0		25	20260830-081809
p.gy	256.5	331.0	512.2	85.4	380.1	422.4	594.1	0		26	20260830-081809
/npr	173.0	291.4	447.8	114.4	315.3	422.3	542.5	0		27	20260830-081809
e.nj	91.0	179.7	311.3	101.9	225.9	0.0	0.0	1	e.ng	28	20260830-081809
kbwh	75.0	221.7	293.7	100.9	168.1	330.7	391.4	0		29	20260830-081809
sp	66.3	0.0	0.0	103.4	172.2	0.0	0.0	0		30	20260830-081809
ucoc	121.3	228.3	315.0	108.0	200.1	325.0	408.9	0		31	20260830-081809
iclj	92.1	187.9	272.1	77.4	187.0	327.3	387.2	0		32	20260830-081809
svrk	86.7	304.7	393.0	140.6	191.8	405.6	477.4	0		33	20260830-081809
vg	205.7	0.0	0.0	100.0	289.2	0.0	0.0	0		34	20260830-081809
x/,v	91.7	282.4	366.5	97.6	239.5	405.8	494.6	0		35	20260830-081809
aduj	93.3	181.1	361.8	134.1	226.3	277.2	0.0	1	adug	36	20260830-081809
odxr	95.2	301.5	432.0	119.0	175.9	447.5	537.4	0		37	20260830-081809
/g,o	146.3	239.1	394.5	134.1	245.9	470.8	516.0	0		38	20260830-081809
r.rg	103.1	216.0	455.1	81.1	225.5	318.0	565.8	0		39	20260830-081809
qn	68.6	0.0	0.0	102.7	161.7	0.0	0.0	0		40	20260830-081809
we.s	33.5	146.4	272.6	110.9	139.5	274.7	385.7	0		41	20260830-081809
ad	83.1	0.0	0.0	143.5	198.5	0.0	0.0	0		42	20260830-081809
/wiv	88.1	179.9	310.9	115.1	173.1	265.9	428.7	0		43	20260830-081809
bg	310.8	0.0	0.0	9.1	389.9	0.0	0.0	0		44	20260830-081809
am	75.9	0.0	0.0	103.1	173.6	0.0	0.0	0		45	20260830-081809
yyxw	147.2	248.9	457.3	74.8	224.8	331.2	544.8	0		46	20260830-081809
btrc	225.2	0.0	0.0	80.7	0.0	0.0	0.0	1	br	47	20260830-081809
fvrt	220.9	431.3	632.8	93.2	309.1	522.9	732.2	0		48	20260830-081809
mhin	210.8	296.6	473.9	89.9	339.5	414.2	565.8	0		49	20260830-081809
pzvo	82.0	291.7	351.5	113.8	208.9	401.6	475.6	0		50	20260830-081809
jdkl	109.9	288.7	515.1	119.3	188.2	430.2	661.3	0		51	20260830-081809
qp/b	85.4	332.0	424.0	116.3	188.9	431.1	489.0	0		52	20260830-081809
slju	76.4	222.0	388.2	111.1	191.3	316.0	508.5	0		53	20260830-081809
ummc	258.0	407.9	549.7	78.8	304.7	494.9	634.7	0		54	20260830-081809
xtkn	119.6	212.8	375.0	157.8	209.0	407.8	502.0	0		55	20260830-081809
vxus	82.1	152.8	303.2	130.1	171.3	246.6	388.0	0		56	20260830-081809
lu;r	100.8	251.1	356.3	149.3	194.2	376.0	433.0	0		57	20260830-081809
knmh	191.5	346.0	537.6	99.4	255.4	433.4	633.5	0		58	20260830-081809
ny	193.1	0.0	0.0	87.1	275.3	0.0	0.0	0		59	20260830-081809
ugb.	157.2	169.4	0.0	110.0	0.0	0.0	0.0	1	ugt	60	20260830-081809
f,	55.1	0.0	0.0	98.5	172.0	0.0	0.0	0		61	20260830-081809
loh;	175.2	319.4	437.8	80.8	255.8	439.8	568.9	0		62	20260830-081809
tjkl	88.9	138.0	229.9	86.0	212.8	339.8	359.0	0		63	20260830-081809
mc/a	120.6	167.6	352.3	112.6	195.7	315.9	524.7	0		64	20260830-081809
,.	25.1	0.0	0.0	140.1	156.9	0.0	0.0	0		65	20260830-081809
zamg	210.2	255.8	448.3	107.7	319.1	363.8	552.9	0		66	20260830-081809
,p	75.5	0.0	0.0	159.4	214.2	0.0	0.0	0		67	20260830-081809
ymgt	223.9	335.1	527.4	82.3	336.6	416.0	619.9	0		68	20260830-081809
vbmh	216.7	356.4	625.8	102.2	288.1	516.8	709.2	0		69	20260830-081809
bk	66.9	0.0	0.0	88.0	154.3	0.0	0.0	0		70	20260830-081809
,ghv	85.2	172.4	370.7	97.8	157.7	280.9	485.9	0		71	20260830-081809
;gx,	178.5	228.4	412.6	125.3	300.4	346.4	523.3	0		72	20260830-081809
qw;d	66.6	192.6	348.0	159.8	186.2	305.6	426.0	0		73	20260830-081809
il	100.8	0.0	0.0	155.8	237.9	0.0	0.0	0		74	20260830-081809
eaat	192.2	364.1	594.9	68.7	290.0	503.0	687.1	0		75	20260830-081809
iihl	161.6	348.0	452.0	76.4	273.0	476.3	583.3	0		76	20260830-081809
/a	59.9	0.0	0.0	114.3	172.0	0.0	0.0	0		77	20260830-081809
h,zs	78.2	149.4	282.3	158.2	209.2	368.1	410.1	0		78	20260830-081809
vstz	67.8	288.5	435.9	143.1	183.7	452.9	573.1	0		79	20260830-081809
nugg	179.5	275.0	441.1	86.7	271.2	360.5	543.3	0		80	20260830-081809
gq	84.0	0.0	0.0	163.0	214.2	0.0	0.0	0		81	20260830-081809
;xoz	134.8	219.2	388.1	103.7	228.8	319.6	507.9	0		82	20260830-081809
pzxf	140.8	230.8	420.7	90.9	336.6	370.6	562.6	0		83	20260830-081809
lgvt	104.6	282.6	502.1	118.6	165.6	375.8	583.7	0		84	20260830-081809
gyna	67.1	263.1	332.7	78.9	141.3	371.1	447.9	0		85	20260830-081809
zsoo	223.8	335.0	495.7	141.1	321.1	434.3	618.0	0		86	20260830-081809
;j	107.7	0.0	0.0	156.6	221.2	0.0	0.0	0		87	20260830-081809
akeg	74.0	188.6	365.2	90.9	170.8	280.2	476.0	0		88	20260830-081809
.,qi	89.5	209.1	301.9	162.0	192.0	333.0	395.0	0		89	20260830-081809
dk.c	96.0	264.9	363.0	79.1	170.7	413.7	447.8	0		90	20260830-081809
yd	53.9	0.0	0.0	83.2	146.2	0.0	0.0	0		91	20260830-081809
ja	56.4	0.0	0.0	96.2	158.2	0.0	0.0	0		92	20260830-081809
dogy	93.9	203.8	271.4	75.9	176.5	304.5	377.0	0		93	20260830-081809
;ewh	66.3	198.7	251.8	105.6	140.7	312.1	347.2	0		94	20260830-081809
bdwu	43.0	232.6	329.9	98.3	117.9	381.0	416.9	0		95	20260830-081809
jk	65.0	0.0	0.0	123.9	165.2	0.0	0.0	0		96	20260830-081809
.mqa	64.6	145.8	415.0	157.6	188.3	288.9	535.9	0		97	20260830-081809
ummz	230.6	360.1	480.5	85.5	300.7	461.7	608.2	0		98	20260830-081809
fikv	66.0	242.3	318.0	94.1	145.0	348.2	447.1	0		99	20260830-081809
vg	225.7	0.0	0.0	109.8	312.0	0.0	0.0	0		100	20260830-081809
wc	197.5	0.0	0.0	111.3	302.6	0.0	0.0	0		101	20260830-081809
athk	60.2	119.0	211.5	124.4	165.7	277.7	321.2	0		102	20260830-081809
xo	58.4	0.0	0.0	102.3	155.3	0.0	0.0	0		103	20260830-081809
aolq	56.7	241.7	314.8	121.8	141.3	345.7	433.5	0		104	20260830-081809
hsil	123.0	176.9	322.0	115.7	229.9	356.0	452.1	0		105	20260830-081809
rasx	63.3	265.3	492.6	153.7	200.9	378.9	578.8	0		106	20260830-081809
pz	109.9	0.0	0.0	104.4	225.0	0.0	0.0	0		107	20260830-081809
iq	59.0	0.0	0.0	96.3	164.4	0.0	0.0	0		108	20260830-081809
k,x,	212.8	314.8	413.9	88.1	305.0	404.3	529.9	0		109	20260830-081809
mc;s	92.1	160.0	307.3	85.1	159.2	271.0	407.0	0		110	20260830-081809
hbo,	97.1	202.9	445.2	91.5	190.8	286.0	0.0	1	hbok	111	20260830-081809
aqq;	215.9	371.6	495.5	92.4	304.1	479.4	625.1	0		112	20260830-081809
,eej	96.7	234.6	346.6	109.0	167.4	325.0	455.7	0		113	20260830-081809
mi	74.2	0.0	0.0	154.1	164.9	0.0	0.0	0		114	20260830-081809
y,	82.4	0.0	0.0	179.0	223.2	0.0	0.0	0		115	20260830-081809
zlzb	92.0	198.5	492.3	84.0	187.9	317.3	569.1	0		116	20260830-081809
fcyw	77.0	152.0	293.5	154.3	155.1	238.5	390.9	0		117	20260830-081809
bogr	62.9	218.4	406.9	89.8	149.8	291.0	496.1	0		118	20260830-081809
;e	60.4	0.0	0.0	82.9	123.8	0.0	0.0	0		119	20260830-081809
shc.	52.4	217.4	294.1	95.6	138.0	318.5	429.6	0		120	20260830-081809
/;t.	188.4	327.0	521.1	113.9	299.0	419.1	675.1	0		121	20260830-081809
bknh	63.0	220.2	374.0	101.1	138.8	288.4	471.8	0		122	20260830-081809
qxse	245.1	525.0	0.0	103.9	346.5	0.0	0.0	1	qxw	123	20260830-081809
tewg	96.0	0.0	0.0	0.0	0.0	0.0	0.0	1	tw	124	20260830-081809
sys,	56.0	184.3	342.4	87.2	133.1	299.0	459.5	0		125	20260830-081809
ru;q	70.1	121.9	253.8	91.9	187.8	246.0	359.1	0		126	20260830-081809
abof	112.6	162.9	338.9	125.5	222.3	269.6	426.4	0		127	20260830-081809
uuau	140.7	302.1	362.2	69.0	226.3	417.4	468.1	0		128	20260830-081809
;h	60.8	0.0	0.0	115.9	139.9	0.0	0.0	0		129	20260830-081809
y/.q	91.9	248.9	359.8	130.1	163.2	409.8	473.9	0		130	20260830-081809
mm.e	150.5	280.8	390.3	66.3	227.9	431.3	461.2	0		131	20260830-081809
flvn	79.2	230.4	318.0	89.0	166.9	354.0	418.2	0		132	20260830-081809
qr	73.8	0.0	0.0	132.4	171.1	0.0	0.0	0		133	20260830-081809
jlg;	28.3	168.0	241.6	108.0	137.2	253.3	351.1	0		134	20260830-081809
lvfp	59.9	271.3	319.0	124.1	175.8	364.9	417.0	0		135	20260830-081809
kror	78.8	160.0	252.3	90.8	159.0	267.9	350.1	0		136	20260830-081809
.,s/	45.9	156.8	311.0	160.1	192.9	251.0	428.9	0		137	20260830-081809
sg	95.0	0.0	0.0	112.5	192.5	0.0	0.0	0		138	20260830-081809
owol	71.2	192.8	406.0	100.8	161.6	301.4	0.0	1	owo;	139	20260830-081809
oitj	34.8	188.7	267.7	132.2	178.0	284.7	390.4	0		140	20260830-081809
b,wu	112.1	210.3	0.0	115.9	0.0	0.0	0.0	1	b,u	141	20260830-081809
p/ng	233.1	412.1	493.2	94.1	336.6	514.1	579.3	0		142	20260830-081809
aw/q	205.6	0.0	0.0	96.5	0.0	0.0	0.0	1	aq	143	20260830-081809
iimu	141.7	324.7	506.5	89.5	270.5	401.8	591.6	0		144	20260830-081809
w;ux	63.7	168.3	307.8	110.2	182.5	278.0	416.6	0		145	20260830-081809
knwa	62.2	151.3	380.9	154.9	187.3	259.5	484.1	0		146	20260830-081809
cwb,	32.3	265.6	337.9	118.5	145.4	383.4	447.5	0		147	20260830-081809
ixiu	74.8	179.8	320.3	96.0	179.2	351.0	461.2	0		148	20260830-081809
qz/l	245.3	314.8	542.3	89.5	360.9	422.6	654.6	0		149	20260830-081809
kx	43.6	0.0	0.0	81.8	142.9	0.0	0.0	0		150	20260830-081809
xwsn	202.2	385.4	439.7	90.4	280.5	490.6	530.4	0		151	20260830-081809
;aff	77.8	225.8	390.5	113.2	172.3	322.8	491.3	0		152	20260830-081809
mnzn	181.6	249.5	395.4	92.7	252.1	355.1	500.3	0		153	20260830-081809
ylaj	33.0	152.5	243.0	105.9	156.5	260.2	360.7	0		154	20260830-081809
hcur	83.1	208.2	348.0	87.1	180.0	312.0	448.0	0		155	20260830-081809
vr	217.2	0.0	0.0	104.9	306.1	0.0	0.0	0		156	20260830-081809
l.rx	216.7	288.7	435.8	99.9	306.8	413.7	576.1	0		157	20260830-081809
cbvw	86.7	338.3	429.9	170.2	203.2	520.3	606.1	0		158	20260830-081809
wt	98.4	0.0	0.0	154.1	198.3	0.0	0.0	0		159	20260830-081809
sgjc	88.7	158.8	310.1	124.9	180.0	263.1	407.9	0		160	20260830-081809
tm	62.3	0.0	0.0	93.1	160.5	0.0	0.0	0		161	20260830-081809
vjeq	60.8	169.1	333.7	96.0	160.0	270.7	479.8	0		162	20260830-081809
kg	54.1	0.0	0.0	106.0	132.0	0.0	0.0	0		163	20260830-081809
hfxv	78.8	248.2	416.8	102.0	169.5	415.8	536.4	0		164	20260830-081809
pf	59.8	0.0	0.0	93.4	128.9	0.0	0.0	0		165	20260830-081809
wbx.	58.9	302.9	371.4	130.1	175.2	424.4	499.2	0		166	20260830-081809
lzhb	71.9	177.1	309.8	98.8	181.7	268.6	405.2	0		167	20260830-081809
aoue	113.3	187.5	261.1	116.9	211.5	285.0	341.9	0		168	20260830-081809
zrdx	100.0	305.3	591.9	195.3	227.3	405.0	706.4	0		169	20260830-081809
sn;h	58.2	189.4	296.1	125.8	140.8	346.2	425.5	0		170	20260830-081809
kh.z	56.1	255.6	350.0	127.4	147.2	393.4	464.2	0		171	20260830-081809
c/	86.4	0.0	0.0	100.4	189.8	0.0	0.0	0		172	20260830-081809
/a	69.0	0.0	0.0	102.0	161.6	0.0	0.0	0		173	20260830-081809
zw	205.3	0.0	0.0	134.0	316.2	0.0	0.0	0		174	20260830-081809
twz,	29.8	308.0	373.9	128.1	138.9	410.2	495.0	0		175	20260830-081809
cy	58.0	0.0	0.0	84.5	153.6	0.0	0.0	0		176	20260830-081809
r,kn	51.1	262.0	292.1	109.0	141.2	403.0	450.0	0		177	20260830-081809
gmbc	176.1	267.7	385.0	102.6	289.6	442.1	490.9	0		178	20260830-081809
cq	79.0	0.0	0.0	124.2	219.2	0.0	0.0	0		179	20260830-081809
thvj	64.2	248.9	307.3	85.8	157.1	373.2	422.1	0		180	20260830-081809
nh	144.9	0.0	0.0	69.0	244.5	0.0	0.0	0		181	20260830-081809
anzy	83.1	236.0	314.0	103.9	175.0	363.9	404.0	0		182	20260830-081809
tk;v	94.0	137.2	290.9	97.8	183.5	270.8	401.2	0		183	20260830-081809
c,	75.7	0.0	0.0	92.7	176.3	0.0	0.0	0		184	20260830-081809
d;,i	85.4	297.4	478.9	75.7	185.7	366.4	565.3	0		185	20260830-081809
uy	156.9	0.0	0.0	71.0	223.5	0.0	0.0	0		186	20260830-081809
ev	51.3	0.0	0.0	104.1	173.1	0.0	0.0	0		187	20260830-081809
hilz	62.2	141.5	298.3	114.5	182.4	255.5	418.5	0		188	20260830-081809
mxil	81.7	145.2	277.1	102.8	200.7	321.7	427.7	0		189	20260830-081809
jwcl	50.9	255.9	294.2	96.1	151.0	373.0	424.6	0		190	20260830-081809
gzii	50.0	166.3	302.9	123.8	188.2	247.3	405.5	0		191	20260830-081809
/z	69.6	0.0	0.0	126.2	178.2	0.0	0.0	0		192	20260830-081809
vm	61.8	0.0	0.0	105.3	153.7	0.0	0.0	0		193	20260830-081809
ctvk	61.0	287.2	366.1	133.0	145.0	383.0	437.0	0		194	20260830-081809
dz/z	60.6	140.6	283.0	118.4	174.6	271.6	391.6	0		195	20260830-081809
jxit	105.3	171.6	345.6	92.3	206.6	289.9	438.6	0		196	20260830-081809
xitj	69.6	187.8	265.4	88.6	153.8	281.7	363.0	0		197	20260830-081809
csuc	60.8	170.4	307.9	123.1	177.4	268.3	0.0	1	csux	198	20260830-081809
snde	72.4	178.7	358.3	95.3	163.6	260.4	456.7	0		199	20260830-081809
tyey	73.0	178.4	253.2	84.0	153.0	259.9	350.8	0		200	20260830-081809
hq;n	73.2	180.3	325.3	102.0	171.0	324.8	430.1	0		201	20260830-081809
b;yv	56.9	226.7	276.0	96.6	154.5	328.6	409.6	0		202	20260830-081809
dy	59.2	0.0	0.0	80.7	160.9	0.0	0.0	0		203	20260830-081809
tt	149.0	0.0	0.0	78.8	222.2	0.0	0.0	0		204	20260830-081809
bcvk	260.3	340.1	479.1	83.9	395.9	454.2	595.1	0		205	20260830-081809
fkt;	76.9	227.0	297.2	91.5	147.2	328.1	405.1	0		206	20260830-081809
cvgr	54.8	292.3	488.7	132.5	153.7	363.7	587.7	0		207	20260830-081809
mck;	74.2	156.1	330.8	90.6	169.7	310.6	446.2	0		208	20260830-081809
jpmm	44.8	255.3	413.0	120.1	162.7	339.6	506.4	0		209	20260830-081809
wl	46.9	0.0	0.0	91.8	141.8	0.0	0.0	0		210	20260830-081809
wnex	72.1	176.5	387.8	90.5	166.6	264.8	493.6	0		211	20260830-081809
zwao	260.1	447.2	509.5	133.1	365.1	572.8	617.2	0		212	20260830-081809
vpkl	46.1	231.4	352.1	125.0	150.2	397.5	507.3	0		213	20260830-081809
xq	145.8	0.0	0.0	109.7	271.6	0.0	0.0	0		214	20260830-081809
hq/a	67.5	183.5	317.0	97.9	179.9	318.6	426.9	0		215	20260830-081809
/vuh	107.3	190.9	363.0	115.7	235.0	268.0	462.0	0		216	20260830-081809
quco	69.5	232.2	293.6	100.3	164.9	345.3	401.2	0		217	20260830-081809
aa	162.5	0.0	0.0	70.5	255.5	0.0	0.0	0		218	20260830-081809
fezt	27.1	294.7	451.4	126.0	141.5	435.7	545.5	0		219	20260830-081809
clov	104.7	282.8	325.9	101.9	171.8	370.9	452.4	0		220	20260830-081809
j,zc	70.0	151.8	218.8	145.9	215.3	342.8	320.9	0		221	20260830-081809
p;	182.0	0.0	0.0	86.7	288.1	0.0	0.0	0		222	20260830-081809
eriv	43.0	129.7	291.8	126.7	144.8	233.7	419.8	0		223	20260830-081809
tg/z	186.0	260.5	421.1	78.8	281.8	381.0	544.8	0		224	20260830-081809
m;	73.2	0.0	0.0	152.5	177.8	0.0	0.0	0		225	20260830-081809
cp	51.3	0.0	0.0	98.5	144.4	0.0	0.0	0		226	20260830-081809
g;oz	68.4	254.3	334.2	102.3	188.6	358.8	467.1	0		227	20260830-081809
hteu	76.1	284.9	343.9	91.9	159.3	382.0	427.1	0		228	20260830-081809
houz	138.3	209.1	295.1	74.8	285.8	312.0	407.1	0		229	20260830-081809
aud;	65.9	197.8	242.6	117.1	148.8	289.7	349.3	0		230	20260830-081809
qe	87.2	0.0	0.0	162.4	256.3	0.0	0.0	0		231	20260830-081809
skvf	83.0	216.9	435.2	95.7	188.1	328.8	534.8	0		232	20260830-081809
f,es	77.9	147.3	322.7	89.8	207.9	237.1	425.2	0		233	20260830-081809
;lal	175.9	372.8	430.7	90.6	297.7	489.2	545.9	0		234	20260830-081809
cx	88.0	0.0	0.0	142.6	199.6	0.0	0.0	0		235	20260830-081809
hndc	178.1	269.9	508.4	76.9	280.1	373.8	608.8	0		236	20260830-081809
xa	94.9	0.0	0.0	144.5	231.6	0.0	0.0	0		237	20260830-081809
qjbe	55.6	211.0	263.5	88.6	155.4	342.5	397.7	0		238	20260830-081809
zp	58.9	0.0	0.0	108.4	162.0	0.0	0.0	0		239	20260830-081809
v,vr	114.1	215.9	448.6	107.7	199.7	323.7	536.5	0		240	20260830-081809
du	45.3	0.0	0.0	78.6	145.5	0.0	0.0	0		241	20260830-081809
.iro	257.9	351.9	487.8	141.8	355.6	446.9	618.0	0		242	20260830-081809
c,	61.1	0.0	0.0	91.8	165.9	0.0	0.0	0		243	20260830-081809
utiz	81.8	160.2	295.3	110.3	163.8	287.2	417.3	0		244	20260830-081809
xx,y	160.8	230.4	429.2	74.1	255.2	351.3	521.1	0		245	20260830-081809
cywc	88.0	249.0	334.4	96.5	172.7	0.0	0.0	1	cywv	246	20260830-081809
pylr	74.8	264.0	343.8	127.9	159.8	406.5	434.0	0		247	20260830-081809
nw	53.1	0.0	0.0	83.8	149.1	0.0	0.0	0		248	20260830-081809
rpiz	95.7	137.8	275.6	99.2	195.3	273.2	395.2	0		249	20260830-081809
cw;o	70.5	134.0	330.4	140.3	200.9	245.1	456.2	0		250	20260830-081809
ayys	202.0	329.7	462.5	105.7	262.2	421.1	570.3	0		251	20260830-081809
v.ia	105.0	191.4	313.9	121.5	199.8	320.4	427.5	0		252	20260830-081809
cb	88.1	0.0	0.0	129.7	176.7	0.0	0.0	0		253	20260830-081809
;mj.	196.5	415.9	663.4	109.9	326.9	521.0	778.9	0		254	20260830-081809
zn	76.0	0.0	0.0	124.1	154.9	0.0	0.0	0		255	20260830-081809
c,ux	109.5	172.4	289.4	97.6	234.3	277.6	416.7	0		256	20260830-081809
xdfl	66.1	227.5	284.5	143.2	166.4	339.8	399.4	0		257	20260830-081809
/ecf	62.8	260.5	330.8	123.8	127.5	422.4	452.5	0		258	20260830-081809
.duv	83.0	181.5	343.2	110.6	163.8	296.6	467.0	0		259	20260830-081809
xfd.	96.1	241.1	325.6	130.5	219.3	344.8	476.9	0		260	20260830-081809
fl	83.3	0.0	0.0	99.8	177.4	0.0	0.0	0		261	20260830-081809
lk;x	71.6	244.0	359.1	140.1	198.0	362.9	492.2	0		262	20260830-081809
syzo	83.0	242.2	294.1	106.6	167.3	370.1	415.9	0		263	20260830-081809
;yeo	47.0	149.1	225.5	118.1	129.9	228.6	333.0	0		264	20260830-081809
,ubh	81.0	157.8	275.3	140.5	166.5	250.5	365.4	0		265	20260830-081809
uljj	33.5	234.3	378.7	112.8	145.1	322.6	482.8	0		266	20260830-081809
/dhd	76.4	180.3	269.2	109.2	151.2	281.1	364.3	0		267	20260830-081809
kzyw	46.9	184.7	282.5	83.6	141.5	271.6	375.8	0		268	20260830-081809
udif	84.8	146.3	322.6	99.3	170.6	269.8	428.7	0		269	20260830-081809
qt	96.4	0.0	0.0	136.4	196.4	0.0	0.0	0		271	20260830-081809
pc	61.9	0.0	0.0	92.8	149.1	0.0	0.0	0		272	20260830-081809
lzu,	92.8	184.7	372.6	78.8	228.2	309.1	534.4	0		273	20260830-081809
gpjj	44.5	192.4	349.6	98.6	139.5	274.4	447.7	0		274	20260830-081809
cmlh	68.5	184.5	299.5	114.4	154.3	368.1	435.2	0		275	20260830-081809
.krl	109.4	326.0	408.7	119.3	292.9	417.1	548.0	0		276	20260830-081809
qxka	237.5	277.8	478.8	112.7	326.3	367.6	568.9	0		277	20260830-081809
pyod	41.7	195.4	296.3	102.5	126.2	331.1	375.6	0		278	20260830-081809
hloh	44.7	294.0	342.5	137.1	147.0	393.3	455.1	0		279	20260830-081809
jhqe	144.4	293.6	403.6	72.5	238.7	468.8	537.7	0		280	20260830-081809
midy	72.2	137.6	269.1	117.9	159.6	221.2	358.0	0		281	20260830-081809
pmgw	50.2	227.1	292.3	128.1	179.3	0.0	0.0	1	pmgq	282	20260830-081809
et	90.8	0.0	0.0	116.0	240.1	0.0	0.0	0		283	20260830-081809
rf;.	192.1	278.3	532.5	79.7	294.3	384.6	648.6	0		284	20260830-081809
pj.j	60.0	287.9	382.2	121.9	180.1	488.3	501.1	0		285	20260830-081809
,/o.	143.7	370.9	603.7	193.6	259.8	459.1	725.9	0		286	20260830-081809
sftj	77.6	275.6	374.3	138.9	167.5	381.9	491.8	0		287	20260830-081809
au	47.2	0.0	0.0	103.5	145.1	0.0	0.0	0		288	20260830-081809
q;lp	65.4	273.3	0.0	110.8	175.5	0.0	0.0	1	q;p	289	20260830-081809
olrr	188.8	292.6	442.9	78.5	288.8	368.0	543.1	0		290	20260830-081809
,b	65.4	0.0	0.0	104.2	160.2	0.0	0.0	0		291	20260830-081809
loue	193.0	245.1	367.8	77.3	336.1	364.1	444.4	0		292	20260830-081809
neuc	46.7	192.8	314.0	78.6	123.7	289.8	431.7	0		293	20260830-081809
ip	73.7	0.0	0.0	131.7	193.0	0.0	0.0	0		294	20260830-081809
uc	46.0	0.0	0.0	89.1	132.2	0.0	0.0	0		295	20260830-081809
uolo	54.1	277.4	444.4	132.9	156.0	345.8	534.0	0		296	20260830-081809
pk,k	91.6	348.0	602.7	138.0	222.1	435.8	697.1	0		297	20260830-081809
,zfl	86.9	233.7	308.2	123.2	252.9	355.2	424.1	0		298	20260830-081809
im.o	63.8	293.3	473.0	147.7	182.1	376.1	570.9	0		299	20260830-081809
w.xu	75.8	243.4	323.0	96.1	186.9	366.3	419.2	0		300	20260830-081809
;ghl	99.1	197.3	300.5	87.6	203.6	303.4	445.2	0		301	20260830-081809
xnjn	68.1	260.1	440.1	106.0	149.8	347.0	539.7	0		302	20260830-081809
yi	49.8	0.0	0.0	107.9	154.6	0.0	0.0	0		303	20260830-081809
l.tz	200.8	329.9	418.0	112.1	364.1	490.8	491.7	0		304	20260830-081809
mwcs	61.1	294.5	371.0	130.5	168.6	450.6	544.9	0		305	20260830-081809
wogq	73.8	177.9	300.6	110.6	155.5	359.6	435.5	0		306	20260830-081809
qb	92.6	0.0	0.0	142.5	228.7	0.0	0.0	0		307	20260830-081809
gtzc	187.5	378.0	549.8	85.8	270.3	541.7	651.1	0		308	20260830-081809
actg	173.8	391.1	644.6	148.9	293.7	495.8	759.7	0		309	20260830-081809
hx	40.4	0.0	0.0	77.0	142.9	0.0	0.0	0		310	20260830-081809
kyps	92.6	257.1	306.4	139.7	187.5	373.4	418.6	0		311	20260830-081809
jw	44.0	0.0	0.0	97.8	138.0	0.0	0.0	0		312	20260830-081809
kl;r	102.4	158.1	589.9	186.8	248.7	291.9	669.0	0		313	20260830-081809
xbss	55.6	280.7	475.0	116.8	128.0	387.6	571.7	0		314	20260830-081809
.,hc	52.0	209.4	319.6	148.4	174.9	321.7	435.6	0		315	20260830-081809
ir//	59.9	201.2	371.1	96.3	147.2	299.7	478.1	0		316	20260830-081809
uxqz	26.0	196.2	455.5	116.5	143.0	327.8	597.1	0		317	20260830-081809
hoyy	58.8	248.7	385.7	101.6	188.8	333.1	477.2	0		318	20260830-081809
/q	52.0	0.0	0.0	115.2	151.7	0.0	0.0	0		319	20260830-081809
vazm	97.2	300.6	359.0	160.2	193.4	425.0	459.4	0		320	20260830-081809
km/r	74.0	268.8	336.7	141.3	174.5	406.7	420.7	0		321	20260830-081809
usgf	29.8	187.9	390.4	95.1	132.7	295.1	482.3	0		322	20260830-081809
it	50.2	0.0	0.0	90.3	145.1	0.0	0.0	0		323	20260830-081809
qp	43.3	0.0	0.0	115.6	143.8	0.0	0.0	0		324	20260830-081809
nfn;	34.1	179.2	355.4	68.2	123.9	292.3	475.5	0		325	20260830-081809
o;	188.7	0.0	0.0	100.2	292.7	0.0	0.0	0		326	20260830-081809
ljkc	151.3	320.2	483.0	161.9	292.4	451.7	565.3	0		327	20260830-081809
;pby	188.7	293.5	385.5	85.1	275.3	393.9	481.3	0		328	20260830-081809
oa	25.3	0.0	0.0	115.3	135.1	0.0	0.0	0		329	20260830-081809
g.bn	43.5	195.2	286.4	76.7	148.4	303.2	377.1	0		330	20260830-081809
kv	41.4	0.0	0.0	86.2	144.1	0.0	0.0	0		331	20260830-081809
ybim	124.4	201.8	337.4	85.8	228.0	327.1	449.5	0		332	20260830-081809
tpnl	71.3	204.1	371.8	92.9	203.3	289.1	477.8	0		333	20260830-081809
wk;v	53.1	158.6	320.4	92.4	185.5	288.5	430.4	0		334	20260830-081809
c,.b	122.7	228.7	314.7	108.7	302.7	382.8	397.9	0		335	20260830-081809
,dhm	59.0	230.4	358.0	127.8	157.5	321.0	0.0	1	,dhb	336	20260830-081809
nskd	71.7	187.8	315.4	91.6	166.5	286.6	417.8	0		337	20260830-081809
wnwa	101.9	196.5	430.1	101.2	203.1	310.5	552.0	0		338	20260830-081809
inns	191.5	330.5	452.6	94.6	258.8	437.6	557.1	0		339	20260830-081809
otix	133.2	167.0	416.1	98.1	220.0	290.0	630.0	0		340	20260830-081809
canl	93.8	144.8	250.1	131.8	214.6	251.9	354.5	0		341	20260830-081809
md	30.9	0.0	0.0	88.9	113.4	0.0	0.0	0		342	20260830-081809
fs	49.9	0.0	0.0	117.9	150.0	0.0	0.0	0		343	20260830-081809
xcie	212.9	316.0	435.9	105.8	287.1	404.0	512.9	0		344	20260830-081809
tsdm	62.3	255.3	351.2	130.2	167.9	341.0	451.3	0		345	20260830-081809
;tax	63.5	123.7	337.7	102.5	200.8	252.4	462.4	0		346	20260830-081809
e;a;	96.3	281.2	343.0	75.5	182.8	389.1	452.2	0		347	20260830-081809
h,	64.2	0.0	0.0	148.9	190.6	0.0	0.0	0		348	20260830-081809
,jjx	167.2	285.7	405.0	86.0	236.6	382.0	0.0	1	,jjj	349	20260830-081809
nmyt	202.5	374.7	492.6	86.7	265.4	462.5	595.6	0		350	20260830-081809
q;,s	58.1	255.3	339.4	136.0	154.8	366.4	447.1	0		351	20260830-081809
i.	186.9	0.0	0.0	95.9	298.0	0.0	0.0	0		352	20260830-081809
hgou	75.0	187.2	254.6	91.7	177.8	305.8	367.7	0		353	20260830-081809
xlqu	71.4	231.5	282.7	102.6	161.2	342.1	392.5	0		354	20260830-081809
iam.	93.4	186.0	335.1	99.4	206.7	280.9	497.1	0		355	20260830-081809
yv	34.0	0.0	0.0	78.9	154.5	0.0	0.0	0		356	20260830-081809
ukug	82.0	222.0	314.1	147.6	202.1	374.2	407.3	0		357	20260830-081809
/ywx	56.5	254.6	518.0	133.3	144.1	355.6	0.0	1	/ywz	358	20260830-081809
cwho	23.8	123.4	213.3	109.1	146.2	263.4	321.1	0		359	20260830-081809
ctpq	114.2	283.0	0.0	154.8	224.1	0.0	0.0	1	ctq	360	20260830-081809
;bkk	67.3	194.3	346.1	103.2	158.1	268.0	433.1	0		361	20260830-081809
rv	209.3	0.0	0.0	84.6	317.5	0.0	0.0	0		362	20260830-081809
z,qc	96.1	262.1	508.2	123.6	205.3	379.4	595.0	0		363	20260830-081809
ywek	50.6	202.3	250.1	75.3	127.3	297.3	365.2	0		364	20260830-081809
rnaq	142.1	219.9	437.9	97.1	221.3	314.2	528.0	0		365	20260830-081809
hfdw	75.7	222.5	351.7	87.6	156.4	373.5	497.5	0		366	20260830-081809
jfpn	79.0	199.7	344.1	111.4	171.3	343.3	439.7	0		367	20260830-081809
c/	61.9	0.0	0.0	87.6	173.8	0.0	0.0	0		368	20260830-081809
neig	52.5	149.9	295.0	78.0	133.3	249.9	396.9	0		369	20260830-081809
,.oc	64.6	313.2	428.4	188.9	188.2	411.2	525.3	0		370	20260830-081809
zhoi	119.2	196.4	298.1	127.7	206.1	374.9	436.0	0		371	20260830-081809
/hy;	69.6	258.0	355.0	148.6	147.5	394.8	494.7	0		372	20260830-081809
kozf	40.1	205.1	381.3	142.3	181.0	328.2	490.0	0		373	20260830-081809
.o	199.9	0.0	0.0	87.8	280.1	0.0	0.0	0		374	20260830-081809
bh	33.2	0.0	0.0	78.8	130.1	0.0	0.0	0		375	20260830-081809
io;x	87.6	224.3	393.9	182.5	182.0	395.8	499.7	0		376	20260830-081809
yswo	74.2	257.1	295.4	93.0	150.0	338.8	384.8	0		377	20260830-081809
glrn	65.8	197.4	260.0	76.6	157.9	282.6	351.6	0		378	20260830-081809
xnff	72.1	176.9	333.2	84.0	150.1	258.1	414.8	0		379	20260830-081809
oe	86.5	0.0	0.0	74.4	150.6	0.0	0.0	0		380	20260830-081809
pgfd	77.5	242.8	343.7	93.4	148.9	331.6	0.0	1	pgfh	381	20260830-081809
;c	81.8	0.0	0.0	99.6	161.0	0.0	0.0	0		382	20260830-081809
q.se	74.4	214.2	358.9	90.9	198.3	419.7	486.0	0		383	20260830-081809
dt;f	56.2	124.6	256.6	101.2	143.8	228.9	353.9	0		384	20260830-081809
ik	158.1	0.0	0.0	76.0	232.1	0.0	0.0	0		385	20260830-081809
wg	101.3	0.0	0.0	107.0	191.1	0.0	0.0	0		386	20260830-081809
cton	145.9	214.6	290.6	100.9	236.4	348.5	404.6	0		387	20260830-081809
hqh;	44.4	204.3	279.3	85.4	158.0	319.7	415.8	0		388	20260830-081809
b;pa	65.3	239.0	314.3	99.0	146.2	321.7	412.7	0		389	20260830-081809
lxiu	80.4	197.0	294.4	97.1	185.7	348.8	439.3	0		390	20260830-081809
/p	208.3	0.0	0.0	69.5	282.3	0.0	0.0	0		391	20260830-081809
q;gc	92.3	278.9	444.5	120.6	172.3	490.4	561.3	0		392	20260830-081809
orb/	66.5	289.5	359.7	104.9	146.9	395.5	463.4	0		393	20260830-081809
lm	89.7	0.0	0.0	122.4	210.6	0.0	0.0	0		394	20260830-081809
lb	40.5	0.0	0.0	105.8	128.4	0.0	0.0	0		395	20260830-081809
rlwb	46.0	175.5	333.7	81.8	154.1	333.1	457.9	0		396	20260830-081809
tyeg	60.6	186.4	346.4	86.4	141.2	274.6	462.6	0		397	20260830-081809
qgsn	66.6	252.0	316.8	120.2	169.7	370.3	405.0	0		398	20260830-081809
ctty	210.8	347.3	417.0	89.3	284.0	435.1	507.0	0		399	20260830-081809
lr	36.3	0.0	0.0	104.0	126.0	0.0	0.0	0		400	20260830-081809
lujt	54.9	226.4	335.7	117.7	147.1	338.0	424.6	0		401	20260830-081809
or	37.3	0.0	0.0	80.3	118.6	0.0	0.0	0		402	20260830-081809
dixo	47.0	198.0	259.4	70.0	137.1	296.1	363.2	0		403	20260830-081809
yvkh	77.5	178.5	296.3	65.1	192.6	324.3	400.3	0		404	20260830-081809
hiod	63.2	120.0	198.0	89.5	160.6	0.0	0.0	1	hioi	405	20260830-081809
aipx	45.7	119.1	269.2	101.8	120.7	234.2	384.0	0		406	20260830-081809
zqu.	208.4	300.8	464.0	94.7	307.8	384.8	595.9	0		407	20260830-081809
b/bi	103.9	228.7	326.6	91.4	216.2	303.4	416.3	0		408	20260830-081809
rfp/	169.9	281.0	498.9	63.8	259.0	375.1	621.9	0		409	20260830-081809
lg	39.2	0.0	0.0	103.1	119.2	0.0	0.0	0		410	20260830-081809
;s/k	92.0	297.0	488.2	115.4	188.8	433.3	609.1	0		411	20260830-081809
/bwa	66.5	207.1	459.1	117.8	185.0	330.6	558.5	0		412	20260830-081809
cfda	27.5	281.1	364.3	141.9	156.0	415.9	495.0	0		413	20260830-081809
lrsb	78.3	258.4	384.6	121.7	165.5	423.7	491.0	0		414	20260830-081809
z,nk	94.6	236.9	354.3	125.1	193.9	422.1	468.8	0		415	20260830-081809
i.yx	196.0	339.8	494.0	97.0	330.0	429.8	617.9	0		416	20260830-081809
.r	69.6	0.0	0.0	130.6	158.0	0.0	0.0	0		417	20260830-081809
xt	128.9	0.0	0.0	187.0	215.5	0.0	0.0	0		418	20260830-081809
,j	76.8	0.0	0.0	163.6	188.5	0.0	0.0	0		419	20260830-081809
fej,	72.2	153.8	307.4	139.9	204.9	383.4	470.5	0		420	20260830-081809
ns	51.0	0.0	0.0	93.4	152.4	0.0	0.0	0		421	20260830-081809
bs	86.7	0.0	0.0	147.9	182.2	0.0	0.0	0		422	20260830-081809
ah	48.2	0.0	0.0	107.6	92.1	0.0	0.0	0		423	20260830-081809
/jcm	56.8	156.6	258.4	146.7	132.7	257.4	359.4	0		424	20260830-081809
l,gc	200.2	340.8	529.2	93.0	302.0	448.9	623.1	0		425	20260830-081809
,,	126.8	0.0	0.0	70.2	202.8	0.0	0.0	0		426	20260830-081809
t,	63.8	0.0	0.0	76.8	170.8	0.0	0.0	0		427	20260830-081809
//tu	170.3	310.1	392.3	91.9	270.7	401.5	485.0	0		428	20260830-081809
uuds	143.2	241.6	329.5	66.8	226.2	381.0	459.9	0		429	20260830-081809
uqrd	10.9	128.0	304.4	101.1	182.9	264.8	445.1	0		430	20260830-081809
s,fz	103.9	156.5	320.5	103.4	211.5	293.9	480.6	0		431	20260830-081809
/f/u	93.6	199.2	337.9	102.5	174.4	319.5	456.4	0		432	20260830-081809
rdlm	70.6	150.4	250.9	129.9	196.4	291.0	376.0	0		433	20260830-081809
sn	51.2	0.0	0.0	96.0	141.5	0.0	0.0	0		434	20260830-081809
yzt/	77.8	192.5	267.0	74.8	169.4	292.1	386.7	0		435	20260830-081809
fwtq	0.0	0.0	0.0	0.0	0.0	0.0	0.0	1	t	436	20260830-081809
wjtb	68.7	192.0	424.0	88.9	167.0	295.2	0.0	1	wjtv	437	20260830-081809
fsju	57.1	195.1	350.2	147.2	172.1	266.2	445.1	0		438	20260830-081809
nldw	76.9	182.1	307.9	124.9	202.9	350.9	442.0	0		439	20260830-081809
;k	79.7	0.0	0.0	112.1	194.2	0.0	0.0	0		440	20260830-081809
gx	68.2	0.0	0.0	132.7	184.9	0.0	0.0	0		441	20260830-081809
kdl.	65.9	209.9	491.9	74.9	152.9	378.5	626.8	0		442	20260830-081809
wwde	143.5	359.6	540.4	79.7	238.9	436.2	611.2	0		443	20260830-081809
uoe,	39.7	160.2	302.9	125.8	140.1	239.7	427.1	0		444	20260830-081809
uv	25.7	0.0	0.0	77.7	143.4	0.0	0.0	0		445	20260830-081809
utry	93.7	260.3	318.9	104.0	165.4	351.9	401.1	0		446	20260830-081809
frsw	199.7	365.6	534.9	94.2	280.6	448.8	632.4	0		447	20260830-081809
do	77.6	0.0	0.0	84.1	183.5	0.0	0.0	0		448	20260830-081809
thrb	78.7	201.3	446.0	84.9	172.3	287.9	532.1	0		449	20260830-081809
nzr.	316.8	460.8	572.0	144.5	479.8	561.1	697.9	0		450	20260830-081809
g,pu	42.9	239.5	283.4	92.8	127.5	340.5	430.7	0		451	20260830-081809
oy	50.6	0.0	0.0	104.0	144.8	0.0	0.0	0		452	20260830-081809
ulcn	34.4	150.3	261.4	111.0	157.4	240.5	361.4	0		453	20260830-081809
qovl	71.4	190.5	266.3	98.3	148.4	314.2	368.2	0		454	20260830-081809
qy	70.5	0.0	0.0	108.6	140.7	0.0	0.0	0		455	20260830-081809
jwus	77.5	155.0	308.5	80.0	160.6	257.5	423.9	0		456	20260830-081809
w;eq	59.4	186.2	328.6	89.7	159.4	371.1	461.1	0		457	20260830-081809
om	60.1	0.0	0.0	119.9	178.0	0.0	0.0	0		458	20260830-081809
irfw	42.8	249.6	279.8	108.5	135.1	368.8	475.3	0		459	20260830-081809
e,ke	65.8	211.8	271.7	70.9	98.8	299.1	340.7	0		460	20260830-081809
bd	95.6	0.0	0.0	169.7	189.5	0.0	0.0	0		461	20260830-081809
sl,s	67.3	266.7	325.3	108.0	174.6	389.7	423.9	0		462	20260830-081809
ve;c	56.0	136.6	316.2	127.4	133.1	234.1	416.8	0		463	20260830-081809
own/	54.5	165.1	340.1	96.0	145.2	253.1	476.1	0		464	20260830-081809
xabg	45.2	246.1	545.9	113.1	140.1	385.1	644.1	0		465	20260830-081809
/d	48.2	0.0	0.0	103.9	110.1	0.0	0.0	0		466	20260830-081809
/,ol	122.4	349.0	0.0	156.9	250.0	0.0	0.0	1	/,k	467	20260830-081809
bcu.	157.3	207.9	392.1	72.8	250.1	291.3	521.3	0		468	20260830-081809
.b/q	114.6	233.1	343.2	122.8	204.9	353.0	450.9	0		469	20260830-081809
wg	92.6	0.0	0.0	118.7	218.5	0.0	0.0	0		470	20260830-081809
wb.j	65.3	162.7	276.6	125.2	187.2	361.2	390.2	0		471	20260830-081809
,mn;	80.8	276.0	632.5	149.7	199.0	395.0	766.9	0		472	20260830-081809
,srn	58.9	151.6	209.8	98.5	197.7	254.6	309.6	0		473	20260830-081809
.;ue	0.0	0.0	0.0	0.0	0.0	0.0	0.0	1	;	474	20260830-081809
,yhg	62.1	238.7	342.7	139.3	137.7	332.1	444.8	0		475	20260830-081809
edgi	201.2	207.1	0.0	76.0	0.0	0.0	0.0	1	edc	476	20260830-081809
ph	85.6	0.0	0.0	144.7	174.7	0.0	0.0	0		477	20260830-081809
fyac	72.0	159.2	352.9	95.1	147.1	294.1	452.9	0		478	20260830-081809
sd	71.5	0.0	0.0	148.0	189.1	0.0	0.0	0		479	20260830-081809
se	93.5	0.0	0.0	178.8	202.7	0.0	0.0	0		480	20260830-081809
go	59.5	0.0	0.0	84.5	148.9	0.0	0.0	0		481	20260830-081809
gaar	202.6	382.5	570.3	81.6	306.8	488.3	661.5	0		482	20260830-081809
xuv.	82.2	179.6	299.2	78.7	156.2	287.2	424.0	0		483	20260830-081809
/rua	157.6	284.2	372.9	151.1	242.1	384.5	480.0	0		1	20260830-102832
fvoe	216.9	319.3	448.0	77.1	315.0	409.5	519.7	0		2	20260830-102832
fbrb	216.8	423.5	740.8	82.6	290.6	499.8	851.5	0		3	20260830-102832
ryhk	63.0	311.5	324.7	82.6	134.1	0.0	0.0	1	ryhy	4	20260830-102832
ptim	73.0	165.9	329.9	98.0	159.2	368.2	434.8	0		5	20260830-102832
jfws	45.4	180.2	410.5	99.8	160.9	292.0	502.3	0		6	20260830-102832
mwzs	81.8	355.8	553.0	100.9	180.1	517.5	641.9	0		7	20260830-102832
q.ks	65.5	209.1	383.5	120.2	189.7	320.8	469.9	0		8	20260830-102832
ibkb	105.0	225.1	321.0	98.2	190.7	329.5	421.2	0		9	20260830-102832
gdt/	54.2	266.2	300.5	126.7	134.3	356.7	441.1	0		10	20260830-102832
gp	36.6	0.0	0.0	115.3	143.7	0.0	0.0	0		11	20260830-102832
rfem	202.6	318.7	389.0	85.1	289.9	410.4	525.7	0		12	20260830-102832
lv	75.6	0.0	0.0	110.7	175.0	0.0	0.0	0		13	20260830-102832
ppyv	147.0	307.2	431.7	64.3	269.7	426.2	548.6	0		14	20260830-102832
d;ii	70.6	200.0	364.5	77.1	137.7	295.2	477.5	0		15	20260830-102832
kgyr	46.0	208.9	311.3	98.0	131.3	320.6	409.2	0		16	20260830-102832
xz.g	73.1	238.1	378.8	179.1	224.5	373.6	483.4	0		17	20260830-102832
qgyd	73.0	169.7	336.5	151.6	183.7	262.6	413.5	0		18	20260830-102832
js	32.5	0.0	0.0	96.6	130.6	0.0	0.0	0		19	20260830-102832
j/j,	59.7	265.3	0.0	153.8	158.0	0.0	0.0	1	j/,	20	20260830-102832
ai	43.8	0.0	0.0	98.5	132.6	0.0	0.0	0		21	20260830-102832
wnk.	61.7	176.8	388.5	116.3	237.1	295.6	541.1	0		22	20260830-102832
op;n	42.6	340.7	580.8	156.6	201.0	466.4	687.0	0		23	20260830-102832
py	68.9	0.0	0.0	122.1	146.6	0.0	0.0	0		24	20260830-102832
waik	199.9	204.6	425.7	97.0	326.0	297.2	523.0	0		25	20260830-102832
mwe.	63.1	146.0	232.8	80.4	227.0	262.0	356.5	0		26	20260830-102832
be	49.7	0.0	0.0	109.5	180.2	0.0	0.0	0		27	20260830-102832
wj	51.9	0.0	0.0	91.3	142.3	0.0	0.0	0		28	20260830-102832
ecu;	207.5	291.6	417.6	66.3	308.3	384.0	550.6	0		29	20260830-102832
yzxa	44.6	276.3	0.0	107.4	151.4	0.0	0.0	1	yzz	30	20260830-102832
.lqy	186.0	303.9	420.4	80.5	281.4	424.4	510.7	0		31	20260830-102832
mqyb	50.0	203.4	287.7	81.5	154.6	292.3	398.7	0		32	20260830-102832
fiw,	85.8	186.2	294.3	97.4	162.7	286.4	409.7	0		33	20260830-102832
eatr	43.9	226.2	427.4	133.8	167.7	332.3	534.0	0		34	20260830-102832
dxvs	56.5	344.7	417.1	165.3	191.4	517.0	540.8	0		35	20260830-102832
wekz	41.8	203.4	370.6	166.8	171.3	293.2	496.6	0		36	20260830-102832
mx	72.2	0.0	0.0	100.7	175.6	0.0	0.0	0		37	20260830-102832
rhhu	120.5	257.4	455.4	106.4	178.7	340.6	563.5	0		38	20260830-102832
;w	34.4	0.0	0.0	108.7	132.1	0.0	0.0	0		39	20260830-102832
l,,c	229.1	348.0	501.7	91.4	293.0	468.2	574.6	0		40	20260830-102832
i/ap	171.5	280.5	461.4	97.3	299.0	408.7	552.3	0		41	20260830-102832
xgyb	65.8	179.6	307.4	117.5	165.2	257.1	432.0	0		42	20260830-102832
xzm;	75.4	226.5	333.2	182.9	237.5	421.5	462.3	0		43	20260830-102832
cug;	80.7	206.8	253.9	97.0	162.4	307.5	373.4	0		44	20260830-102832
qsa,	220.5	425.3	488.3	115.7	300.9	0.0	0.0	1	qsa.	45	20260830-102832
.tgd	94.2	318.4	516.5	130.3	197.4	408.9	628.0	0		46	20260830-102832
.osi	234.3	315.4	433.9	88.0	334.0	415.6	538.6	0		47	20260830-102832
.edi	68.8	250.1	309.1	107.1	139.6	347.0	419.4	0		48	20260830-102832
ir	40.7	0.0	0.0	85.9	122.0	0.0	0.0	0		49	20260830-102832
oyqu	57.4	144.4	254.3	117.8	140.2	261.4	361.3	0		50	20260830-102832
nbaj	74.5	231.5	259.0	90.1	160.7	377.1	361.1	0		51	20260830-102832
lhr/	41.8	152.9	285.3	117.2	137.4	252.8	416.1	0		52	20260830-102832
wjlz	64.9	204.6	329.8	105.8	152.6	311.1	456.6	0		53	20260830-102832
bp	64.9	0.0	0.0	113.6	158.3	0.0	0.0	0		54	20260830-102832
nv;t	71.5	185.1	324.5	88.9	160.3	298.6	422.3	0		55	20260830-102832
aq	196.4	0.0	0.0	90.1	291.0	0.0	0.0	0		56	20260830-102832
/i	75.2	0.0	0.0	139.9	194.2	0.0	0.0	0		57	20260830-102832
wfaa	103.0	294.3	489.1	134.7	195.1	415.0	589.5	0		58	20260830-102832
yu	155.5	0.0	0.0	74.5	277.8	0.0	0.0	0		59	20260830-102832
xt;h	96.6	125.0	200.9	149.3	206.9	246.2	325.2	0		60	20260830-102832
j,ab	67.1	143.7	296.9	158.0	211.3	301.4	431.5	0		61	20260830-102832
zz	179.7	0.0	0.0	80.0	301.9	0.0	0.0	0		62	20260830-102832
bh	50.9	0.0	0.0	104.6	137.8	0.0	0.0	0		63	20260830-102832
;jgj	48.8	222.5	320.7	119.0	153.2	324.9	429.0	0		64	20260830-102832
l,rt	208.0	278.8	472.2	94.2	302.0	353.5	565.9	0		65	20260830-102832
bmcl	96.2	232.7	294.1	81.3	165.6	314.2	401.0	0		66	20260830-102832
nxxh	110.2	273.9	337.2	78.7	186.7	367.3	447.6	0		67	20260830-102832
i;su	42.3	177.8	277.5	157.5	207.9	281.8	390.5	0		68	20260830-102832
x;f;	69.6	198.6	261.8	88.4	146.8	285.8	376.7	0		69	20260830-102832
zhdg	102.5	243.8	353.3	120.3	190.1	388.3	473.8	0		70	20260830-102832
pj	45.1	0.0	0.0	121.8	188.5	0.0	0.0	0		71	20260830-102832
um	220.5	0.0	0.0	81.5	298.4	0.0	0.0	0		72	20260830-102832
cn/z	62.8	195.4	310.8	95.0	155.4	330.4	412.9	0		73	20260830-102832
vdcj	26.6	430.5	528.8	71.8	104.9	533.4	616.9	0		74	20260830-102832
ajvc	56.2	218.0	313.9	107.1	165.6	386.7	432.7	0		75	20260830-102832
,;	107.0	0.0	0.0	123.5	249.1	0.0	0.0	0		76	20260830-102832
jq	62.3	0.0	0.0	112.5	175.8	0.0	0.0	0		77	20260830-102832
dg	94.6	0.0	0.0	128.7	224.8	0.0	0.0	0		78	20260830-102832
vl/i	33.2	226.3	426.5	110.8	135.2	368.2	546.6	0		79	20260830-102832
syqb	59.2	211.0	297.4	94.7	144.2	348.5	429.1	0		80	20260830-102832
hh	138.4	0.0	0.0	62.0	233.5	0.0	0.0	0		81	20260830-102832
vq	83.7	0.0	0.0	166.4	211.3	0.0	0.0	0		82	20260830-102832
tnkj	92.8	198.0	357.2	118.7	207.9	343.1	528.9	0		83	20260830-102832
ojmd	64.2	276.2	350.7	137.6	148.3	403.2	435.8	0		84	20260830-102832
xr	101.0	0.0	0.0	147.3	205.6	0.0	0.0	0		85	20260830-102832
o/,n	248.1	519.8	750.6	120.3	371.3	618.1	0.0	1	o/,m	86	20260830-102832
kk	156.9	0.0	0.0	67.0	245.8	0.0	0.0	0		87	20260830-102832
jz	95.3	0.0	0.0	91.0	213.0	0.0	0.0	0		88	20260830-102832
/cbg	116.6	179.6	383.1	128.1	217.1	250.7	467.4	0		89	20260830-102832
xjse	59.5	242.1	370.7	100.7	146.0	499.0	549.8	0		90	20260830-102832
qm	60.5	0.0	0.0	98.0	169.6	0.0	0.0	0		91	20260830-102832
vmam	61.2	0.0	0.0	0.0	0.0	0.0	0.0	1	va	92	20260830-102832
yz	57.4	0.0	0.0	71.7	173.8	0.0	0.0	0		93	20260830-102832
auzt	66.0	238.6	408.2	86.9	167.4	365.6	509.9	0		94	20260830-102832
mz,t	87.8	228.7	327.7	83.7	191.1	341.6	423.8	0		95	20260830-102832
jdlu	80.0	174.2	236.5	87.0	148.8	314.2	355.1	0		96	20260830-102832
..	165.0	0.0	0.0	108.4	271.0	0.0	0.0	0		97	20260830-102832
zfqu	46.2	264.0	338.8	130.5	148.6	394.3	435.1	0		98	20260830-102832
bzc/	81.7	321.4	399.1	136.4	174.8	408.9	521.6	0		99	20260830-102832
bw	55.1	0.0	0.0	140.6	175.7	0.0	0.0	0		100	20260830-102832
abs;	90.5	257.0	329.8	135.1	193.1	362.8	429.4	0		101	20260830-102832
uqbc	25.2	285.8	381.9	110.1	139.8	444.9	467.3	0		102	20260830-102832
xe	63.1	0.0	0.0	151.5	204.4	0.0	0.0	0		103	20260830-102832
ec	211.7	0.0	0.0	70.0	300.7	0.0	0.0	0		104	20260830-102832
il	91.3	0.0	0.0	172.9	241.9	0.0	0.0	0		105	20260830-102832
pk;d	225.7	345.9	514.9	97.6	377.4	498.4	596.8	0		106	20260830-102832
wz,k	247.7	326.3	510.0	89.8	335.3	396.7	591.6	0		107	20260830-102832
h,	84.2	0.0	0.0	160.8	190.8	0.0	0.0	0		108	20260830-102832
j,km	71.4	343.7	473.3	154.9	198.8	516.6	595.1	0		109	20260830-102832
vz	53.4	0.0	0.0	103.2	161.1	0.0	0.0	0		110	20260830-102832
x,yc	105.2	298.2	377.1	114.5	208.5	383.5	473.8	0		111	20260830-102832
q/rt	70.1	185.1	394.9	98.1	180.4	282.3	509.5	0		112	20260830-102832
hwjh	54.5	215.0	504.4	85.1	154.8	334.0	601.8	0		113	20260830-102832
alci	60.8	212.1	264.7	89.6	152.4	296.5	368.0	0		114	20260830-102832
mmxe	141.1	239.1	412.8	61.4	246.9	320.0	510.5	0		115	20260830-102832
,;	75.8	0.0	0.0	152.3	186.8	0.0	0.0	0		116	20260830-102832
fb	189.3	0.0	0.0	74.4	276.5	0.0	0.0	0		117	20260830-102832
qc;p	207.7	265.5	468.6	107.8	292.0	368.3	581.1	0		118	20260830-102832
gtpi	170.3	244.8	295.3	63.6	253.3	368.9	465.5	0		120	20260830-102832
h.ti	33.4	160.8	258.6	135.8	140.1	245.8	355.7	0		121	20260830-102832
;qtx	49.9	178.5	391.7	94.2	165.1	289.7	509.4	0		122	20260830-102832
ej	33.6	0.0	0.0	58.4	114.3	0.0	0.0	0		123	20260830-102832
cidx	67.9	180.9	342.7	81.3	157.7	254.4	440.4	0		124	20260830-102832
irru	116.3	254.0	363.3	82.7	167.1	333.5	452.1	0		125	20260830-102832
hq	51.7	0.0	0.0	73.4	148.8	0.0	0.0	0		126	20260830-102832
fr	172.7	0.0	0.0	83.0	272.6	0.0	0.0	0		127	20260830-102832
vg	188.9	0.0	0.0	73.1	256.1	0.0	0.0	0		128	20260830-102832
ffoh	136.8	283.9	349.7	58.6	223.7	411.4	467.5	0		129	20260830-102832
ji	59.3	0.0	0.0	108.5	183.1	0.0	0.0	0		130	20260830-102832
/ytl	0.0	0.0	0.0	0.0	0.0	0.0	0.0	1	y	131	20260830-102832
hxzt	73.7	212.8	427.6	103.1	261.2	336.6	521.3	0		132	20260830-102832
zc	61.0	0.0	0.0	184.4	152.2	0.0	0.0	0		133	20260830-102832
o.	209.1	0.0	0.0	75.3	304.8	0.0	0.0	0		134	20260830-102832
rljt	82.7	157.6	276.2	90.4	220.8	285.7	367.2	0		135	20260830-102832
cpnw	41.1	181.4	298.9	97.2	176.8	292.4	401.4	0		136	20260830-102832
oqjz	44.6	173.4	437.3	106.7	152.7	318.3	603.2	0		137	20260830-102832
mjnc	175.8	358.4	414.4	88.5	254.8	457.1	501.6	0		138	20260830-102832
;wd/	132.4	197.6	372.2	143.8	235.8	358.4	506.8	0		139	20260830-102832
by	57.4	0.0	0.0	115.8	143.8	0.0	0.0	0		140	20260830-102832
utdw	79.5	235.0	322.7	117.5	166.0	383.7	469.5	0		141	20260830-102832
tk	25.3	0.0	0.0	88.5	111.8	0.0	0.0	0		142	20260830-102832
ssqo	172.0	347.6	432.1	94.5	272.3	458.3	545.5	0		143	20260830-102832
cu	32.0	0.0	0.0	90.7	142.2	0.0	0.0	0		144	20260830-102832
vb	186.9	0.0	0.0	85.4	265.2	0.0	0.0	0		145	20260830-102832
m.be	19.4	142.6	213.6	164.8	138.4	272.3	326.8	0		146	20260830-102832
rn;j	60.8	148.7	341.3	86.1	215.0	289.6	462.1	0		147	20260830-102832
y;;u	211.6	384.9	591.7	91.9	301.8	500.4	694.0	0		148	20260830-102832
zi	60.6	0.0	0.0	100.9	143.5	0.0	0.0	0		149	20260830-102832
da;y	42.7	127.1	245.6	108.9	188.7	265.8	349.4	0		150	20260830-102832
op;e	111.2	286.5	402.6	148.0	169.2	434.2	473.6	0		151	20260830-102832
dsut	61.6	170.9	312.8	124.9	176.2	287.6	422.2	0		152	20260830-102832
;ppr	211.9	369.1	468.9	95.5	304.6	464.4	574.2	0		153	20260830-102832
/j	53.1	0.0	0.0	127.5	147.6	0.0	0.0	0		154	20260830-102832
mwp,	98.3	402.6	689.0	147.5	221.0	516.8	803.2	0		155	20260830-102832
abi,	82.6	188.2	427.9	119.6	201.7	286.1	533.8	0		156	20260830-102832
fgrn	186.8	364.8	415.7	84.2	257.9	449.9	522.2	0		157	20260830-102832
;rz/	83.3	252.5	328.5	125.9	167.6	386.7	449.8	0		158	20260830-102832
sd	86.1	0.0	0.0	134.5	216.3	0.0	0.0	0		159	20260830-102832
sfzg	76.8	287.1	459.3	132.8	175.7	465.0	570.7	0		160	20260830-102832
/aii	86.4	256.0	0.0	91.3	185.6	0.0	0.0	1	/aa	161	20260830-102832
jmpk	214.5	305.2	500.2	109.8	391.0	430.5	619.3	0		162	20260830-102832
aq/i	192.3	264.3	423.4	84.8	304.1	389.0	537.2	0		163	20260830-102832
dy	73.0	0.0	0.0	81.3	159.5	0.0	0.0	0		164	20260830-102832
cbpm	73.5	172.6	214.8	109.5	156.4	291.0	400.0	0		165	20260830-102832
i/cc	201.1	320.3	491.7	93.0	293.4	385.4	580.4	0		166	20260830-102832
gp	75.1	0.0	0.0	119.4	164.5	0.0	0.0	0		167	20260830-102832
dhaz	67.6	179.6	435.9	83.9	159.1	317.1	559.9	0		168	20260830-102832
j/	76.7	0.0	0.0	118.6	207.0	0.0	0.0	0		169	20260830-102832
ja;o	65.2	166.6	332.9	106.7	203.3	280.7	431.1	0		170	20260830-102832
h.tv	47.2	148.7	373.4	152.4	175.9	259.7	506.8	0		171	20260830-102832
iuc;	74.5	161.4	295.9	165.6	208.6	284.7	413.7	0		172	20260830-102832
c/;y	73.7	257.6	407.1	95.9	148.0	411.4	502.8	0		173	20260830-102832
dphf	50.3	155.8	303.4	91.0	141.8	294.4	425.0	0		174	20260830-102832
jsnm	61.1	194.7	361.1	91.0	155.2	295.4	454.3	0		175	20260830-102832
jutg	164.9	239.9	437.2	80.7	264.8	333.9	550.9	0		176	20260830-102832
hrfa	93.2	295.8	373.0	104.1	186.1	465.6	510.3	0		177	20260830-102832
sf	97.6	0.0	0.0	128.9	218.5	0.0	0.0	0		178	20260830-102832
h,	105.8	0.0	0.0	215.5	253.4	0.0	0.0	0		179	20260830-102832
o,ox	233.3	401.1	571.8	104.9	337.2	524.7	688.6	0		180	20260830-102832
xd	70.6	0.0	0.0	184.8	180.9	0.0	0.0	0		181	20260830-102832
rh	57.5	0.0	0.0	88.5	149.3	0.0	0.0	0		182	20260830-102832
zi	43.4	0.0	0.0	110.2	123.3	0.0	0.0	0		183	20260830-102832
qt	67.0	0.0	0.0	129.3	196.6	0.0	0.0	0		184	20260830-102832
qk	41.3	0.0	0.0	107.2	132.2	0.0	0.0	0		185	20260830-102832
;m	87.5	0.0	0.0	147.7	233.8	0.0	0.0	0		186	20260830-102832
op	90.6	0.0	0.0	159.2	275.5	0.0	0.0	0		187	20260830-102832
ak	33.8	0.0	0.0	116.8	125.9	0.0	0.0	0		188	20260830-102832
javp	86.9	212.3	294.3	119.2	203.4	355.3	404.1	0		189	20260830-102832
/lnj	67.0	330.5	527.3	175.4	210.1	421.2	621.6	0		190	20260830-102832
ffbr	162.5	376.5	617.4	74.3	251.8	480.1	718.7	0		191	20260830-102832
gh	51.8	0.0	0.0	82.2	151.9	0.0	0.0	0		192	20260830-102832
xbml	67.0	169.6	278.8	133.6	144.7	380.9	376.9	0		193	20260830-102832
bulp	74.8	132.8	347.9	106.7	184.7	226.8	463.5	0		194	20260830-102832
lhst	54.8	156.8	282.5	150.2	163.7	288.9	382.6	0		195	20260830-102832
up	46.5	0.0	0.0	112.0	152.6	0.0	0.0	0		196	20260830-102832
wfnp	41.2	151.2	269.1	128.9	160.0	299.5	371.4	0		197	20260830-102832
ato/	45.0	91.2	285.5	138.1	150.8	181.6	404.0	0		198	20260830-102832
ly	75.3	0.0	0.0	134.7	171.1	0.0	0.0	0		199	20260830-102832
ic	52.7	0.0	0.0	97.1	140.2	0.0	0.0	0		200	20260830-102832
wdnv	49.6	161.8	307.0	119.7	153.3	271.6	430.7	0		201	20260830-102832
bf	170.0	0.0	0.0	71.9	256.0	0.0	0.0	0		202	20260830-102832
ahfg	80.7	205.3	379.5	123.5	162.2	304.8	474.2	0		203	20260830-102832
q,hh	67.2	194.7	341.8	101.2	141.8	272.3	426.3	0		204	20260830-102832
lq	68.2	0.0	0.0	90.5	176.1	0.0	0.0	0		205	20260830-102832
wn;i	47.7	138.8	276.1	102.8	186.1	259.3	412.6	0		206	20260830-102832
laiu	65.0	153.5	325.4	74.9	182.4	332.1	483.3	0		207	20260830-102832
d;nt	29.5	142.5	237.5	78.8	125.8	255.3	340.1	0		208	20260830-102832
mh	156.9	0.0	0.0	75.0	251.5	0.0	0.0	0		209	20260830-102832
;;qf	123.3	256.8	336.6	44.1	252.2	389.8	491.0	0		210	20260830-102832
z.yi	70.3	166.6	324.3	118.4	153.6	393.0	422.5	0		211	20260830-102832
pe	45.5	0.0	0.0	99.2	125.1	0.0	0.0	0		212	20260830-102832
,h	21.6	0.0	0.0	129.9	126.0	0.0	0.0	0		213	20260830-102832
fo	46.5	0.0	0.0	79.8	128.0	0.0	0.0	0		214	20260830-102832
mebj	27.3	205.6	219.9	83.0	130.1	328.0	336.2	0		215	20260830-102832
wtf;	71.2	264.3	303.3	124.3	159.7	387.3	397.8	0		216	20260830-102832
sg/v	83.8	130.5	365.9	121.9	170.0	241.3	468.5	0		217	20260830-102832
cm	33.8	0.0	0.0	90.6	119.0	0.0	0.0	0		218	20260830-102832
ruo,	26.9	81.1	288.3	91.6	161.1	157.1	385.7	0		219	20260830-102832
,ecc	110.5	261.4	0.0	119.4	178.5	0.0	0.0	1	,ee	220	20260830-102832
xwrw	201.9	395.6	476.8	100.4	300.3	562.3	595.6	0		221	20260830-102832
gt	189.1	0.0	0.0	93.1	299.0	0.0	0.0	0		222	20260830-102832
;c	97.7	0.0	0.0	104.4	198.1	0.0	0.0	0		223	20260830-102832
tmx;	98.4	226.9	287.5	103.9	189.6	337.6	384.9	0		224	20260830-102832
yyhf	147.8	368.4	488.7	77.9	245.3	509.1	576.5	0		225	20260830-102832
nmpn	167.8	355.0	493.5	80.2	275.7	478.3	607.5	0		226	20260830-102832
,n	50.5	0.0	0.0	191.2	195.5	0.0	0.0	0		227	20260830-102832
pbjs	88.3	191.6	269.8	108.2	157.1	303.2	370.4	0		228	20260830-102832
tmxb	113.7	281.6	358.6	104.1	218.3	411.7	431.7	0		229	20260830-102832
egwm	61.7	236.9	314.5	129.5	161.2	0.0	0.0	1	egwn	230	20260830-102832
dpvt	79.0	184.6	390.2	101.0	180.4	295.5	509.1	0		231	20260830-102832
degw	167.6	316.6	401.3	60.1	243.7	503.1	514.5	0		232	20260830-102832
vtye	214.2	318.3	438.2	100.2	290.0	408.8	509.4	0		233	20260830-102832
at	94.8	0.0	0.0	137.3	203.2	0.0	0.0	0		234	20260830-102832
;lbp	48.4	249.9	360.5	176.4	205.1	386.0	457.7	0		235	20260830-102832
elqw	50.3	209.2	318.5	76.9	145.3	504.3	484.5	0		236	20260830-102832
d..f	95.0	242.3	304.1	61.6	167.4	343.8	427.6	0		237	20260830-102832
,wx.	57.4	275.4	333.0	130.6	157.2	377.2	455.0	0		238	20260830-102832
op	38.1	0.0	0.0	143.4	183.5	0.0	0.0	0		239	20260830-102832
znww	118.0	233.3	418.6	114.3	193.5	332.1	523.6	0		240	20260830-102832
r;fa	57.4	227.5	265.6	88.0	122.2	0.0	0.0	1	r;fs	241	20260830-102832
bxod	107.4	148.3	383.9	75.3	259.6	235.8	455.7	0		242	20260830-102832
c,;.	70.0	149.1	359.8	110.5	231.6	290.9	0.0	1	c,;,	243	20260830-102832
wd	142.3	0.0	0.0	164.3	296.4	0.0	0.0	0		244	20260830-102832
yzjp	49.7	217.6	255.4	84.8	170.7	353.5	367.2	0		245	20260830-102832
jcxi	50.5	220.6	248.1	105.6	122.5	343.7	359.7	0		246	20260830-102832
rxca	90.7	354.0	454.5	130.9	197.8	480.4	597.1	0		247	20260830-102832
pehq	62.3	187.5	297.2	110.6	150.3	289.0	424.6	0		248	20260830-102832
debs	181.4	375.5	492.4	83.3	256.5	541.0	598.7	0		249	20260830-102832
odpj	53.5	293.8	463.2	106.9	140.1	421.5	0.0	1	odpp	250	20260830-102832
zs	132.8	0.0	0.0	254.9	266.3	0.0	0.0	0		251	20260830-102832
yh	169.4	0.0	0.0	73.8	270.7	0.0	0.0	0		252	20260830-102832
lyiv	218.9	322.7	598.1	119.8	408.4	460.2	729.5	0		253	20260830-102832
zu	24.6	0.0	0.0	113.6	133.6	0.0	0.0	0		254	20260830-102832
no	62.0	0.0	0.0	111.5	165.5	0.0	0.0	0		255	20260830-102832
yj.u	189.9	366.2	447.6	68.6	280.9	548.7	565.4	0		256	20260830-102832
/x.n	68.7	226.6	375.3	96.5	181.0	366.4	445.8	0		257	20260830-102832
pm	55.3	0.0	0.0	142.4	185.9	0.0	0.0	0		258	20260830-102832
krlh	5.0	157.3	229.7	51.1	98.0	327.5	351.5	0		259	20260830-102832
rt	170.4	0.0	0.0	84.4	272.0	0.0	0.0	0		260	20260830-102832
ehhb	113.3	242.5	328.8	76.7	168.5	333.5	439.5	0		261	20260830-102832
iqce	28.8	260.5	447.4	100.3	131.6	346.7	557.5	0		262	20260830-102832
it.w	78.4	234.1	305.0	83.1	167.2	362.3	409.1	0		263	20260830-102832
vnlr	38.0	132.5	262.1	93.4	117.5	242.2	365.7	0		264	20260830-102832
cg	61.0	0.0	0.0	116.9	151.9	0.0	0.0	0		265	20260830-102832
/,cb	95.7	210.4	330.2	141.3	215.2	358.5	420.3	0		266	20260830-102832
ddck	140.3	323.7	420.3	63.9	222.1	427.0	523.0	0		267	20260830-102832
hp	68.7	0.0	0.0	112.6	213.8	0.0	0.0	0		268	20260830-102832
/bcw	76.0	119.4	299.7	158.5	204.5	211.1	420.6	0		269	20260830-102832
ahhh	110.7	265.4	424.4	117.8	189.2	337.1	605.5	0		270	20260830-102832
,t/j	69.0	198.3	344.0	119.1	149.6	334.4	477.9	0		271	20260830-102832
ta	88.8	0.0	0.0	0.0	0.0	0.0	0.0	1	ts	272	20260830-102832
gt	158.1	0.0	0.0	76.1	257.8	0.0	0.0	0		273	20260830-102832
/bnz	248.1	0.0	0.0	102.5	0.0	0.0	0.0	1	/n	274	20260830-102832
g/.c	48.2	218.3	301.9	104.5	152.4	370.4	393.1	0		275	20260830-102832
nnv,	141.7	245.6	384.6	63.5	232.3	367.1	497.8	0		276	20260830-102832
jc	59.9	0.0	0.0	107.1	158.8	0.0	0.0	0		277	20260830-102832
uymv	163.4	369.7	443.8	72.3	223.7	457.5	564.6	0		278	20260830-102832
qgzr	39.5	299.2	432.9	133.8	158.9	464.2	568.3	0		279	20260830-102832
pl,f	230.1	459.3	566.8	96.3	317.0	592.3	672.0	0		280	20260830-102832
amug	76.7	225.5	288.5	112.7	138.3	343.8	386.6	0		281	20260830-102832
ayiw	68.1	127.8	314.3	104.8	203.8	253.2	424.4	0		282	20260830-102832
miyj	68.2	448.3	647.3	148.0	164.3	539.8	752.7	0		283	20260830-102832
xewe	129.6	350.8	483.5	158.8	235.7	586.8	631.1	0		284	20260830-102832
w.xu	75.3	233.3	306.0	92.4	191.1	336.1	402.3	0		285	20260830-102832
qust	120.5	253.1	412.0	107.4	217.7	418.5	534.4	0		286	20260830-102832
ujg/	189.5	317.1	426.2	85.1	290.6	407.0	554.0	0		287	20260830-102832
vpfv	71.9	206.4	390.4	92.4	167.9	293.4	506.1	0		288	20260830-102832
bepp	77.7	181.4	337.5	126.5	212.2	245.8	434.2	0		289	20260830-102832
dz,a	49.8	193.0	348.3	121.7	184.6	308.6	492.5	0		290	20260830-102832
juaq	137.8	228.2	429.7	69.7	243.2	321.4	541.2	0		291	20260830-102832
hq.e	45.1	184.1	248.7	77.3	134.2	322.0	315.8	0		292	20260830-102832
.;nh	45.2	314.7	509.3	164.5	207.7	413.7	0.0	0		293	20260830-102832
so;s	71.9	267.2	310.5	104.4	136.8	369.7	413.2	0		294	20260830-102832
wkt.	100.8	229.2	335.7	83.7	179.0	341.4	462.1	0		295	20260830-102832
fn	82.3	0.0	0.0	101.6	198.2	0.0	0.0	0		296	20260830-102832
mq	14.1	0.0	0.0	101.7	124.7	0.0	0.0	0		297	20260830-102832
wfpk	57.0	175.9	344.1	125.8	182.1	286.9	467.1	0		298	20260830-102832
/l	30.1	0.0	0.0	0.0	83.3	0.0	0.0	0		299	20260830-102832
hhug	134.2	315.8	452.0	70.2	220.3	440.4	554.3	0		300	20260830-102832
afox	81.2	197.6	290.5	136.5	189.5	300.6	419.1	0		301	20260830-102832
avyq	78.4	154.2	393.9	145.0	238.4	257.1	530.0	0		302	20260830-102832
hhur	143.0	322.5	387.5	72.9	227.3	433.7	490.7	0		303	20260830-102832
zm	74.0	0.0	0.0	117.8	171.4	0.0	0.0	0		304	20260830-102832
cu	37.4	0.0	0.0	77.7	134.3	0.0	0.0	0		305	20260830-102832
f.cy	111.5	172.3	319.0	75.1	200.5	262.9	403.0	0		306	20260830-102832
iwhj	57.2	169.6	447.3	74.0	144.5	343.8	548.6	0		307	20260830-102832
eour	83.6	139.0	226.6	79.8	176.0	247.2	322.5	0		308	20260830-102832
b.gt	69.9	193.1	370.3	77.8	174.8	289.6	530.2	0		309	20260830-102832
ue	30.9	0.0	0.0	86.8	116.8	0.0	0.0	0		310	20260830-102832
;djz	39.5	160.8	257.6	95.5	107.8	266.0	365.2	0		311	20260830-102832
urct	32.6	218.9	331.8	92.3	109.3	341.4	431.2	0		312	20260830-102832
ox	46.4	0.0	0.0	86.9	143.8	0.0	0.0	0		313	20260830-102832
nx	39.7	0.0	0.0	74.5	132.3	0.0	0.0	0		314	20260830-102832
/h	50.6	0.0	0.0	117.4	139.7	0.0	0.0	0		315	20260830-102832
/u	38.8	0.0	0.0	128.0	137.3	0.0	0.0	0		316	20260830-102832
ytyw	92.1	187.9	313.3	82.7	180.7	283.3	412.7	0		317	20260830-102832
a;,v	31.3	224.5	403.0	109.7	131.1	350.7	515.5	0		318	20260830-102832
nf.;	61.3	176.6	451.9	80.0	164.5	292.5	570.0	0		319	20260830-102832
y,.l	286.1	460.6	720.0	101.9	605.1	593.0	835.6	0		320	20260830-102832
dtzm	40.2	265.8	331.8	99.7	140.2	383.9	415.2	0		321	20260830-102832
,bey	85.8	141.6	241.3	103.1	200.9	221.4	325.8	0		322	20260830-102832
rsws	37.4	241.6	434.2	109.5	138.6	332.9	530.9	0		323	20260830-102832
wpsq	85.2	253.6	412.9	91.8	179.2	456.5	576.7	0		324	20260830-102832
bdbd	168.4	387.7	487.9	97.0	245.1	542.7	566.1	0		325	20260830-102832
zade	207.3	413.4	579.9	105.7	309.0	477.1	675.9	0		326	20260830-102832
uahr	75.4	214.6	322.0	94.2	187.6	309.5	420.3	0		327	20260830-102832
ki,l	140.1	346.3	521.7	74.2	229.7	438.6	660.9	0		328	20260830-102832
lbrz	71.8	315.4	417.7	123.2	175.2	477.7	573.3	0		329	20260830-102832
ii	135.4	0.0	0.0	82.5	218.2	0.0	0.0	0		330	20260830-102832
cg	142.9	0.0	0.0	111.2	242.3	0.0	0.0	0		331	20260830-102832
dfxv	45.9	275.1	333.5	131.2	156.7	405.7	464.8	0		332	20260830-102832
.bgk	185.1	388.3	483.2	139.6	276.2	490.6	595.4	0		333	20260830-102832
n/qj	80.4	194.1	276.9	186.5	221.6	0.0	0.0	1	n/qg	334	20260830-102832
sd	65.8	0.0	0.0	156.7	257.5	0.0	0.0	0		335	20260830-102832
z,;g	70.8	186.1	410.3	142.3	246.2	315.5	528.7	0		336	20260830-102832
ag	75.0	0.0	0.0	131.2	210.3	0.0	0.0	0		337	20260830-102832
qrpy	94.9	358.6	498.9	160.1	219.8	494.1	602.9	0		338	20260830-102832
hcb/	109.5	414.4	503.2	124.4	191.5	492.1	628.1	0		339	20260830-102832
fu	43.7	0.0	0.0	94.6	142.2	0.0	0.0	0		340	20260830-102832
kd	36.5	0.0	0.0	96.4	105.9	0.0	0.0	0		341	20260830-102832
inks	90.1	295.2	311.3	147.5	193.3	383.4	430.3	0		342	20260830-102832
,c	47.5	0.0	0.0	109.4	144.7	0.0	0.0	0		343	20260830-102832
.wzz	0.0	0.0	0.0	0.0	0.0	0.0	0.0	1	,	344	20260830-102832
ql	70.2	0.0	0.0	100.0	167.8	0.0	0.0	0		345	20260830-102832
ep	34.7	0.0	0.0	78.8	132.5	0.0	0.0	0		346	20260830-102832
vgmv	193.4	321.8	409.6	116.2	280.3	442.0	530.4	0		347	20260830-102832
et,b	43.8	99.7	269.4	105.9	133.1	207.6	376.5	0		348	20260830-102832
slvr	61.1	195.2	403.2	100.8	146.6	294.2	506.2	0		349	20260830-102832
qz	215.6	0.0	0.0	97.4	334.8	0.0	0.0	0		350	20260830-102832
,m	52.0	0.0	0.0	144.2	184.7	0.0	0.0	0		351	20260830-102832
/vae	62.1	113.9	315.1	109.9	176.9	213.8	388.9	0		352	20260830-102832
h.kw	51.2	210.5	294.6	126.6	182.5	316.1	387.4	0		353	20260830-102832
ixbh	77.7	221.5	299.5	110.8	155.8	322.4	399.6	0		354	20260830-102832
kt	77.3	0.0	0.0	133.3	148.5	0.0	0.0	0		1	20260830-113448
wn	52.8	0.0	0.0	86.5	151.8	0.0	0.0	0		2	20260830-113448
jh	137.5	0.0	0.0	61.7	230.3	0.0	0.0	0		3	20260830-113448
ravr	75.5	456.4	667.7	143.6	193.0	552.8	744.6	0		4	20260830-113448
junn	115.2	0.0	0.0	90.6	0.0	0.0	0.0	1	jj	5	20260830-113448
qy;/	90.7	211.1	480.1	144.9	201.8	346.6	596.5	0		6	20260830-113448
p.	136.7	0.0	0.0	0.0	0.0	0.0	0.0	1	pm	7	20260830-113448
eoin	59.8	121.9	295.6	117.5	206.3	248.9	404.5	0		8	20260830-113448
vsy;	97.8	234.4	372.6	171.2	207.4	353.6	506.7	0		9	20260830-113448
hycy	184.3	349.0	432.7	78.6	268.8	448.5	518.6	0		10	20260830-113448
qv	77.6	0.0	0.0	131.0	225.6	0.0	0.0	0		11	20260830-113448
ffme	151.8	287.1	388.9	79.5	243.7	411.0	465.4	0		12	20260830-113448
wh/r	59.8	232.9	325.3	103.1	158.7	360.6	425.4	0		13	20260830-113448
flbh	118.7	231.9	337.6	90.0	218.6	345.2	431.3	0		14	20260830-113448
uh	191.1	0.0	0.0	90.8	275.0	0.0	0.0	0		15	20260830-113448
abrt	78.2	311.0	548.2	143.6	168.0	409.1	648.8	0		16	20260830-113448
npaq	111.3	388.7	617.5	187.7	232.3	493.4	711.4	0		17	20260830-113448
wn,p	107.1	306.1	589.2	134.3	272.3	514.6	723.6	0		18	20260830-113448
f,cb	100.4	264.1	422.1	95.0	239.3	417.4	509.5	0		19	20260830-113448
w/ra	58.1	232.6	321.1	90.6	186.1	398.0	445.6	0		20	20260830-113448
aggj	226.3	388.5	512.6	89.2	308.9	486.2	613.2	0		21	20260830-113448
ai	60.2	0.0	0.0	80.4	153.1	0.0	0.0	0		22	20260830-113448
bcfp	60.4	286.4	364.5	134.3	161.6	389.2	479.6	0		23	20260830-113448
h.gb	37.8	184.8	382.6	144.0	177.1	277.3	484.1	0		24	20260830-113448
et	94.2	0.0	0.0	142.8	222.5	0.0	0.0	0		25	20260830-113448
p;	182.0	0.0	0.0	80.4	283.2	0.0	0.0	0		26	20260830-113448
arr;	216.5	370.8	483.2	81.1	300.2	479.1	586.8	0		27	20260830-113448
gn	53.8	0.0	0.0	91.0	163.5	0.0	0.0	0		28	20260830-113448
jc	0.0	0.0	0.0	0.0	0.0	0.0	0.0	1	g	29	20260830-113448
pczq	79.0	247.3	509.0	92.8	192.2	388.1	623.6	0		30	20260830-113448
prkt	68.2	217.3	303.5	101.7	152.7	335.4	416.5	0		31	20260830-113448
otv.	71.6	309.1	402.7	115.1	156.4	441.1	523.9	0		32	20260830-113448
cii,	130.8	292.8	542.2	87.2	202.7	383.0	648.3	0		33	20260830-113448
asj,	73.5	214.2	423.8	181.9	209.9	378.5	591.0	0		34	20260830-113448
;ao;	107.7	225.3	430.9	114.0	229.9	309.8	532.8	0		35	20260830-113448
nd	79.5	0.0	0.0	100.7	154.4	0.0	0.0	0		36	20260830-113448
luom	184.0	224.1	503.8	82.3	321.0	350.9	611.2	0		37	20260830-113448
tq,p	91.9	177.9	383.3	173.8	217.2	293.7	479.9	0		38	20260830-113448
fbyb	234.5	366.7	463.2	84.9	310.3	454.4	562.2	0		39	20260830-113448
svip	157.8	259.1	346.9	106.5	283.1	411.5	488.9	0		40	20260830-113448
mm	139.2	0.0	0.0	33.1	219.7	0.0	0.0	0		41	20260830-113448
.hvs	75.4	209.1	311.1	181.5	203.2	347.9	440.1	0		42	20260830-113448
lw	47.1	0.0	0.0	103.0	152.8	0.0	0.0	0		43	20260830-113448
oi	51.1	0.0	0.0	121.3	194.7	0.0	0.0	0		44	20260830-113448
ofm.	81.3	189.9	622.3	109.7	183.6	377.9	0.0	1	ofm,	45	20260830-113448
bcy,	101.7	162.5	246.7	167.0	194.7	295.4	442.8	0		46	20260830-113448
aswe	79.2	296.6	322.5	174.2	189.0	485.4	511.4	0		47	20260830-113448
chne	66.7	255.4	321.6	106.3	146.4	370.6	419.4	0		48	20260830-113448
fh.i	95.0	245.4	452.3	121.2	233.6	431.1	534.1	0		49	20260830-113448
hkjl	79.7	276.2	381.4	133.0	206.8	506.8	545.5	0		50	20260830-113448
dfsd	46.9	412.5	509.5	159.8	168.4	637.6	691.2	0		51	20260830-113448
a;ev	67.1	230.1	303.3	119.8	170.7	329.7	433.9	0		52	20260830-113448
u,	96.0	0.0	0.0	205.4	299.5	0.0	0.0	0		53	20260830-113448
rh	85.5	0.0	0.0	99.5	172.7	0.0	0.0	0		54	20260830-113448
ku	68.5	0.0	0.0	147.1	179.8	0.0	0.0	0		55	20260830-113448
qbwk	95.5	270.0	357.0	158.0	197.8	453.9	463.5	0		56	20260830-113448
,g	57.1	0.0	0.0	107.1	158.0	0.0	0.0	0		57	20260830-113448
;z	60.7	0.0	0.0	73.5	169.6	0.0	0.0	0		58	20260830-113448
/y	85.6	0.0	0.0	155.6	184.5	0.0	0.0	0		59	20260830-113448
kquy	34.0	175.0	372.8	97.3	140.2	278.4	469.2	0		60	20260830-113448
rdbk	75.0	293.6	363.4	126.4	175.6	389.8	452.8	0		61	20260830-113448
pldl	228.0	372.4	472.2	85.6	327.0	464.8	605.2	0		62	20260830-113448
kxmb	55.9	246.0	0.0	101.1	134.3	0.0	0.0	1	kxb	63	20260830-113448
r.bn	68.8	214.7	300.3	85.8	167.6	329.4	397.6	0		64	20260830-113448
dhtn	79.4	193.2	288.8	84.6	163.2	300.8	401.8	0		65	20260830-113448
e/oc	25.8	216.6	299.7	86.5	124.2	327.4	390.9	0		66	20260830-113448
rxwr	65.2	307.6	403.1	131.0	154.5	0.0	0.0	1	rxwe	67	20260830-113448
uuo/	147.4	291.2	588.3	64.5	263.8	404.1	695.8	0		68	20260830-113448
dvmz	49.5	200.1	324.8	127.4	160.8	310.0	450.3	0		69	20260830-113448
rubs	89.1	258.1	347.5	84.5	198.4	387.6	438.6	0		70	20260830-113448
zt.h	67.7	161.0	226.8	156.2	165.9	305.6	336.3	0		71	20260830-113448
;lwc	40.4	219.8	511.3	173.7	163.7	339.4	606.3	0		72	20260830-113448
ysly	71.8	180.7	252.7	86.1	160.6	312.4	366.9	0		73	20260830-113448
ltcu	77.9	275.1	325.6	112.0	154.9	370.5	437.2	0		74	20260830-113448
js/b	88.2	203.2	345.1	103.0	184.6	313.0	447.7	0		75	20260830-113448
m.po	54.6	308.6	378.2	141.6	160.3	512.7	481.7	0		76	20260830-113448
dwkd	22.5	165.8	278.1	120.3	153.7	272.0	377.4	0		77	20260830-113448
.yvz	73.6	296.5	442.8	162.7	191.5	515.6	580.5	0		78	20260830-113448
vztl	49.6	261.9	336.4	121.9	145.6	365.6	436.2	0		79	20260830-113448
ew.z	62.9	188.3	371.0	127.3	166.9	319.4	498.9	0		80	20260830-113448
wv	61.5	0.0	0.0	142.9	203.7	0.0	0.0	0		81	20260830-113448
oy	86.1	0.0	0.0	131.0	182.2	0.0	0.0	0		82	20260830-113448
.skk	88.1	209.5	365.2	111.8	174.4	277.1	438.4	0		83	20260830-113448
jgn,	113.8	236.7	524.5	106.6	219.3	416.1	656.3	0		84	20260830-113448
ptvo	84.0	301.1	348.5	110.6	149.7	427.2	472.3	0		85	20260830-113448
well	63.4	130.6	290.3	144.7	163.3	214.4	356.8	0		86	20260830-113448
vog;	82.6	216.0	289.9	106.9	152.8	320.8	411.4	0		87	20260830-113448
ki	158.7	0.0	0.0	72.2	255.7	0.0	0.0	0		88	20260830-113448
uz	85.9	0.0	0.0	104.5	206.1	0.0	0.0	0		89	20260830-113448
ecl/	206.9	303.7	511.6	76.0	308.2	393.3	635.9	0		90	20260830-113448
xz	43.1	0.0	0.0	153.6	218.0	0.0	0.0	0		91	20260830-113448
/e	56.9	0.0	0.0	107.7	134.5	0.0	0.0	0		92	20260830-113448
;g	32.8	0.0	0.0	106.8	142.9	0.0	0.0	0		93	20260830-113448
owgw	88.6	0.0	0.0	0.0	0.0	0.0	0.0	1	og	94	20260830-113448
bqyo	98.7	173.6	235.5	164.0	217.1	284.1	367.1	0		95	20260830-113448
o.tc	218.1	316.7	473.9	94.9	332.4	527.1	600.8	0		96	20260830-113448
ti	65.6	0.0	0.0	95.3	150.9	0.0	0.0	0		97	20260830-113448
q,fq	87.1	192.6	292.7	109.3	203.3	383.0	429.2	0		98	20260830-113448
ygjy	102.6	251.2	432.9	98.3	189.0	351.5	561.9	0		99	20260830-113448
ka	98.2	0.0	0.0	102.2	197.9	0.0	0.0	0		100	20260830-113448
xhho	139.3	289.8	465.5	101.7	215.6	385.4	611.8	0		101	20260830-113448
xz	56.4	0.0	0.0	163.1	211.9	0.0	0.0	0		102	20260830-113448
he.x	81.2	212.0	327.7	88.5	161.0	333.1	429.9	0		103	20260830-113448
xwsv	196.2	461.3	505.1	86.7	303.6	608.7	684.8	0		104	20260830-113448
riz,	70.0	257.5	350.5	115.1	163.1	392.7	446.5	0		105	20260830-113448
ww	157.5	0.0	0.0	78.2	253.9	0.0	0.0	0		106	20260830-113448
erwi	71.8	235.3	294.4	139.7	164.5	350.1	400.6	0		107	20260830-113448
gcnz	65.3	192.1	333.0	142.3	172.0	296.1	452.2	0		108	20260830-113448
w;	40.8	0.0	0.0	94.8	143.3	0.0	0.0	0		109	20260830-113448
cup.	36.2	99.3	385.6	122.7	189.5	213.0	493.8	0		110	20260830-113448
o;x,	23.0	189.0	296.5	119.3	150.0	291.8	416.6	0		111	20260830-113448
s,dj	68.4	188.8	249.7	114.2	170.7	297.0	371.7	0		112	20260830-113448
hi,w	75.9	313.0	396.8	154.6	174.4	420.9	488.1	0		113	20260830-113448
zktf	78.2	268.7	535.8	142.3	171.7	381.5	662.5	0		114	20260830-113448
cqcb	98.3	420.1	425.1	153.7	245.4	0.0	0.0	1	cqcv	115	20260830-113448
ln	63.3	0.0	0.0	130.9	193.3	0.0	0.0	0		116	20260830-113448
as	73.0	0.0	0.0	174.5	185.2	0.0	0.0	0		117	20260830-113448
sjvx	83.1	244.8	311.0	102.0	188.2	386.4	426.4	0		118	20260830-113448
zo/l	66.1	268.1	482.8	141.3	146.4	451.2	609.7	0		119	20260830-113448
m/ml	66.0	271.9	309.2	186.9	182.4	428.8	481.4	0		120	20260830-113448
jqrk	55.6	168.6	260.2	114.3	199.7	284.4	362.8	0		121	20260830-113448
qo	35.4	0.0	0.0	88.4	136.6	0.0	0.0	0		122	20260830-113448
xc/z	98.2	175.0	358.7	157.1	196.4	306.3	483.4	0		123	20260830-113448
hm.j	208.7	393.4	551.8	97.1	309.1	614.9	697.6	0		124	20260830-113448
wrfr	98.5	324.3	520.5	169.5	201.5	428.3	626.0	0		125	20260830-113448
dk	67.5	0.0	0.0	84.9	159.5	0.0	0.0	0		126	20260830-113448
aasu	176.2	358.2	427.3	86.8	282.4	474.3	542.2	0		127	20260830-113448
iyby	81.1	222.3	295.6	150.9	165.0	320.0	398.3	0		128	20260830-113448
hywy	169.6	262.8	370.5	64.6	248.1	357.2	467.2	0		129	20260830-113448
s.ui	49.5	246.0	330.0	105.0	157.2	407.3	448.3	0		130	20260830-113448
wqbg	66.8	298.5	530.1	138.9	163.4	411.4	632.0	0		131	20260830-113448
dhef	66.1	178.6	368.2	76.0	157.1	273.9	487.1	0		132	20260830-113448
wogp	68.3	335.0	408.4	112.1	146.9	442.5	509.4	0		133	20260830-113448
uamz	97.7	258.0	373.8	109.4	197.9	385.0	488.5	0		134	20260830-113448
/nhb	103.2	344.0	470.4	184.4	239.9	445.8	561.4	0		135	20260830-113448
ocnb	100.8	341.0	458.8	149.4	196.4	463.3	557.5	0		136	20260830-113448
sbyz	113.5	214.2	377.0	134.3	209.7	305.4	489.8	0		137	20260830-113448
na	69.5	0.0	0.0	108.9	181.3	0.0	0.0	0		138	20260830-113448
pk	173.3	0.0	0.0	92.0	274.7	0.0	0.0	0		139	20260830-113448
xsxz	187.5	445.0	0.0	104.7	290.1	0.0	0.0	1	xsz	140	20260830-113448
j.	77.2	0.0	0.0	181.5	222.7	0.0	0.0	0		141	20260830-113448
ufgd	168.4	494.0	626.3	142.7	277.8	679.5	714.4	0		142	20260830-113448
uz	54.8	0.0	0.0	104.2	174.9	0.0	0.0	0		143	20260830-113448
ad	105.7	0.0	0.0	158.1	218.4	0.0	0.0	0		144	20260830-113448
lrfn	78.8	272.0	313.7	123.7	160.6	394.5	421.0	0		145	20260830-113448
dtmp	86.7	147.3	244.7	151.8	181.1	301.7	359.7	0		146	20260830-113448
jmwy	203.2	277.1	418.6	87.1	293.2	383.4	503.0	0		147	20260830-113448
xc	95.6	0.0	0.0	173.6	218.4	0.0	0.0	0		148	20260830-113448
befi	35.3	268.2	320.2	120.8	147.6	383.5	413.0	0		149	20260830-113448
i/	103.6	0.0	0.0	174.2	231.1	0.0	0.0	0		150	20260830-113448
dc	192.5	0.0	0.0	70.9	285.4	0.0	0.0	0		151	20260830-113448
.sev	75.3	148.0	346.6	126.6	262.0	276.4	493.4	0		152	20260830-113448
czlq	60.7	186.4	338.3	130.0	192.1	309.1	456.7	0		153	20260830-113448
s/qm	85.1	212.5	266.8	95.9	191.3	316.2	366.5	0		154	20260830-113448
urbd	48.3	272.6	355.6	109.5	125.6	422.7	449.4	0		155	20260830-113448
kajc	55.2	148.6	285.8	92.9	154.8	271.0	382.9	0		156	20260830-113448
q.ug	56.8	161.0	283.0	118.8	164.9	271.0	384.3	0		157	20260830-113448
rjjl	107.4	226.5	491.9	102.8	180.2	428.5	616.4	0		158	20260830-113448
i.cj	193.1	312.7	403.6	82.0	298.1	399.1	508.9	0		159	20260830-113448
qmj.	77.1	264.3	328.7	135.6	162.8	425.6	495.2	0		160	20260830-113448
zge;	61.4	287.9	350.1	151.7	211.5	362.3	451.3	0		161	20260830-113448
hp/j	66.3	294.8	391.7	136.6	169.5	456.7	531.8	0		162	20260830-113448
sxkh	216.5	316.3	469.7	101.7	310.8	440.3	593.0	0		163	20260830-113448
.,rk	75.6	207.3	276.0	147.2	183.6	294.5	422.7	0		164	20260830-113448
;n	74.0	0.0	0.0	154.1	198.3	0.0	0.0	0		165	20260830-113448
f/	77.8	0.0	0.0	91.6	182.8	0.0	0.0	0		166	20260830-113448
va	68.3	0.0	0.0	147.0	185.1	0.0	0.0	0		167	20260830-113448
pm	60.1	0.0	0.0	127.3	187.2	0.0	0.0	0		168	20260830-113448
eyuq	43.3	205.4	350.0	81.8	122.1	327.4	459.4	0		169	20260830-113448
qw	74.1	0.0	0.0	167.5	212.8	0.0	0.0	0		170	20260830-113448
ld	55.4	0.0	0.0	99.5	129.0	0.0	0.0	0		171	20260830-113448
um	216.4	0.0	0.0	90.5	305.8	0.0	0.0	0		172	20260830-113448
qt.d	59.2	130.3	270.7	145.3	157.5	255.8	370.4	0		173	20260830-113448
i,	204.5	0.0	0.0	84.4	298.1	0.0	0.0	0		174	20260830-113448
iu	44.1	0.0	0.0	139.5	143.6	0.0	0.0	0		175	20260830-113448
ht.p	74.2	184.7	389.7	91.2	173.5	277.5	478.0	0		176	20260830-113448
iywy	65.0	230.6	290.3	131.3	154.0	330.0	387.5	0		177	20260830-113448
r/cs	77.2	238.1	334.8	91.4	181.5	403.8	500.2	0		178	20260830-113448
yqgu	49.1	280.7	313.2	95.9	147.7	405.9	410.3	0		179	20260830-113448
hv	44.1	0.0	0.0	105.9	158.0	0.0	0.0	0		180	20260830-113448
my	155.9	0.0	0.0	47.8	244.0	0.0	0.0	0		181	20260830-113448
e,tj	78.3	200.8	294.3	92.0	183.8	311.7	399.5	0		182	20260830-113448
/j.;	66.4	264.8	563.6	138.6	162.9	388.9	664.1	0		183	20260830-113448
ve/l	89.7	129.3	324.3	147.3	190.5	233.5	0.0	1	ve/;	184	20260830-113448
hxtn	77.2	227.8	247.2	95.2	150.2	331.0	369.8	0		185	20260830-113448
pzwt	157.3	0.0	0.0	94.5	0.0	0.0	0.0	1	pa	186	20260830-113448
bhxt	100.6	214.2	330.1	94.8	187.4	382.8	428.5	0		187	20260830-113448
w./e	79.9	277.8	355.6	109.6	164.7	392.2	433.8	0		188	20260830-113448
eey;	170.9	388.5	471.2	79.0	256.8	529.3	624.2	0		189	20260830-113448
pq	54.1	0.0	0.0	112.8	174.6	0.0	0.0	0		190	20260830-113448
ln	66.2	0.0	0.0	161.7	166.5	0.0	0.0	0		191	20260830-113448
f/..	59.2	272.6	437.3	106.8	161.4	355.4	542.8	0		192	20260830-113448
nifd	51.0	203.2	339.9	143.6	173.3	393.1	460.9	0		193	20260830-113448
eo	63.8	0.0	0.0	73.5	151.0	0.0	0.0	0		194	20260830-113448
vscz	30.1	335.9	463.3	139.0	181.2	497.7	611.9	0		195	20260830-113448
jjjd	162.1	320.2	438.8	69.4	226.2	376.1	0.0	1	jjjj	196	20260830-113448
xq,k	65.9	219.0	433.1	140.2	215.0	320.1	518.4	0		197	20260830-113448
qn	56.5	0.0	0.0	104.6	156.3	0.0	0.0	0		198	20260830-113448
r,s.	51.6	173.2	292.9	87.6	146.8	299.4	417.0	0		199	20260830-113448
md	39.2	0.0	0.0	99.7	126.8	0.0	0.0	0		200	20260830-113448
;lrf	39.0	192.9	377.4	145.0	186.4	276.8	499.0	0		201	20260830-113448
cwrw	40.8	264.1	377.1	117.6	175.8	470.3	541.6	0		202	20260830-113448
x;mj	32.3	208.3	376.4	121.0	159.3	280.2	472.9	0		203	20260830-113448
owel	79.5	149.2	303.5	98.7	208.9	277.5	393.2	0		204	20260830-113448
cm/d	91.7	174.6	342.5	109.1	209.8	338.4	429.0	0		205	20260830-113448
qw;/	59.0	230.0	469.0	191.2	195.9	358.8	578.8	0		206	20260830-113448
exw/	220.3	458.8	497.8	94.5	322.9	559.3	638.0	0		207	20260830-113448
wzdw	259.4	518.0	594.3	109.1	397.4	649.6	754.7	0		208	20260830-113448
ji	70.0	0.0	0.0	137.2	200.8	0.0	0.0	0		209	20260830-113448
uzyc	69.3	205.5	300.7	94.0	183.1	305.9	396.8	0		210	20260830-113448
y///	186.9	378.7	548.7	73.8	283.8	475.3	649.3	0		211	20260830-113448
ibbf	85.5	261.4	437.5	97.5	177.4	362.3	0.0	1	ibbb	212	20260830-113448
au;p	76.4	206.3	457.1	131.8	202.0	317.3	514.0	0		213	20260830-113448
;ekk	87.8	189.0	345.1	103.7	173.5	274.1	434.1	0		214	20260830-113448
t;;h	93.1	240.6	444.1	99.5	162.7	351.3	539.5	0		215	20260830-113448
,nin	166.4	262.4	430.1	94.3	322.1	377.6	538.8	0		216	20260830-113448
ckan	57.3	199.6	256.7	90.2	150.7	321.7	366.0	0		217	20260830-113448
,het	175.9	180.4	380.2	92.6	278.3	287.9	487.0	0		218	20260830-113448
twuy	60.6	147.5	317.9	143.6	169.9	232.1	411.1	0		219	20260830-113448
;uib	191.3	233.8	421.2	104.3	370.6	393.1	509.3	0		220	20260830-113448
rinq	54.8	185.5	339.0	103.8	153.6	313.4	481.1	0		221	20260830-113448
iw	98.0	0.0	0.0	104.2	191.2	0.0	0.0	0		222	20260830-113448
jxpi	66.8	208.0	261.5	112.2	194.0	331.2	427.9	0		223	20260830-113448
efro	78.4	287.1	350.8	124.5	182.2	384.4	455.1	0		224	20260830-113448
oxqv	46.1	232.1	317.9	111.8	165.8	357.2	465.3	0		225	20260830-113448
vxdp	39.1	282.5	338.6	155.2	167.1	363.0	435.1	0		226	20260830-113448
o.	201.5	0.0	0.0	87.4	313.8	0.0	0.0	0		227	20260830-113448
/,ee	106.4	235.9	403.3	148.7	246.2	316.5	492.6	0		228	20260830-113448
cows	88.7	208.1	405.3	94.4	179.2	303.3	559.7	0		229	20260830-113448
q.	49.0	0.0	0.0	116.6	170.2	0.0	0.0	0		230	20260830-113448
fwkj	73.6	175.0	345.0	167.9	178.8	271.9	472.2	0		231	20260830-113448
voyk	83.3	164.4	359.6	133.0	219.6	268.5	467.4	0		232	20260830-113448
vv	168.6	0.0	0.0	90.6	274.9	0.0	0.0	0		233	20260830-113448
ft	197.9	0.0	0.0	87.0	287.6	0.0	0.0	0		234	20260830-113448
.s,c	85.7	213.1	359.9	145.5	185.9	326.1	454.1	0		235	20260830-113448
gq;u	72.3	199.2	279.1	160.1	194.0	347.1	412.1	0		236	20260830-113448
jij;	0.0	0.0	0.0	0.0	0.0	0.0	0.0	1	i	237	20260830-113448
h/yq	50.1	253.0	418.4	143.4	202.1	362.8	576.9	0		238	20260830-113448
tq	75.7	0.0	0.0	135.9	195.2	0.0	0.0	0		239	20260830-113448
zil/	65.3	127.9	381.6	143.3	250.6	259.7	501.1	0		240	20260830-113448
rm	49.4	0.0	0.0	101.6	154.7	0.0	0.0	0		241	20260830-113448
xsy/	189.2	314.8	470.3	87.3	279.7	402.2	0.0	1	xsy;	242	20260830-113448
./gx	48.9	342.3	405.2	196.8	218.7	480.0	538.2	0		243	20260830-113448
tje;	25.0	155.4	275.1	98.7	119.4	246.8	422.6	0		244	20260830-113448
ejsn	57.6	192.5	256.9	80.1	147.5	298.5	359.4	0		245	20260830-113448
obah	80.3	206.8	242.7	104.5	170.9	334.6	340.6	0		246	20260830-113448
v/uz	92.8	210.3	316.4	133.1	223.5	310.4	428.8	0		247	20260830-113448
do	43.6	0.0	0.0	81.0	131.4	0.0	0.0	0		248	20260830-113448
dzcj	7.6	253.4	299.0	93.7	122.2	347.0	391.7	0		249	20260830-113448
mlvl	65.4	138.1	251.8	128.6	143.7	255.8	344.0	0		250	20260830-113448
eu	43.7	0.0	0.0	91.1	139.0	0.0	0.0	0		251	20260830-113448
jiut	20.5	138.8	268.2	25.8	189.8	255.8	357.1	0		252	20260830-113448
a.cx	65.9	266.1	386.0	108.1	191.0	0.0	0.0	1	a.cz	253	20260830-113448
p;ya	178.6	334.1	400.1	80.5	277.8	432.8	513.3	0		254	20260830-113448
ub,s	93.6	212.1	309.1	88.7	179.1	336.6	415.6	0		255	20260830-113448
wkph	63.1	225.1	304.9	119.5	168.2	379.1	419.1	0		256	20260830-113448
,yps	140.2	262.2	387.0	124.3	291.5	392.1	484.0	0		257	20260830-113448
ms	78.0	0.0	0.0	117.6	166.1	0.0	0.0	0		258	20260830-113448
.h	60.4	0.0	0.0	142.2	173.4	0.0	0.0	0		259	20260830-113448
bxrf	156.0	332.9	533.5	98.1	327.9	412.6	661.5	0		260	20260830-113448
ojvd	49.6	153.3	225.6	147.3	174.0	312.7	322.5	0		261	20260830-113448
ce	176.6	0.0	0.0	67.8	265.7	0.0	0.0	0		262	20260830-113448
bj..	16.5	200.2	360.4	100.4	112.5	275.8	460.1	0		263	20260830-113448
sid,	77.0	168.5	304.5	104.8	154.9	252.9	424.9	0		264	20260830-113448
.fko	125.5	255.2	366.8	112.0	230.6	430.9	506.7	0		265	20260830-113448
xwvf	220.8	317.9	543.1	89.0	388.3	428.0	632.5	0		266	20260830-113448
tz	54.6	0.0	0.0	139.8	204.5	0.0	0.0	0		267	20260830-113448
kg	45.0	0.0	0.0	85.0	131.1	0.0	0.0	0		268	20260830-113448
p,	209.2	0.0	0.0	88.4	303.1	0.0	0.0	0		269	20260830-113448
eb	58.3	0.0	0.0	113.6	182.3	0.0	0.0	0		270	20260830-113448
k;	50.0	0.0	0.0	113.1	179.1	0.0	0.0	0		271	20260830-113448
hpse	42.1	128.8	201.3	109.8	164.7	301.3	321.0	0		272	20260830-113448
dkh/	58.7	229.7	370.0	90.6	178.1	398.3	497.8	0		273	20260830-113448
j;zt	49.7	164.2	304.9	138.9	171.3	316.9	421.3	0		274	20260830-113448
zkyp	92.0	287.4	380.6	134.9	186.5	434.3	517.5	0		275	20260830-113448
hfdj	70.0	202.0	264.8	94.3	152.3	309.9	377.4	0		276	20260830-113448
ap;d	44.0	341.6	435.2	131.8	139.8	483.8	522.5	0		277	20260830-113448
ae/z	39.7	119.2	299.8	142.4	131.4	238.6	408.8	0		278	20260830-113448
/f	59.4	0.0	0.0	110.7	140.5	0.0	0.0	0		279	20260830-113448
iz.n	86.0	242.2	391.9	97.2	204.6	428.2	491.1	0		280	20260830-113448
mnyz	161.0	352.8	432.2	75.2	240.3	436.9	538.7	0		281	20260830-113448
yr	48.1	0.0	0.0	84.5	138.9	0.0	0.0	0		282	20260830-113448
mn	171.2	0.0	0.0	81.4	258.1	0.0	0.0	0		283	20260830-113448
,t.t	89.6	183.8	292.3	94.2	179.2	286.4	386.8	0		284	20260830-113448
kcay	55.1	177.5	265.8	87.5	194.3	317.4	352.2	0		285	20260830-113448
pr	53.6	0.0	0.0	97.6	137.1	0.0	0.0	0		286	20260830-113448
,dmw	48.8	239.0	314.6	95.9	138.6	340.5	402.4	0		287	20260830-113448
egow	60.0	140.7	287.1	106.7	145.9	227.8	412.1	0		288	20260830-113448
fdfe	84.5	287.7	336.1	159.5	177.1	442.0	438.0	0		289	20260830-113448
xe	90.9	0.0	0.0	144.5	206.7	0.0	0.0	0		290	20260830-113448
yzun	75.4	183.0	379.0	82.0	178.5	268.9	471.2	0		291	20260830-113448
cnb.	57.0	208.6	286.8	82.2	143.2	294.5	401.5	0		292	20260830-113448
gaii	59.1	138.5	282.7	123.9	166.8	203.2	353.8	0		293	20260830-113448
bx	72.1	0.0	0.0	140.2	173.4	0.0	0.0	0		294	20260830-113448
eznq	37.5	210.0	319.8	120.0	178.1	315.1	430.5	0		295	20260830-113448
hfqo	68.2	167.2	218.2	93.1	139.1	289.5	310.2	0		296	20260830-113448
ktup	93.9	174.7	247.1	80.7	189.0	292.0	365.7	0		297	20260830-113448
ow/p	79.1	228.6	444.4	85.2	175.3	319.9	527.5	0		298	20260830-113448
/nie	139.6	208.6	272.8	124.2	264.8	304.8	354.9	0		299	20260830-113448
evzi	69.9	285.3	332.7	114.5	194.3	406.3	434.4	0		300	20260830-113448
fhnf	66.0	256.8	297.8	114.3	148.2	360.5	396.8	0		301	20260830-113448
kb	52.2	0.0	0.0	91.1	124.7	0.0	0.0	0		302	20260830-113448
itfw	87.6	287.2	336.9	105.8	165.7	429.6	509.1	0		303	20260830-113448
x,uq	66.0	231.5	318.5	111.2	148.7	353.9	432.9	0		304	20260830-113448
h.r/	35.4	136.1	249.2	112.7	117.3	229.9	359.5	0		305	20260830-113448
,syw	94.1	207.0	319.0	100.5	183.2	290.8	434.4	0		306	20260830-113448
vo	60.6	0.0	0.0	109.9	141.2	0.0	0.0	0		307	20260830-113448
juum	154.1	350.5	0.0	65.8	215.9	0.0	0.0	1	jum	308	20260830-113448
utdu	120.4	259.3	0.0	110.3	206.2	0.0	0.0	1	utu	309	20260830-113448
.lrx	185.6	244.4	451.3	82.6	280.0	328.1	538.9	0		310	20260830-113448
xida	48.2	227.2	298.6	92.9	136.4	337.5	420.3	0		311	20260830-113448
ss,z	155.3	294.8	448.3	75.3	257.4	392.2	550.8	0		312	20260830-113448
nr,z	61.7	216.8	275.5	91.1	145.9	320.4	377.8	0		313	20260830-113448
hgp,	93.1	165.6	404.9	81.7	178.2	261.2	524.6	0		314	20260830-113448
zz/p	170.5	313.9	539.4	76.3	259.3	408.9	612.1	0		315	20260830-113448
ow	38.5	0.0	0.0	107.9	131.5	0.0	0.0	0		316	20260830-113448
wi	58.3	0.0	0.0	86.5	136.0	0.0	0.0	0		317	20260830-113448
twaq	75.6	366.9	572.9	152.6	220.3	455.6	664.5	0		318	20260830-113448
j/ke	51.3	203.8	300.0	132.0	185.9	314.6	374.1	0		319	20260830-113448
;/	194.7	0.0	0.0	97.6	292.5	0.0	0.0	0		320	20260830-113448
zzl,	194.1	271.7	477.4	86.1	281.5	379.5	573.2	0		321	20260830-113448
pe	45.7	0.0	0.0	83.7	113.8	0.0	0.0	0		322	20260830-113448
mrnr	69.0	209.3	313.2	88.0	157.4	316.9	412.0	0		323	20260830-113448
ci	32.9	0.0	0.0	71.9	123.6	0.0	0.0	0		324	20260830-113448
ub	59.1	0.0	0.0	96.2	148.5	0.0	0.0	0		325	20260830-113448
vh.o	51.1	168.9	356.2	119.4	151.2	250.3	449.8	0		326	20260830-113448
wgee	83.7	277.8	435.7	164.3	182.6	347.5	508.3	0		327	20260830-113448
jwpx	65.5	167.0	312.2	101.7	162.0	251.4	421.1	0		328	20260830-113448
opfk	75.2	217.4	345.8	195.4	190.9	307.5	444.2	0		329	20260830-113448
nljc	51.9	252.2	345.1	138.2	177.3	370.5	459.1	0		330	20260830-113448
,oac	78.4	196.6	415.0	158.9	192.1	319.9	502.9	0		331	20260830-113448
awyn	207.9	337.1	544.3	109.8	362.9	415.4	632.3	0		332	20260830-113448
cbbf	256.5	403.1	614.6	87.3	331.9	489.2	705.3	0		333	20260830-113448
g;;r	106.5	262.3	371.2	92.9	183.1	354.0	463.4	0		334	20260830-113448
khka	62.2	237.2	267.8	114.5	163.7	340.9	373.9	0		335	20260830-113448
nqvu	40.7	228.0	301.7	109.4	161.5	352.4	401.7	0		336	20260830-113448
bzxj	62.9	282.3	457.0	144.7	190.7	404.3	545.7	0		337	20260830-113448
mqur	61.4	195.2	0.0	95.3	168.8	0.0	0.0	1	mqr	338	20260830-113448
pfni	83.6	236.2	328.0	87.7	180.6	422.5	444.6	0		339	20260830-113448
cd	164.6	0.0	0.0	74.8	252.6	0.0	0.0	0		340	20260830-113448
px	48.8	0.0	0.0	82.6	141.6	0.0	0.0	0		341	20260830-113448
ykbl	61.7	220.8	294.5	146.1	169.1	326.3	400.3	0		342	20260830-113448
,v	74.2	0.0	0.0	106.0	188.8	0.0	0.0	0		343	20260830-113448
to	36.1	0.0	0.0	81.6	124.8	0.0	0.0	0		344	20260830-113448
hu/y	195.5	540.8	0.0	82.0	296.6	0.0	0.0	1	huu	345	20260830-113448
;x	40.3	0.0	0.0	92.8	149.9	0.0	0.0	0		346	20260830-113448
cp	55.5	0.0	0.0	82.6	147.4	0.0	0.0	0		347	20260830-113448
zp	32.2	0.0	0.0	97.0	116.2	0.0	0.0	0		348	20260830-113448
lz	105.3	0.0	0.0	96.1	0.0	0.0	0.0	1	lx	349	20260830-113448
yc	57.5	0.0	0.0	88.3	154.4	0.0	0.0	0		350	20260830-113448
zxbu	85.9	272.4	352.4	160.3	178.8	377.7	452.9	0		351	20260830-113448
unou	201.8	399.3	491.1	117.5	332.8	534.4	613.4	0		352	20260830-113448
fjoi	61.1	199.5	277.9	112.4	173.1	352.3	433.0	0		353	20260830-113448
paaq	140.0	308.3	508.6	89.4	232.3	403.8	622.0	0		354	20260830-113448
eozt	81.1	225.4	384.4	76.7	156.7	343.7	484.5	0		355	20260830-113448
mf	79.5	0.0	0.0	123.4	164.5	0.0	0.0	0		356	20260830-113448
oews	72.1	167.7	408.9	93.2	185.3	309.4	514.5	0		357	20260830-113448
vkkf	133.5	263.7	397.8	104.4	190.7	351.6	479.4	0		358	20260830-113448
indv	62.1	197.4	273.7	161.6	204.1	331.6	431.8	0		359	20260830-113448
sw	173.3	0.0	0.0	90.8	271.5	0.0	0.0	0		360	20260830-113448
gz	72.1	0.0	0.0	125.2	201.3	0.0	0.0	0		361	20260830-113448
or	48.5	0.0	0.0	80.3	137.8	0.0	0.0	0		362	20260830-113448
h,	74.0	0.0	0.0	139.7	180.1	0.0	0.0	0		363	20260830-113448
;suw	91.4	160.6	329.1	96.2	185.4	253.4	437.3	0		364	20260830-113448
bb	159.0	0.0	0.0	67.1	242.4	0.0	0.0	0		365	20260830-113448
ccru	158.0	308.0	394.7	79.3	236.7	400.9	507.8	0		366	20260830-113448
tytt	52.9	175.6	331.7	65.1	123.9	261.4	429.6	0		367	20260830-113448
ltsx	84.1	188.1	417.5	93.7	183.9	300.3	513.3	0		368	20260830-113448
yrdk	76.4	244.6	266.3	89.5	166.4	331.3	386.4	0		369	20260830-113448
axks	77.3	184.6	328.8	139.8	209.1	285.4	440.3	0		370	20260830-113448
vy;l	83.8	240.4	0.0	141.6	171.6	0.0	0.0	1	vyl	371	20260830-113448
fj	49.5	0.0	0.0	84.5	143.5	0.0	0.0	0		372	20260830-113448
eyqy	83.6	244.2	286.0	106.0	163.6	368.2	391.4	0		373	20260830-113448
/hmd	41.9	253.6	314.3	140.7	119.0	368.1	389.4	0		374	20260830-113448
msmd	49.1	198.8	0.0	72.7	157.7	0.0	0.0	1	msn	375	20260830-113448
.koj	364.9	579.1	797.0	141.0	472.1	697.4	0.0	1	.kok	376	20260830-113448
kvzs	97.7	305.7	611.8	115.6	196.3	526.5	724.2	0		377	20260830-113448
v/hp	77.9	191.2	348.5	130.1	172.8	396.8	468.5	0		378	20260830-113448
ycpq	91.5	154.5	294.3	96.5	160.7	277.4	392.7	0		379	20260830-113448
xmid	50.0	143.9	247.3	84.7	131.9	0.0	0.0	1	xmin	380	20260830-113448
dnml	107.8	244.1	384.8	87.7	186.6	362.3	496.0	0		381	20260830-113448
wrji	48.5	111.2	155.5	129.2	159.7	242.9	256.1	0		382	20260830-113448
wd	146.8	0.0	0.0	93.8	248.3	0.0	0.0	0		383	20260830-113448
iqxb	20.1	260.4	382.4	100.1	135.6	408.2	469.9	0		384	20260830-113448
ksdd	75.4	242.0	401.1	84.0	165.0	311.3	481.8	0		385	20260830-113448
ry,h	57.0	223.0	385.1	99.1	143.1	429.7	491.3	0		386	20260830-113448
n;hf	48.1	228.4	348.5	116.2	188.4	355.3	439.3	0		387	20260830-113448
sp/n	46.1	262.5	442.5	112.4	107.0	370.3	536.0	0		388	20260830-113448
;.	214.2	0.0	0.0	106.4	331.2	0.0	0.0	0		389	20260830-113448
wl,e	40.7	231.8	298.6	110.0	123.4	343.4	379.7	0		390	20260830-113448
efcs	75.4	313.8	395.1	125.4	197.3	444.1	538.2	0		391	20260830-113448
/fut	106.4	184.1	349.3	118.4	190.1	298.3	436.9	0		392	20260830-113448
/,ab	199.8	247.4	458.0	107.1	292.4	348.3	569.5	0		393	20260830-113448
qk,a	54.9	257.4	328.1	109.8	132.2	353.5	440.0	0		394	20260830-113448
xneb	89.3	216.6	406.3	79.6	188.9	300.4	506.3	0		395	20260830-113448
/n	74.5	0.0	0.0	144.3	167.7	0.0	0.0	0		396	20260830-113448
dz	71.6	0.0	0.0	139.9	217.5	0.0	0.0	0		397	20260830-113448
ok	172.6	0.0	0.0	93.8	276.9	0.0	0.0	0		398	20260830-113448
yx	60.9	0.0	0.0	80.7	155.7	0.0	0.0	0		399	20260830-113448
gxtu	48.3	232.9	276.9	103.1	128.0	323.0	363.7	0		400	20260830-113448
vpqo	81.6	179.2	270.9	104.1	155.4	287.8	373.3	0		401	20260830-113448
jfiz	72.6	172.2	286.2	91.6	167.0	281.6	417.2	0		402	20260830-113448
cemt	179.8	185.3	333.4	67.3	240.9	305.5	449.5	0		403	20260830-113448
kkmb	144.8	338.6	434.2	58.9	245.6	457.5	530.0	0		404	20260830-113448
fl	67.3	0.0	0.0	90.5	168.8	0.0	0.0	0		405	20260830-113448
jp	57.6	0.0	0.0	107.7	159.1	0.0	0.0	0		406	20260830-113448
.edn	63.6	240.6	274.1	117.3	124.8	322.9	367.9	0		407	20260830-113448
.dni	82.2	173.0	289.1	109.3	157.5	359.3	389.1	0		408	20260830-113448
iz	48.0	0.0	0.0	81.7	157.2	0.0	0.0	0		409	20260830-113448
we	63.8	0.0	0.0	143.5	205.0	0.0	0.0	0		410	20260830-113448
/pdd	230.8	298.7	465.2	105.5	318.4	374.6	552.9	0		411	20260830-113448
kw	45.6	0.0	0.0	102.6	136.6	0.0	0.0	0		412	20260830-113448
,p/m	119.9	379.3	559.3	187.5	239.2	519.9	674.5	0		413	20260830-113448
nzy,	86.3	217.1	396.0	92.7	202.1	332.5	535.6	0		414	20260830-113448
ih	77.8	0.0	0.0	142.2	183.7	0.0	0.0	0		415	20260830-113448
myyj	206.6	355.7	563.3	77.6	278.4	439.1	647.7	0		416	20260830-113448
nfdo	96.8	209.2	263.7	101.6	186.0	322.4	405.4	0		417	20260830-113448
qy	67.8	0.0	0.0	103.0	152.3	0.0	0.0	0		418	20260830-113448
mk	56.9	0.0	0.0	127.0	199.2	0.0	0.0	0		419	20260830-113448
nr	81.5	0.0	0.0	95.3	160.0	0.0	0.0	0		420	20260830-113448
yw	67.3	0.0	0.0	86.0	162.1	0.0	0.0	0		421	20260830-113448
zxti	55.8	274.4	311.7	152.8	158.5	371.3	418.0	0		422	20260830-113448
io	81.1	0.0	0.0	150.2	221.2	0.0	0.0	0		423	20260830-113448
ljat	52.7	133.1	271.3	117.8	159.3	275.5	369.3	0		424	20260830-113448
fsol	43.4	141.6	326.8	122.6	148.7	233.3	426.8	0		425	20260830-113448
ih	69.7	0.0	0.0	143.8	168.8	0.0	0.0	0		426	20260830-113448
lmmo	167.4	301.2	590.7	78.9	247.5	498.0	731.1	0		427	20260830-113448
o,xr	183.7	318.3	431.0	85.1	291.2	451.6	540.2	0		428	20260830-113448
wmck	92.6	231.8	271.4	88.4	184.5	332.3	384.7	0		429	20260830-113448
zrr/	227.3	389.7	491.1	103.0	311.1	482.3	613.9	0		430	20260830-113448
.rzq	284.9	479.8	739.5	128.1	402.4	613.0	0.0	1	.rza	431	20260830-113448
kb.q	101.9	214.9	317.1	87.7	198.5	342.9	426.4	0		432	20260830-113448
th,d	65.4	235.1	318.5	91.3	161.9	355.2	396.0	0		433	20260830-113448
b/	46.0	0.0	0.0	74.4	150.0	0.0	0.0	0		434	20260830-113448
t;hu	54.7	178.1	350.5	86.7	148.1	253.6	448.8	0		435	20260830-113448
uk	69.2	0.0	0.0	133.3	218.8	0.0	0.0	0		436	20260830-113448
vp	55.1	0.0	0.0	110.0	154.7	0.0	0.0	0		437	20260830-113448
zfvo	40.2	257.3	308.2	142.0	129.8	371.2	405.1	0		438	20260830-113448
hqu.	63.7	187.6	383.3	81.0	169.1	278.4	508.2	0		439	20260830-113448
inht	80.5	237.9	371.1	151.2	140.2	349.2	447.3	0		440	20260830-113448
mk	55.5	0.0	0.0	123.6	132.4	0.0	0.0	0		441	20260830-113448
ja	70.7	0.0	0.0	99.1	175.8	0.0	0.0	0		442	20260830-113448
eq	43.4	0.0	0.0	89.0	167.1	0.0	0.0	0		443	20260830-113448
;j	78.8	0.0	0.0	134.0	171.3	0.0	0.0	0		444	20260830-113448
i;oi	140.8	345.7	417.3	209.0	218.9	501.1	584.1	0		445	20260830-113448
jxng	75.6	198.6	328.9	94.8	181.6	296.3	417.4	0		446	20260830-113448
/h;;	30.3	248.9	438.6	125.8	122.2	358.0	530.5	0		447	20260830-113448
sz	89.6	0.0	0.0	167.8	171.6	0.0	0.0	0		448	20260830-113448
/jvc	61.6	259.3	342.9	142.0	171.3	415.3	476.5	0		449	20260830-113448
fm	55.7	0.0	0.0	87.1	166.0	0.0	0.0	0		450	20260830-113448
kits	209.0	267.2	493.0	77.7	277.5	359.4	590.1	0		451	20260830-113448
/ynx	92.6	311.8	399.3	172.4	169.1	395.0	501.8	0		452	20260830-113448
mr	60.7	0.0	0.0	89.3	144.4	0.0	0.0	0		453	20260830-113448
jo	56.7	0.0	0.0	110.1	154.9	0.0	0.0	0		454	20260830-113448
yl	43.9	0.0	0.0	96.2	151.1	0.0	0.0	0		455	20260830-113448
,h	49.9	0.0	0.0	122.0	134.1	0.0	0.0	0		456	20260830-113448
mr/f	86.6	162.0	301.3	97.9	171.0	297.7	402.0	0		457	20260830-113448
pa/t	77.6	217.2	303.7	74.0	159.8	325.4	375.4	0		458	20260830-113448
fvqs	199.3	296.6	541.6	87.9	353.1	441.8	684.8	0		459	20260830-113448
s/xn	73.9	219.3	268.6	112.5	178.7	334.9	364.0	0		460	20260830-113448
;grw	102.9	295.5	441.2	108.5	185.9	386.0	556.1	0		461	20260830-113448
g.ru	63.0	211.1	259.3	74.8	152.8	281.4	359.4	0		462	20260830-113448
cb	0.0	0.0	0.0	0.0	0.0	0.0	0.0	1	b	463	20260830-113448
xbkq	81.2	232.4	345.1	115.7	158.2	340.4	445.0	0		464	20260830-113448
xxkd	157.8	256.7	359.1	82.5	246.6	354.9	423.1	0		465	20260830-113448
gtw/	162.3	284.2	398.7	81.6	247.4	390.8	0.0	1	gtw.	466	20260830-113448
vu;n	76.3	265.1	456.2	129.6	170.6	392.9	531.1	0		467	20260830-113448
ig	52.2	0.0	0.0	75.3	134.0	0.0	0.0	0		468	20260830-113448
/w	54.9	0.0	0.0	112.3	133.5	0.0	0.0	0		469	20260830-113448
vlev	92.2	178.2	411.0	106.1	174.3	249.8	519.2	0		470	20260830-113448
ejge	55.2	184.4	263.1	93.6	143.8	336.0	354.9	0		471	20260830-113448
alvb	98.4	238.4	909.1	116.9	184.6	338.7	993.0	0		472	20260830-113448
yter	89.1	206.1	287.9	83.9	157.9	381.1	402.4	0		473	20260830-113448
da	74.4	0.0	0.0	109.5	197.0	0.0	0.0	0		474	20260830-113448
mylj	204.0	310.0	448.1	85.7	279.5	455.0	576.6	0		475	20260830-113448
rkk.	138.3	268.8	509.8	108.0	197.9	379.8	608.2	0		476	20260830-113448
ji	61.1	0.0	0.0	121.3	172.8	0.0	0.0	0		477	20260830-113448
ss	163.7	0.0	0.0	78.9	263.8	0.0	0.0	0		478	20260830-113448
masq	50.9	334.7	342.7	107.4	175.3	435.5	508.9	0		479	20260830-113448
v,	35.5	0.0	0.0	122.2	139.1	0.0	0.0	0		480	20260830-113448
sr;b	57.8	130.2	348.5	115.4	158.5	229.1	431.1	0		481	20260830-113448
x.	71.5	0.0	0.0	85.1	174.5	0.0	0.0	0		482	20260830-113448
r/xp	62.2	215.4	302.3	84.5	156.4	334.9	388.1	0		483	20260830-113448
krnq	104.4	201.6	289.1	100.6	189.1	311.9	401.4	0		484	20260830-113448
,s	44.3	0.0	0.0	101.6	137.4	0.0	0.0	0		485	20260830-113448
/x	84.4	0.0	0.0	120.8	191.0	0.0	0.0	0		486	20260830-113448
.x	75.4	0.0	0.0	130.5	171.7	0.0	0.0	0		487	20260830-113448
,pge	87.2	221.8	271.7	128.7	202.6	341.9	380.3	0		488	20260830-113448
/;k,	200.9	403.3	646.9	101.6	310.4	502.4	736.8	0		489	20260830-113448
pb/g	94.9	244.3	392.9	87.0	197.2	365.8	498.9	0		490	20260830-113448
bdff	71.3	287.7	464.8	129.3	156.1	381.6	566.0	0		491	20260830-113448
qke.	65.0	199.1	292.2	97.5	147.7	287.0	402.3	0		492	20260830-113448
ar	65.1	0.0	0.0	138.8	156.0	0.0	0.0	0		493	20260830-113448
d/sv	82.0	214.2	310.7	93.8	194.5	348.9	438.5	0		494	20260830-113448
nepc	107.7	227.8	345.3	111.3	190.6	332.7	455.9	0		495	20260830-113448
mudb	191.3	295.6	559.8	79.6	283.5	376.2	655.3	0		496	20260830-113448
d,	51.9	0.0	0.0	72.4	156.7	0.0	0.0	0		497	20260830-113448
g.ks	51.3	220.3	310.4	104.2	149.2	333.7	413.6	0		498	20260830-113448
hr/x	83.3	204.4	388.0	99.9	177.7	319.6	0.0	0		499	20260830-113448
wz	203.8	0.0	0.0	86.4	327.1	0.0	0.0	0		500	20260830-113448
fgjg	195.2	247.8	417.1	91.6	277.7	357.7	513.0	0		501	20260830-113448
gm	78.8	0.0	0.0	104.4	190.8	0.0	0.0	0		502	20260830-113448
fk	45.8	0.0	0.0	88.8	138.7	0.0	0.0	0		503	20260830-113448
kpp.	205.8	354.0	600.2	100.8	295.1	453.5	747.1	0		504	20260830-113448
f,wa	74.1	243.8	531.3	95.7	199.7	413.0	653.2	0		505	20260830-113448
osmv	86.7	209.6	343.2	93.3	186.0	322.9	448.5	0		506	20260830-113448
vu	56.6	0.0	0.0	109.4	142.4	0.0	0.0	0		507	20260830-113448
mgzl	84.2	260.4	323.4	114.3	168.7	413.0	416.8	0		508	20260830-113448
lrwr	86.4	243.9	357.7	123.6	187.8	423.4	514.8	0		509	20260830-113448
gc	66.4	0.0	0.0	152.7	206.9	0.0	0.0	0		1	20260830-144852
nl	56.3	0.0	0.0	135.9	158.7	0.0	0.0	0		2	20260830-144852
f;vm	21.3	204.1	260.6	72.1	135.9	337.5	369.2	0		3	20260830-144852
og/,	111.8	237.0	469.1	92.4	217.4	379.5	581.2	0		4	20260830-144852
u.hv	52.8	261.1	336.5	123.0	187.5	371.9	457.0	0		5	20260830-144852
l;ah	55.4	177.3	272.7	163.5	191.8	298.3	389.7	0		6	20260830-144852
mgnj	76.9	185.2	365.2	85.2	173.3	282.9	471.9	0		7	20260830-144852
fm	96.4	0.0	0.0	100.3	203.9	0.0	0.0	0		8	20260830-144852
fs	68.1	0.0	0.0	131.1	189.1	0.0	0.0	0		9	20260830-144852
to	71.5	0.0	0.0	79.7	176.8	0.0	0.0	0		10	20260830-144852
u.lc	82.1	308.2	387.2	152.0	158.8	448.4	458.7	0		11	20260830-144852
mu	169.4	0.0	0.0	71.4	266.8	0.0	0.0	0		12	20260830-144852
teaz	114.5	188.8	423.3	118.6	234.2	305.5	548.1	0		13	20260830-144852
s.ft	87.1	167.8	394.3	114.9	192.2	285.5	489.4	0		14	20260830-144852
nnh,	134.6	336.3	463.7	68.1	227.9	539.6	624.5	0		15	20260830-144852
qf,a	66.3	201.9	381.5	147.0	188.8	323.1	507.0	0		16	20260830-144852
eu;j	68.5	123.3	317.5	85.9	184.5	272.4	425.2	0		17	20260830-144852
q.pg	55.8	238.6	312.9	116.2	144.5	359.2	411.4	0		18	20260830-144852
fyug	51.4	202.7	313.6	106.1	134.2	327.0	432.8	0		19	20260830-144852
atzx	24.0	285.3	457.9	151.6	140.5	590.0	584.2	0		20	20260830-144852
e,	71.3	0.0	0.0	75.6	193.5	0.0	0.0	0		21	20260830-144852
ah	85.4	0.0	0.0	132.3	184.8	0.0	0.0	0		22	20260830-144852
tan/	59.4	111.7	322.1	133.9	176.4	327.5	448.1	0		23	20260830-144852
yzow	67.2	140.1	300.3	91.3	182.4	284.2	419.2	0		24	20260830-144852
ek	64.7	0.0	0.0	80.5	149.9	0.0	0.0	0		25	20260830-144852
dbvg	85.8	267.6	513.8	121.4	181.5	408.2	640.8	0		26	20260830-144852
yafp	58.8	161.9	241.1	95.8	171.1	273.1	345.7	0		27	20260830-144852
dlvg	57.2	177.0	425.5	84.8	143.2	303.1	520.7	0		28	20260830-144852
zijf	67.8	156.8	326.0	131.8	147.7	314.3	429.8	0		29	20260830-144852
qgzx	45.4	318.1	460.3	139.6	175.7	510.1	571.3	0		30	20260830-144852
np,p	44.1	301.6	517.0	162.8	155.8	406.5	633.8	0		31	20260830-144852
afvl	60.1	250.2	306.1	123.0	146.9	374.9	414.3	0		32	20260830-144852
ianb	80.2	188.7	290.8	94.6	177.4	286.1	399.1	0		33	20260830-144852
ikzc	173.3	286.1	432.1	84.4	279.8	0.0	0.0	1	ikzx	34	20260830-144852
lw	72.8	0.0	0.0	100.9	176.7	0.0	0.0	0		35	20260830-144852
hkwd	49.3	155.5	235.8	122.1	151.4	340.8	378.0	0		36	20260830-144852
uol,	60.6	259.8	478.5	149.1	145.2	349.9	577.5	0		37	20260830-144852
wp	54.2	0.0	0.0	103.8	137.9	0.0	0.0	0		38	20260830-144852
fi	68.7	0.0	0.0	104.6	172.5	0.0	0.0	0		39	20260830-144852
kcm.	102.0	201.6	311.8	92.9	193.1	316.2	444.8	0		40	20260830-144852
pw	55.2	0.0	0.0	99.8	163.3	0.0	0.0	0		41	20260830-144852
tid,	49.3	195.6	252.0	86.9	134.2	293.6	369.0	0		42	20260830-144852
dmte	76.0	187.3	259.2	80.0	182.6	320.4	332.7	0		43	20260830-144852
y.gr	34.8	131.9	328.6	149.1	186.6	233.6	423.0	0		44	20260830-144852
vsis	87.0	147.5	322.1	111.2	187.2	243.8	0.0	1	vsid	45	20260830-144852
ei	84.2	0.0	0.0	90.0	196.7	0.0	0.0	0		46	20260830-144852
ncrj	63.7	171.7	304.8	75.6	219.9	271.0	416.3	0		47	20260830-144852
qfov	47.9	146.1	287.9	119.0	155.7	242.8	411.8	0		48	20260830-144852
hlxc	61.4	220.9	267.0	139.8	186.4	427.4	349.6	0		49	20260830-144852
in	82.7	0.0	0.0	176.3	226.9	0.0	0.0	0		50	20260830-144852
pih;	51.3	154.4	360.7	110.1	167.2	304.3	492.7	0		51	20260830-144852
yy.q	151.5	335.9	431.9	66.2	236.7	490.9	556.7	0		52	20260830-144852
rx	82.0	0.0	0.0	151.4	210.8	0.0	0.0	0		53	20260830-144852
/d,n	105.5	236.6	451.3	135.3	181.2	346.3	576.1	0		54	20260830-144852
vcyz	51.4	168.6	316.7	140.1	150.5	255.9	434.0	0		55	20260830-144852
tjdr	67.6	218.3	309.6	95.0	179.0	375.4	419.9	0		56	20260830-144852
e;ki	84.6	259.3	488.7	93.6	221.6	381.2	578.9	0		57	20260830-144852
egad	107.2	293.1	420.7	168.5	196.7	464.7	545.9	0		58	20260830-144852
rkot	81.3	144.0	281.3	89.4	172.5	251.1	377.8	0		59	20260830-144852
,qon	96.4	182.2	264.8	92.2	203.6	330.8	377.8	0		60	20260830-144852
n.pn	45.0	285.4	368.3	136.8	150.3	453.1	479.0	0		61	20260830-144852
gmun	64.8	219.7	392.8	99.1	128.1	294.0	480.1	0		62	20260830-144852
/lw,	141.7	286.0	411.2	127.2	258.1	383.4	505.7	0		63	20260830-144852
/ubg	64.0	171.7	357.0	167.1	163.0	255.7	435.1	0		64	20260830-144852
psxy	83.2	259.6	304.8	100.5	161.1	355.8	381.7	0		65	20260830-144852
ux	75.4	0.0	0.0	91.3	161.2	0.0	0.0	0		66	20260830-144852
fdhl	69.1	124.5	209.1	136.6	162.1	233.8	329.2	0		67	20260830-144852
fz;r	29.5	124.2	265.4	106.2	129.0	219.0	345.6	0		68	20260830-144852
nf	89.0	0.0	0.0	99.9	159.6	0.0	0.0	0		69	20260830-144852
ta	78.4	0.0	0.0	167.5	261.8	0.0	0.0	0		70	20260830-144852
j.l.	59.5	264.4	458.6	129.4	157.5	352.7	567.9	0		71	20260830-144852
,cjn	85.1	124.6	381.2	133.8	178.0	243.4	451.9	0		72	20260830-144852
jhoz	169.3	251.8	372.1	83.5	255.6	363.5	497.5	0		73	20260830-144852
j.k,	51.7	202.6	422.6	130.0	206.5	343.5	0.0	1	j.kk	74	20260830-144852
jj	126.8	0.0	0.0	66.0	214.1	0.0	0.0	0		75	20260830-144852
swnl	181.5	223.9	313.9	83.0	270.8	358.1	442.2	0		76	20260830-144852
zr.q	82.9	150.7	293.4	157.9	179.7	271.7	413.5	0		77	20260830-144852
wi,e	39.3	251.4	307.5	93.0	118.2	332.1	383.7	0		78	20260830-144852
u/	35.4	0.0	0.0	100.9	167.3	0.0	0.0	0		79	20260830-144852
r/	34.8	0.0	0.0	78.6	132.5	0.0	0.0	0		80	20260830-144852
,o	61.2	0.0	0.0	157.7	153.2	0.0	0.0	0		81	20260830-144852
;op.	199.9	404.4	714.8	114.7	313.6	535.3	849.2	0		82	20260830-144852
gx	64.1	0.0	0.0	121.7	169.4	0.0	0.0	0		83	20260830-144852
hi	54.3	0.0	0.0	127.0	159.3	0.0	0.0	0		84	20260830-144852
.mh.	75.6	326.7	412.7	165.1	197.4	507.1	553.2	0		85	20260830-144852
lazi	64.2	262.0	322.6	105.4	139.1	384.9	430.2	0		86	20260830-144852
rv	209.7	0.0	0.0	84.2	328.6	0.0	0.0	0		87	20260830-144852
/g	57.3	0.0	0.0	111.0	136.7	0.0	0.0	0		88	20260830-144852
/kuz	135.5	216.1	449.0	167.2	297.9	372.8	564.6	0		89	20260830-144852
bu	64.1	0.0	0.0	91.1	148.8	0.0	0.0	0		90	20260830-144852
.z	76.7	0.0	0.0	122.0	200.2	0.0	0.0	0		91	20260830-144852
liwp	66.0	188.0	299.5	156.6	193.2	280.1	403.8	0		92	20260830-144852
rzf,	89.0	296.4	401.2	147.8	213.8	405.6	517.5	0		93	20260830-144852
gl	57.3	0.0	0.0	89.8	163.4	0.0	0.0	0		94	20260830-144852
,puf	207.0	232.7	341.8	96.1	313.6	0.0	0.0	1	,put	95	20260830-144852
uelr	94.8	176.2	350.2	99.9	164.9	289.6	472.2	0		96	20260830-144852
wtjb	61.1	167.2	369.6	142.3	146.3	283.4	476.7	0		97	20260830-144852
//	170.9	0.0	0.0	79.4	262.8	0.0	0.0	0		98	20260830-144852
ph	42.3	0.0	0.0	148.6	137.4	0.0	0.0	0		99	20260830-144852
dga.	78.3	283.6	385.1	174.1	179.4	408.5	527.1	0		100	20260830-144852
mldr	45.3	160.9	270.0	165.1	155.5	304.9	386.5	0		101	20260830-144852
,jkj	48.3	247.4	0.0	112.7	179.6	0.0	0.0	1	,jj	102	20260830-144852
ss.h	164.4	302.3	393.4	88.5	279.6	460.2	532.8	0		103	20260830-144852
koim	180.5	211.8	369.3	82.2	319.8	359.0	546.7	0		104	20260830-144852
zo/o	70.0	283.9	455.0	135.3	158.2	387.7	552.2	0		105	20260830-144852
gpxm	55.8	241.4	302.7	94.2	158.1	337.1	415.1	0		106	20260830-144852
drxa	44.8	341.2	447.0	113.3	143.4	482.1	598.7	0		107	20260830-144852
es	0.0	0.0	0.0	0.0	0.0	0.0	0.0	1	s	108	20260830-144852
o,w/	188.7	266.0	429.7	89.0	312.1	360.3	555.2	0		109	20260830-144852
/y	91.6	0.0	0.0	167.8	188.5	0.0	0.0	0		110	20260830-144852
dsbu	40.5	265.2	340.4	122.7	147.3	372.0	436.0	0		111	20260830-144852
envq	37.0	232.9	364.1	111.3	166.4	460.3	475.1	0		112	20260830-144852
qj	40.3	0.0	0.0	145.3	153.3	0.0	0.0	0		113	20260830-144852
ne	59.0	0.0	0.0	105.7	147.1	0.0	0.0	0		114	20260830-144852
;o;w	60.0	340.7	464.8	186.1	202.9	460.0	568.3	0		115	20260830-144852
ijrb	78.9	223.7	443.7	146.1	192.8	315.1	550.0	0		116	20260830-144852
el	24.7	0.0	0.0	67.4	128.4	0.0	0.0	0		117	20260830-144852
qpkp	75.5	237.1	395.0	106.8	159.1	334.8	495.5	0		118	20260830-144852
mg	65.1	0.0	0.0	93.5	165.9	0.0	0.0	0		119	20260830-144852
voqo	101.6	203.8	275.8	114.4	172.2	323.3	357.3	0		120	20260830-144852
h;jg	19.7	217.1	321.2	104.1	135.2	329.7	409.4	0		121	20260830-144852
kr	49.4	0.0	0.0	99.1	135.6	0.0	0.0	0		122	20260830-144852
nsp;	87.9	165.3	369.2	92.9	188.9	275.9	471.9	0		123	20260830-144852
tr	166.5	0.0	0.0	73.1	253.7	0.0	0.0	0		124	20260830-144852
bfbl	188.7	378.7	434.2	76.2	260.9	460.0	544.3	0		125	20260830-144852
cl	52.1	0.0	0.0	89.6	148.2	0.0	0.0	0		126	20260830-144852
bjck	68.0	184.5	201.2	72.9	139.9	286.8	323.1	0		127	20260830-144852
psov	92.1	194.1	295.8	102.2	187.7	287.7	424.3	0		128	20260830-144852
unui	199.4	378.6	469.1	88.2	266.0	550.5	614.3	0		129	20260830-144852
lghe	74.5	204.8	278.1	97.5	153.8	300.1	365.9	0		130	20260830-144852
vyq,	92.5	186.5	288.7	110.6	136.9	295.2	379.5	0		131	20260830-144852
k,;x	180.0	351.0	516.1	93.5	280.3	477.4	634.6	0		132	20260830-144852
atx.	51.0	266.4	332.4	149.9	144.3	385.5	444.4	0		133	20260830-144852
t,;b	41.5	169.4	406.1	100.7	159.1	304.8	498.8	0		134	20260830-144852
j,	87.4	0.0	0.0	151.8	213.3	0.0	0.0	0		135	20260830-144852
uq;,	94.9	173.7	384.6	104.5	204.6	284.7	502.9	0		136	20260830-144852
w;	51.7	0.0	0.0	84.2	163.2	0.0	0.0	0		137	20260830-144852
stfx	75.8	276.1	454.8	138.5	179.3	390.7	562.9	0		138	20260830-144852
c,y,	93.3	241.9	369.0	89.0	167.8	396.3	496.5	0		139	20260830-144852
ix	58.7	0.0	0.0	84.4	151.9	0.0	0.0	0		140	20260830-144852
fv	202.3	0.0	0.0	78.1	312.3	0.0	0.0	0		141	20260830-144852
/k	66.8	0.0	0.0	125.3	167.5	0.0	0.0	0		142	20260830-144852
vwny	51.4	135.8	357.2	149.1	173.2	225.0	441.1	0		143	20260830-144852
jtct	55.6	233.4	412.5	100.8	155.8	351.6	593.0	0		144	20260830-144852
qh	50.0	0.0	0.0	111.2	142.1	0.0	0.0	0		145	20260830-144852
j,he	65.9	278.4	306.2	111.5	238.1	370.4	385.1	0		146	20260830-144852
az	205.6	0.0	0.0	101.8	316.5	0.0	0.0	0		147	20260830-144852
v.	56.9	0.0	0.0	105.6	151.2	0.0	0.0	0		148	20260830-144852
he	41.0	0.0	0.0	78.8	119.3	0.0	0.0	0		149	20260830-144852
fv	196.5	0.0	0.0	76.5	290.0	0.0	0.0	0		150	20260830-144852
vmwb	0.0	0.0	0.0	0.0	0.0	0.0	0.0	1	w	151	20260830-144852
sf,;	85.6	142.9	253.9	152.3	180.3	278.9	371.1	0		152	20260830-144852
/uxx	78.8	217.5	369.3	152.9	174.1	277.9	454.7	0		153	20260830-144852
x;zz	68.2	231.1	420.7	88.0	153.4	340.9	522.3	0		154	20260830-144852
wpnp	56.7	209.0	318.4	104.7	153.9	342.0	454.7	0		155	20260830-144852
mvdr	68.9	234.7	375.0	108.8	189.0	379.3	486.6	0		156	20260830-144852
h/	53.5	0.0	0.0	126.2	195.4	0.0	0.0	0		157	20260830-144852
hw/c	82.6	174.4	364.5	101.5	167.1	297.6	434.9	0		158	20260830-144852
hpui	190.3	434.3	0.0	94.1	294.1	0.0	0.0	1	hpi	159	20260830-144852
o/xv	195.4	411.1	546.0	82.2	316.6	536.3	667.2	0		160	20260830-144852
agta	88.1	293.1	354.7	129.5	179.8	440.4	512.9	0		161	20260830-144852
ykyb	61.4	209.0	305.3	130.1	151.5	314.6	399.7	0		162	20260830-144852
nq	68.9	0.0	0.0	99.3	178.5	0.0	0.0	0		163	20260830-144852
deo,	164.1	213.8	435.6	69.9	241.9	316.6	559.2	0		164	20260830-144852
.jgx	54.6	185.6	251.6	128.4	160.0	306.8	362.7	0		165	20260830-144852
mza;	84.6	284.6	326.3	107.0	180.3	389.0	427.4	0		166	20260830-144852
au/b	35.3	135.7	321.3	117.4	166.7	229.9	426.2	0		167	20260830-144852
ed	184.9	0.0	0.0	73.0	282.1	0.0	0.0	0		168	20260830-144852
a/	44.8	0.0	0.0	90.7	150.5	0.0	0.0	0		169	20260830-144852
a;ze	52.7	221.8	354.4	91.2	124.5	394.9	458.6	0		170	20260830-144852
pqwj	65.7	222.0	290.9	89.0	156.8	343.5	400.6	0		171	20260830-144852
y;on	40.6	238.8	384.9	117.3	131.1	303.0	0.0	1	y;oh	172	20260830-144852
lsqz	67.1	224.4	450.8	90.9	162.8	332.7	573.4	0		173	20260830-144852
vdsq	30.1	215.2	417.3	126.6	121.6	321.1	0.0	1	vdsw	174	20260830-144852
cgfi	77.3	281.5	351.3	132.5	173.5	396.2	487.0	0		175	20260830-144852
,o/p	0.0	0.0	0.0	0.0	0.0	0.0	0.0	1	o	176	20260830-144852
l/	178.5	0.0	0.0	93.3	292.9	0.0	0.0	0		177	20260830-144852
i.fs	205.3	346.4	477.3	93.6	310.6	502.8	611.7	0		178	20260830-144852
/cdl	95.1	278.1	381.6	110.6	172.4	371.8	478.5	0		179	20260830-144852
lwd/	134.1	304.8	547.2	128.4	239.1	428.6	665.0	0		180	20260830-144852
.ka,	184.2	241.7	441.5	123.6	276.6	367.6	541.2	0		181	20260830-144852
njp.	179.8	349.5	613.9	82.1	276.7	470.9	0.0	1	njp,	182	20260830-144852
.wvr	122.0	230.1	463.8	158.3	292.7	338.1	568.2	0		183	20260830-144852
jafp	69.3	191.8	279.5	99.1	187.8	303.3	387.6	0		184	20260830-144852
t.	52.7	0.0	0.0	98.2	156.8	0.0	0.0	0		185	20260830-144852
ip	58.0	0.0	0.0	139.1	187.2	0.0	0.0	0		186	20260830-144852
hz	68.8	0.0	0.0	87.6	180.3	0.0	0.0	0		187	20260830-144852
lkdi	60.0	184.6	246.6	112.6	165.0	270.3	350.8	0		188	20260830-144852
vn	57.7	0.0	0.0	126.6	157.4	0.0	0.0	0		189	20260830-144852
/h	64.0	0.0	0.0	146.9	154.7	0.0	0.0	0		190	20260830-144852
.;	200.4	0.0	0.0	126.6	310.4	0.0	0.0	0		191	20260830-144852
ea;,	53.0	151.7	406.4	118.4	180.0	288.4	508.5	0		192	20260830-144852
.asg	99.3	205.0	460.6	132.6	287.1	349.7	570.1	0		193	20260830-144852
jq	54.6	0.0	0.0	88.1	165.9	0.0	0.0	0		194	20260830-144852
y,kg	49.5	244.1	362.9	150.0	137.2	342.7	453.6	0		195	20260830-144852
jckf	109.5	176.2	301.5	88.5	194.0	275.1	416.8	0		196	20260830-144852
nj	149.0	0.0	0.0	67.7	245.9	0.0	0.0	0		197	20260830-144852
,z	80.6	0.0	0.0	109.2	189.2	0.0	0.0	0		198	20260830-144852
ychr	68.6	195.1	305.9	75.6	144.1	293.2	401.7	0		199	20260830-144852
xbjm	74.2	147.5	340.4	112.6	179.2	218.8	433.7	0		200	20260830-144852
ohwe	65.1	172.1	245.1	163.2	167.4	336.2	386.4	0		201	20260830-144852
uz	85.5	0.0	0.0	81.5	188.2	0.0	0.0	0		202	20260830-144852
dj	44.3	0.0	0.0	78.2	136.2	0.0	0.0	0		203	20260830-144852
hvgu	69.8	259.1	318.6	94.6	161.0	362.8	410.7	0		204	20260830-144852
f,jc	83.7	145.4	292.5	91.8	172.6	296.6	377.9	0		205	20260830-144852
f;ep	23.7	153.6	254.2	86.2	120.7	250.0	358.0	0		206	20260830-144852
imda	71.2	229.1	347.1	144.3	185.3	353.5	486.9	0		207	20260830-144852
on	41.8	0.0	0.0	149.7	165.5	0.0	0.0	0		208	20260830-144852
xasw	90.5	311.6	503.0	139.5	219.5	409.1	611.0	0		209	20260830-144852
t;	56.9	0.0	0.0	88.9	142.4	0.0	0.0	0		210	20260830-144852
lq	65.8	0.0	0.0	82.1	154.2	0.0	0.0	0		211	20260830-144852
kmu,	77.7	260.9	460.8	125.1	157.8	366.5	573.3	0		212	20260830-144852
iy	80.5	0.0	0.0	134.4	182.5	0.0	0.0	0		213	20260830-144852
q/t;	54.0	173.6	321.0	108.6	164.2	290.0	454.0	0		214	20260830-144852
uypu	163.2	317.0	376.7	90.6	242.4	438.0	501.6	0		215	20260830-144852
s,dx	87.9	161.0	402.6	96.7	196.0	270.3	510.3	0		216	20260830-144852
qe	142.3	0.0	0.0	157.7	244.8	0.0	0.0	0		217	20260830-144852
yjj/	174.4	0.0	0.0	68.5	0.0	0.0	0.0	1	yu	218	20260830-144852
lc	74.1	0.0	0.0	100.0	165.1	0.0	0.0	0		219	20260830-144852
qzpz	272.7	457.4	552.0	125.4	375.8	526.3	657.3	0		220	20260830-144852
f.	75.3	0.0	0.0	84.9	185.2	0.0	0.0	0		221	20260830-144852
drgv	60.9	295.6	530.8	131.8	160.6	409.8	662.1	0		222	20260830-144852
oiqe	34.0	147.4	314.9	119.8	162.6	335.4	440.1	0		223	20260830-144852
np	72.6	0.0	0.0	102.9	190.9	0.0	0.0	0		224	20260830-144852
vsy/	67.3	187.6	343.6	168.7	157.2	315.4	458.7	0		225	20260830-144852
mp	67.4	0.0	0.0	128.8	156.4	0.0	0.0	0		226	20260830-144852
pam;	99.2	143.2	371.3	103.8	193.8	259.0	512.1	0		227	20260830-144852
ml	41.5	0.0	0.0	110.2	119.2	0.0	0.0	0		228	20260830-144852
,.	37.8	0.0	0.0	140.7	136.5	0.0	0.0	0		229	20260830-144852
bxns	62.1	170.5	287.1	108.6	148.7	253.1	371.6	0		230	20260830-144852
o;ug	56.2	214.5	349.5	162.7	180.2	335.1	438.5	0		231	20260830-144852
wgzk	68.6	276.7	0.0	119.8	160.1	0.0	0.0	1	wgx	232	20260830-144852
/uk/	216.1	329.7	0.0	126.5	0.0	0.0	0.0	1	/ul	233	20260830-144852
rvsa	219.2	363.4	476.9	86.6	317.9	539.7	610.0	0		234	20260830-144852
arky	47.3	85.8	185.4	119.1	158.2	209.5	285.0	0		235	20260830-144852
ml	85.5	0.0	0.0	135.0	153.2	0.0	0.0	0		236	20260830-144852
mx	70.0	0.0	0.0	82.9	187.2	0.0	0.0	0		237	20260830-144852
,v	26.3	0.0	0.0	85.9	147.2	0.0	0.0	0		238	20260830-144852
lwao	63.9	230.6	258.1	98.5	128.9	332.2	346.8	0		239	20260830-144852
;mba	31.9	198.0	244.6	121.0	135.1	327.6	389.9	0		240	20260830-144852
u/it	44.2	224.8	283.6	134.1	176.5	322.8	371.8	0		241	20260830-144852
bzxo	36.8	246.8	296.1	89.6	150.8	335.5	385.0	0		242	20260830-144852
knbl	65.9	0.0	0.0	0.0	0.0	0.0	0.0	1	kb	243	20260830-144852
oan/	80.6	166.8	330.4	84.1	188.7	246.6	440.7	0		244	20260830-144852
jeod	76.9	144.5	288.8	97.6	158.7	251.5	377.4	0		245	20260830-144852
vk	52.1	0.0	0.0	95.7	128.1	0.0	0.0	0		246	20260830-144852
i;	75.2	0.0	0.0	121.4	213.7	0.0	0.0	0		247	20260830-144852
kb;e	68.4	187.6	270.4	72.5	157.3	282.8	342.6	0		248	20260830-144852
z,sq	90.2	279.3	399.7	121.1	196.7	488.1	551.6	0		249	20260830-144852
ankl	89.8	165.0	315.2	124.3	169.3	402.8	471.2	0		250	20260830-144852
u.ih	35.4	280.3	331.4	137.5	176.2	390.9	440.7	0		251	20260830-144852
,tbg	66.9	264.1	450.1	117.8	140.9	351.6	539.3	0		252	20260830-144852
dnto	66.0	210.8	339.3	71.2	136.5	307.3	421.3	0		253	20260830-144852
ljej	57.2	152.8	235.3	123.7	156.9	230.9	337.1	0		254	20260830-144852
ol	180.2	0.0	0.0	85.0	249.7	0.0	0.0	0		255	20260830-144852
/.db	186.9	278.0	450.6	101.4	305.1	359.2	553.5	0		256	20260830-144852
ag;w	28.4	118.7	246.0	122.4	127.6	206.6	333.9	0		257	20260830-144852
yp	26.2	0.0	0.0	78.4	142.7	0.0	0.0	0		258	20260830-144852
pc.c	142.6	234.4	363.2	99.9	224.1	345.5	441.8	0		259	20260830-144852
lbbu	137.8	278.9	375.0	89.6	199.1	368.9	466.8	0		260	20260830-144852
,zqb	89.5	280.8	491.0	135.1	165.7	367.0	589.1	0		261	20260830-144852
oqgq	82.2	206.0	307.1	86.1	174.2	370.9	436.7	0		262	20260830-144852
vu	70.1	0.0	0.0	107.4	147.5	0.0	0.0	0		263	20260830-144852
uaq/	76.8	248.5	253.0	94.3	151.4	347.5	361.0	0		264	20260830-144852
xj	37.2	0.0	0.0	85.9	118.6	0.0	0.0	0		265	20260830-144852
,nxp	178.1	0.0	0.0	0.0	0.0	0.0	0.0	1	,a	266	20260830-144852
ysh;	94.7	213.4	352.1	90.9	198.6	311.3	473.1	0		267	20260830-144852
wwzv	135.9	431.6	459.4	78.3	245.6	557.8	603.4	0		268	20260830-144852
tl	32.0	0.0	0.0	78.5	118.6	0.0	0.0	0		269	20260830-144852
woj.	46.5	152.5	348.2	98.6	124.5	290.3	460.7	0		270	20260830-144852
;dvj	97.6	272.2	327.2	106.5	173.9	379.4	431.8	0		271	20260830-144852
g.vk	65.9	221.2	284.7	88.3	150.6	337.7	372.5	0		272	20260830-144852
pmxu	57.6	220.9	253.0	130.1	138.6	324.9	346.1	0		273	20260830-144852
gtni	169.4	210.7	291.4	81.2	257.2	350.4	391.7	0		274	20260830-144852
yd	82.0	0.0	0.0	91.3	164.3	0.0	0.0	0		275	20260830-144852
xlyk	55.0	174.0	312.9	96.1	132.0	363.0	436.4	0		276	20260830-144852
h;ph	29.7	245.5	262.4	100.7	132.9	372.5	392.7	0		277	20260830-144852
oiyu	35.6	174.7	324.0	116.6	140.5	269.6	442.7	0		278	20260830-144852
;f	63.9	0.0	0.0	107.2	147.2	0.0	0.0	0		279	20260830-144852
.i	54.8	0.0	0.0	135.3	179.5	0.0	0.0	0		280	20260830-144852
mtxg	0.0	0.0	0.0	0.0	0.0	0.0	0.0	1	t	281	20260830-144852
/s,w	92.0	209.9	306.4	120.4	174.4	312.6	407.7	0		282	20260830-144852
zuy.	74.3	218.2	371.4	144.3	148.8	333.4	529.9	0		283	20260830-144852
.u	62.5	0.0	0.0	145.2	166.8	0.0	0.0	0		284	20260830-144852
hyxe	155.6	257.2	415.3	81.4	244.3	453.9	525.0	0		285	20260830-144852
mq;p	57.6	137.3	350.5	84.0	156.4	250.3	429.6	0		286	20260830-144852
dbc,	57.9	249.2	305.5	92.7	123.6	373.9	400.6	0		287	20260830-144852
;o	89.0	0.0	0.0	159.9	179.0	0.0	0.0	0		288	20260830-144852
lr.z	68.6	208.3	310.4	89.6	141.6	317.8	441.0	0		289	20260830-144852
kx.;	90.6	167.0	389.1	86.5	192.2	290.7	505.5	0		290	20260830-144852
atdq	78.3	258.7	386.1	137.7	185.7	446.9	517.0	0		291	20260830-144852
djxc	53.4	221.0	294.4	77.0	146.8	413.2	383.1	0		292	20260830-144852
pa	56.9	0.0	0.0	92.1	166.5	0.0	0.0	0		293	20260830-144852
s/	51.9	0.0	0.0	102.6	158.1	0.0	0.0	0		294	20260830-144852
c.gv	62.7	205.6	411.0	99.4	195.9	304.8	544.7	0		295	20260830-144852
ua	61.2	0.0	0.0	101.8	173.7	0.0	0.0	0		296	20260830-144852
og.s	78.0	228.9	282.0	81.7	159.9	335.9	401.2	0		297	20260830-144852
gyfk	29.8	204.1	240.2	91.1	102.4	310.6	326.5	0		298	20260830-144852
xxof	176.9	282.7	408.9	70.8	243.2	362.0	520.9	0		299	20260830-144852
sw	156.0	0.0	0.0	78.3	258.1	0.0	0.0	0		300	20260830-144852
e/el	79.1	202.6	314.7	75.5	172.6	295.4	415.0	0		301	20260830-144852
rv	185.5	0.0	0.0	82.5	299.2	0.0	0.0	0		302	20260830-144852
qdbf	112.2	360.1	567.0	142.3	231.0	464.1	671.5	0		303	20260830-144852
;h	53.4	0.0	0.0	117.2	163.4	0.0	0.0	0		304	20260830-144852
er	90.8	0.0	0.0	134.0	203.8	0.0	0.0	0		305	20260830-144852
gody	72.3	205.5	250.7	92.4	138.4	279.6	342.9	0		306	20260830-144852
ybwm	46.2	162.2	246.5	72.7	133.4	283.5	355.1	0		307	20260830-144852
;xgs	45.7	217.6	349.0	99.6	148.6	370.5	486.8	0		308	20260830-144852
lmlb	70.5	240.7	321.6	110.8	145.0	316.4	429.3	0		309	20260830-144852
fm,q	145.3	0.0	0.0	107.2	0.0	0.0	0.0	1	f,	310	20260830-144852
.bgy	84.9	260.7	346.0	115.2	166.9	352.0	425.2	0		311	20260830-144852
ojus	68.3	225.4	399.5	103.8	153.7	321.8	492.5	0		312	20260830-144852
ddce	147.3	348.4	541.8	58.9	226.8	424.6	606.8	0		313	20260830-144852
oqed	70.4	193.3	354.6	83.3	187.5	263.6	463.4	0		314	20260830-144852
yy	132.8	0.0	0.0	65.2	211.9	0.0	0.0	0		315	20260830-144852
rl	49.2	0.0	0.0	87.2	150.2	0.0	0.0	0		316	20260830-144852
zmau	144.2	229.6	333.3	97.7	225.7	337.1	424.0	0		317	20260830-144852
j/ig	37.9	213.2	316.1	133.8	174.7	327.4	401.9	0		318	20260830-144852
ey	42.9	0.0	0.0	98.0	135.3	0.0	0.0	0		319	20260830-144852
xmkx	53.1	163.7	239.5	89.4	126.5	266.7	337.5	0		320	20260830-144852
mns,	144.7	210.2	337.9	76.9	230.0	310.4	445.0	0		321	20260830-144852
gc	93.3	0.0	0.0	137.4	193.0	0.0	0.0	0		322	20260830-144852
iqha	63.8	172.5	286.2	93.1	152.4	276.3	411.4	0		323	20260830-144852
ughs	82.7	218.0	257.4	90.8	161.7	308.7	355.7	0		324	20260830-144852
lawn	48.8	223.1	264.3	95.2	135.0	314.7	379.5	0		325	20260830-144852
y/t,	30.8	166.1	268.3	100.4	132.4	258.3	378.8	0		326	20260830-144852
/fuu	71.2	201.7	315.4	114.6	171.8	269.9	426.3	0		327	20260830-144852
.o/b	189.8	389.5	523.8	85.2	260.9	505.9	616.6	0		328	20260830-144852
mpbl	69.2	224.1	307.5	154.9	149.5	328.6	424.9	0		329	20260830-144852
yg	64.8	0.0	0.0	93.4	149.7	0.0	0.0	0		330	20260830-144852
lp.y	115.2	443.4	594.5	144.2	175.4	0.0	0.0	1	lp.u	331	20260830-144852
ufsv	82.1	194.9	525.2	108.9	157.9	317.9	626.4	0		332	20260830-144852
dz	71.3	0.0	0.0	116.0	231.0	0.0	0.0	0		333	20260830-144852
oajn	55.9	157.9	347.4	94.5	169.6	241.9	448.5	0		334	20260830-144852
nkw;	46.4	160.7	265.7	113.5	166.2	254.5	378.0	0		335	20260830-144852
wjdg	52.3	197.6	377.8	79.3	136.7	348.7	487.7	0		336	20260830-144852
vi	59.2	0.0	0.0	111.1	159.5	0.0	0.0	0		337	20260830-144852
horb	61.2	163.9	378.8	94.8	154.6	236.5	475.2	0		338	20260830-144852
ze	145.3	0.0	0.0	110.2	244.6	0.0	0.0	0		339	20260830-144852
krkp	50.1	164.6	279.3	77.1	140.0	291.0	411.4	0		340	20260830-144852
qe	77.8	0.0	0.0	158.3	192.5	0.0	0.0	0		341	20260830-144852
zpy.	71.3	145.0	362.9	130.3	190.5	230.7	479.2	0		342	20260830-144852
emaz	92.7	199.4	468.5	70.9	187.7	333.3	590.1	0		343	20260830-144852
xb	109.6	0.0	0.0	100.7	194.7	0.0	0.0	0		344	20260830-144852
ypio	37.9	198.9	288.5	122.3	183.6	407.5	383.0	0		345	20260830-144852
,w	67.6	0.0	0.0	127.4	160.9	0.0	0.0	0		346	20260830-144852
d,	35.9	0.0	0.0	70.1	152.2	0.0	0.0	0		347	20260830-144852
p,in	185.0	385.4	478.1	93.5	276.0	528.9	581.0	0		348	20260830-144852
lx	69.6	0.0	0.0	94.5	178.1	0.0	0.0	0		349	20260830-144852
w.	45.3	0.0	0.0	86.1	143.2	0.0	0.0	0		350	20260830-144852
.cpa	124.5	185.3	0.0	115.9	0.0	0.0	0.0	1	.ca	351	20260830-144852
i;	68.7	0.0	0.0	140.5	193.1	0.0	0.0	0		352	20260830-144852
cm	35.9	0.0	0.0	77.7	138.8	0.0	0.0	0		353	20260830-144852
cgax	72.4	240.4	486.7	116.8	172.5	360.7	0.0	1	cgaz	354	20260830-144852
xlpf	70.8	232.2	436.9	103.0	140.0	340.0	567.7	0		355	20260830-144852
nth.	114.1	191.0	356.8	90.6	202.1	296.9	507.2	0		356	20260830-144852
/rlk	90.7	228.3	0.0	115.6	175.1	0.0	0.0	1	/rk	357	20260830-144852
pmqh	71.6	209.7	286.7	126.3	174.4	310.5	391.1	0		358	20260830-144852
ih/z	41.3	243.3	334.3	130.9	135.1	367.9	458.6	0		359	20260830-144852
.y	95.4	0.0	0.0	184.6	180.2	0.0	0.0	0		360	20260830-144852
.svf	49.6	136.3	344.2	131.8	181.8	250.1	455.6	0		361	20260830-144852
g.jq	67.3	199.3	290.4	103.0	164.1	335.5	385.1	0		362	20260830-144852
fk	47.2	0.0	0.0	92.8	150.7	0.0	0.0	0		363	20260830-144852
pzyf	105.4	169.4	295.9	97.0	210.8	259.3	410.7	0		364	20260830-144852
eirq	45.8	169.6	383.0	90.4	147.2	275.9	509.2	0		365	20260830-144852
jzlx	93.1	172.0	312.3	97.3	203.1	283.5	406.2	0		366	20260830-144852
j;	34.0	0.0	0.0	90.5	157.6	0.0	0.0	0		367	20260830-144852
t/hv	36.7	184.4	264.2	92.4	188.4	273.8	401.3	0		368	20260830-144852
n/.i	42.1	188.2	450.6	112.0	153.7	322.1	526.6	0		369	20260830-144852
xk	33.2	0.0	0.0	108.6	129.2	0.0	0.0	0		370	20260830-144852
ucqg	100.0	209.0	342.2	107.1	176.0	337.0	466.3	0		371	20260830-144852
jvro	51.1	245.5	287.5	99.7	149.6	349.0	408.1	0		372	20260830-144852
tt	152.8	0.0	0.0	83.8	256.7	0.0	0.0	0		373	20260830-144852
niy,	49.7	266.1	351.3	149.6	188.0	0.0	0.0	1	niyk	374	20260830-144852
.;f,	191.4	284.1	429.2	113.8	315.9	394.9	540.0	0		375	20260830-144852
;i	72.2	0.0	0.0	122.3	187.3	0.0	0.0	0		376	20260830-144852
hgh,	76.2	162.7	337.6	85.5	167.0	280.3	464.1	0		377	20260830-144852
qiac	43.4	209.1	421.3	75.3	138.5	321.7	508.2	0		378	20260830-144852
lbwo	73.4	187.5	252.9	93.1	145.9	306.2	343.5	0		379	20260830-144852
orcz	51.5	325.8	499.9	91.3	134.3	487.0	640.4	0		380	20260830-144852
yg//	83.7	182.1	361.8	78.9	164.7	283.8	443.2	0		381	20260830-144852
co	90.5	0.0	0.0	94.7	184.7	0.0	0.0	0		382	20260830-144852
ds	43.5	0.0	0.0	103.7	199.0	0.0	0.0	0		383	20260830-144852
ylq;	42.0	162.0	248.4	106.3	157.0	267.1	378.6	0		384	20260830-144852
x;v,	58.0	190.9	268.5	92.0	160.1	0.0	0.0	1	x;v;	385	20260830-144852
lf	34.9	0.0	0.0	88.6	120.6	0.0	0.0	0		386	20260830-144852
ugg.	122.2	275.9	301.4	91.2	201.0	361.0	456.5	0		387	20260830-144852
w,h;	84.4	165.2	331.9	109.5	170.7	257.0	444.2	0		388	20260830-144852
obnu	83.2	211.3	391.4	107.2	173.5	282.2	492.2	0		389	20260830-144852
xx	153.0	0.0	0.0	77.5	250.2	0.0	0.0	0		390	20260830-144852
i/sf	43.7	176.6	268.5	110.0	160.4	316.2	386.7	0		391	20260830-144852
cjrn	53.7	182.7	273.8	72.8	140.6	278.2	382.6	0		392	20260830-144852
tx;m	31.6	141.1	250.6	136.2	129.6	302.8	452.2	0		393	20260830-144852
ndka	54.2	173.6	267.9	71.7	132.3	263.1	378.7	0		394	20260830-144852
y;	37.3	0.0	0.0	96.7	153.6	0.0	0.0	0		395	20260830-144852
hu;q	163.4	294.7	466.6	83.0	254.8	419.5	595.4	0		396	20260830-144852
qpeg	51.8	222.2	337.6	107.2	141.7	372.4	454.4	0		397	20260830-144852
j,nu	205.5	498.0	0.0	87.1	339.6	0.0	0.0	1	j,m	398	20260830-144852
fs	68.3	0.0	0.0	126.7	213.1	0.0	0.0	0		399	20260830-144852
eagu	44.4	195.5	259.6	102.0	157.0	309.7	355.0	0		400	20260830-144852
/uws	72.5	201.5	404.3	162.2	157.9	283.0	513.0	0		401	20260830-144852
v.hf	88.4	223.4	322.1	122.1	188.9	342.3	418.5	0		402	20260830-144852
uzui	0.0	0.0	0.0	0.0	0.0	0.0	0.0	1	z	403	20260830-144852
xs	189.7	0.0	0.0	95.3	297.5	0.0	0.0	0		404	20260830-144852
iy,,	53.1	298.6	472.8	141.3	161.6	391.6	580.5	0		405	20260830-144852
d.yp	65.4	202.6	345.5	93.3	171.4	396.0	483.1	0		406	20260830-144852
eepd	155.0	236.5	425.0	69.9	243.8	355.0	509.4	0		407	20260830-144852
ler;	43.2	128.4	244.6	94.2	222.5	250.2	434.3	0		408	20260830-144852
tjuv	39.7	203.0	342.2	91.2	117.6	311.6	453.5	0		409	20260830-144852
fxbb	48.9	274.3	462.2	108.7	152.9	363.0	556.5	0		410	20260830-144852
fbho	178.5	246.5	388.7	71.5	297.7	373.8	500.4	0		411	20260830-144852
onbf	73.6	194.5	369.8	156.6	189.7	292.9	475.0	0		412	20260830-144852
rrfw	139.7	360.3	422.6	66.0	232.4	503.0	593.9	0		413	20260830-144852
hjzl	168.9	317.3	423.7	86.2	264.6	444.2	536.0	0		414	20260830-144852
lnxp	69.5	230.6	323.7	150.3	177.9	346.2	442.2	0		415	20260830-144852
.x	60.7	0.0	0.0	115.9	177.9	0.0	0.0	0		416	20260830-144852
a/cg	41.1	207.2	377.4	89.4	166.1	357.3	485.2	0		417	20260830-144852
rtfr	183.9	389.7	584.5	81.4	263.2	488.8	685.5	0		418	20260830-144852
wj	14.3	0.0	0.0	97.2	109.9	0.0	0.0	0		419	20260830-144852
v,xp	78.3	180.3	276.2	97.6	173.2	285.0	387.4	0		420	20260830-144852
.k/n	67.7	284.1	464.1	149.9	181.8	459.4	566.7	0		421	20260830-144852
krhq	60.3	175.9	306.8	96.5	166.1	298.7	405.8	0		422	20260830-144852
g,	50.3	0.0	0.0	90.3	150.4	0.0	0.0	0		423	20260830-144852
bk	54.8	0.0	0.0	94.5	145.5	0.0	0.0	0		424	20260830-144852
/cvc	154.6	231.3	449.4	122.8	270.0	379.2	560.2	0		425	20260830-144852
hf	180.4	0.0	0.0	94.9	0.0	0.0	0.0	1	hd	426	20260830-144852
maj;	101.9	184.2	284.5	107.8	212.5	334.3	406.8	0		427	20260830-144852
ib	60.4	0.0	0.0	86.5	155.2	0.0	0.0	0		428	20260830-144852
y/,k	30.8	259.0	458.4	105.4	158.1	355.0	548.2	0		429	20260830-144852
ftib	194.0	268.6	443.7	73.1	263.5	354.0	522.0	0		430	20260830-144852
mmvr	127.6	217.7	425.5	54.1	221.8	311.7	523.0	0		431	20260830-144852
nrxk	62.4	262.8	335.4	90.0	142.2	387.2	418.8	0		432	20260830-144852
qhmw	24.5	233.4	315.6	121.0	103.3	351.4	416.7	0		433	20260830-144852
ioyj	78.4	228.1	465.7	171.0	190.1	337.9	577.3	0		434	20260830-144852
rcgi	91.4	320.5	371.5	140.4	207.8	404.2	472.4	0		435	20260830-144852
uc	69.4	0.0	0.0	84.0	163.2	0.0	0.0	0		436	20260830-144852
i.mt	29.0	223.6	365.9	147.1	134.2	370.6	459.6	0		437	20260830-144852
ivjr	73.8	177.9	301.1	85.0	166.1	287.8	401.6	0		438	20260830-144852
lpvh	55.6	230.1	337.0	175.2	185.6	367.6	439.8	0		439	20260830-144852
l,	34.2	0.0	0.0	121.0	164.6	0.0	0.0	0		440	20260830-144852
kzh;	57.8	197.0	256.4	99.0	190.9	307.4	387.6	0		441	20260830-144852
ommt	205.8	324.6	479.8	98.9	243.7	428.8	584.2	0		442	20260830-144852
hpae	61.4	167.7	245.1	123.7	205.7	319.4	351.5	0		443	20260830-144852
qc/j	156.1	235.4	420.8	113.8	273.6	373.5	533.3	0		444	20260830-144852
nyfr	178.8	295.9	501.3	86.2	271.6	387.8	586.7	0		445	20260830-144852
hp,k	46.0	276.4	464.1	125.3	154.3	363.9	548.6	0		446	20260830-144852
zalc	226.3	297.5	412.7	109.2	301.8	380.6	510.0	0		447	20260830-144852
gx,g	73.7	169.6	269.8	136.0	163.7	275.1	366.3	0		448	20260830-144852
lxvw	48.6	208.7	410.7	104.8	145.1	367.0	520.8	0		449	20260830-144852
bqyq	56.6	198.5	345.4	131.2	176.3	288.4	454.0	0		450	20260830-144852
;yiy	51.2	202.5	305.4	127.0	154.0	362.7	402.5	0		451	20260830-144852
zmsj	78.9	213.9	272.7	118.9	169.4	330.8	382.7	0		452	20260830-144852
xw	191.8	0.0	0.0	79.9	287.1	0.0	0.0	0		453	20260830-144852
pk;k	38.2	245.4	408.2	71.6	169.9	402.8	0.0	0		454	20260830-144852
fb	190.5	0.0	0.0	77.4	275.4	0.0	0.0	0		455	20260830-144852
sd	79.9	0.0	0.0	158.2	228.2	0.0	0.0	0		456	20260830-144852
,yxz	160.6	269.9	0.0	141.1	264.1	0.0	0.0	1	,yz	457	20260830-144852
gu	46.2	0.0	0.0	108.0	151.3	0.0	0.0	0		458	20260830-144852
ud,a	76.0	219.7	285.8	83.5	143.1	329.5	392.7	0		459	20260830-144852
mznc	67.0	198.0	301.1	86.8	187.9	0.0	0.0	1	mznx	460	20260830-144852
g;	29.9	0.0	0.0	108.2	126.4	0.0	0.0	0		461	20260830-144852
zhf,	80.9	184.9	256.6	125.0	151.0	292.7	376.4	0		462	20260830-144852
xv	0.0	0.0	0.0	0.0	0.0	0.0	0.0	1	z	463	20260830-144852
csqd	9.6	241.3	385.0	108.7	116.2	433.8	506.0	0		464	20260830-144852
gumi	61.3	256.0	324.1	117.7	148.7	410.1	462.3	0		465	20260830-144852
wxzo	243.5	465.9	540.3	92.0	337.9	582.0	644.6	0		466	20260830-144852
nv	56.9	0.0	0.0	91.6	169.8	0.0	0.0	0		467	20260830-144852
uril	63.4	165.1	232.9	91.9	152.4	307.8	358.4	0		468	20260830-144852
.idq	53.1	162.9	324.9	141.9	167.3	259.9	473.4	0		469	20260830-144852
mpr.	53.6	205.4	325.7	128.9	162.3	295.6	458.5	0		470	20260830-144852
xfmj	64.0	154.3	389.1	136.8	163.3	286.0	0.0	1	xfmu	471	20260830-144852
kwo,	104.8	444.4	676.2	95.8	207.4	536.2	0.0	1	kwo.	472	20260830-144852
iv	59.5	0.0	0.0	95.7	179.1	0.0	0.0	0		473	20260830-144852
;o	212.7	0.0	0.0	248.1	320.7	0.0	0.0	0		474	20260830-144852
u/zn	42.7	167.5	275.7	124.3	172.9	292.5	375.7	0		475	20260830-144852
pn	55.9	0.0	0.0	154.9	179.6	0.0	0.0	0		476	20260830-144852
nr	69.5	0.0	0.0	109.8	162.4	0.0	0.0	0		477	20260830-144852
nsb;	76.8	257.5	314.3	105.4	179.3	368.0	419.5	0		478	20260830-144852
m,;e	9.5	208.0	315.3	136.9	167.0	365.4	401.9	0		479	20260830-144852
mauk	95.6	185.5	294.6	85.7	214.7	365.1	446.4	0		480	20260830-144852
xf	99.1	0.0	0.0	167.4	207.3	0.0	0.0	0		481	20260830-144852
dxjl	57.2	126.0	224.0	132.4	179.5	281.9	343.6	0		482	20260830-144852
,l	32.5	0.0	0.0	131.3	222.7	0.0	0.0	0		483	20260830-144852
zxsb	45.8	294.3	384.9	168.6	148.1	440.4	526.2	0		484	20260830-144852
q;hw	35.6	142.6	211.0	87.0	151.8	255.6	308.7	0		485	20260830-144852
jfxd	43.1	226.8	341.0	104.2	139.8	438.4	462.1	0		486	20260830-144852
oips	0.0	0.0	0.0	0.0	0.0	0.0	0.0	1	i	487	20260830-144852
vl,j	44.4	239.2	418.8	115.3	172.3	337.3	592.8	0		488	20260830-144852
eefw	158.1	328.8	475.5	75.5	279.8	508.7	584.9	0		489	20260830-144852
m/dc	34.1	166.3	372.4	152.9	183.2	252.8	477.2	0		490	20260830-144852
t,la	48.4	185.6	280.3	82.8	135.1	313.4	375.6	0		491	20260830-144852
ccfx	162.6	336.4	459.5	75.3	269.0	487.6	571.2	0		492	20260830-144852
mz	94.7	0.0	0.0	99.4	202.8	0.0	0.0	0		493	20260830-144852
ttun	195.3	302.6	819.8	86.7	290.1	400.9	908.6	0		494	20260830-144852
rg;/	204.9	255.0	473.0	82.6	301.6	354.1	575.9	0		495	20260830-144852
flws	94.3	171.0	369.0	85.7	188.2	285.9	505.4	0		496	20260830-144852
qu/h	36.1	194.5	310.9	122.3	126.9	352.3	404.4	0		497	20260830-144852
o/f/	53.8	203.0	0.0	72.7	83.8	0.0	0.0	1	o//	498	20260830-144852
;n	65.2	0.0	0.0	135.7	168.5	0.0	0.0	0		499	20260830-144852
c/tg	45.8	198.6	415.0	85.1	161.4	317.2	523.0	0		500	20260830-144852
ojyj	50.1	269.1	471.4	109.0	156.9	354.4	556.7	0		501	20260830-144852
ht	59.1	0.0	0.0	87.8	144.7	0.0	0.0	0		502	20260830-144852
wh	43.7	0.0	0.0	100.2	125.9	0.0	0.0	0		503	20260830-144852
/xot	105.4	201.0	320.1	110.2	196.4	300.7	404.9	0		504	20260830-144852
cprz	49.1	175.3	324.8	77.0	148.6	318.7	493.7	0		505	20260830-144852
aidn	61.8	178.3	248.1	110.0	147.6	269.8	361.5	0		506	20260830-144852
fl	54.9	0.0	0.0	102.1	149.2	0.0	0.0	0		507	20260830-144852
vllb	108.0	238.2	374.5	103.4	169.5	339.4	468.0	0		508	20260830-144852
rfze	197.0	333.4	492.1	94.6	293.4	515.6	589.9	0		509	20260830-144852
rofv	56.0	208.0	422.4	80.6	143.4	309.7	541.9	0		510	20260830-144852
hh	148.7	0.0	0.0	67.2	233.3	0.0	0.0	0		511	20260830-144852
hh	142.1	0.0	0.0	70.6	228.6	0.0	0.0	0		512	20260830-144852
yq	14.9	0.0	0.0	73.6	121.8	0.0	0.0	0		513	20260830-144852
,n.n	34.5	315.2	383.2	141.3	187.1	454.7	506.7	0		514	20260830-144852
dv	74.1	0.0	0.0	116.3	201.7	0.0	0.0	0		515	20260830-144852
neqf	78.8	155.2	347.0	103.5	223.8	272.3	480.4	0		516	20260830-144852
kvgm	50.0	245.7	315.7	94.3	125.2	345.8	425.5	0		517	20260830-144852
e/	29.6	0.0	0.0	84.3	138.7	0.0	0.0	0		518	20260830-144852
.hez	68.7	138.8	345.9	148.1	168.9	231.0	475.7	0		519	20260830-144852
je	45.4	0.0	0.0	86.3	143.0	0.0	0.0	0		520	20260830-144852
wf	76.4	0.0	0.0	139.2	185.7	0.0	0.0	0		521	20260830-144852
;beu	99.1	254.9	322.1	108.6	191.6	330.5	429.7	0		522	20260830-144852
he	48.5	0.0	0.0	81.1	122.0	0.0	0.0	0		523	20260830-144852
ovne	81.8	222.2	333.7	87.2	188.6	328.3	408.1	0		524	20260830-144852
qrzm	63.9	301.2	371.5	128.1	153.5	423.7	472.3	0		525	20260830-144852
yd;/	118.5	212.5	446.7	90.3	198.8	323.8	552.9	0		1	20260830-204232
pz	76.7	0.0	0.0	92.8	191.4	0.0	0.0	0		2	20260830-204232
;rpb	121.3	220.8	366.5	108.6	199.4	324.2	476.4	0		3	20260830-204232
vewu	69.0	270.0	361.1	144.4	191.4	378.1	466.8	0		4	20260830-204232
.e	57.5	0.0	0.0	106.9	151.6	0.0	0.0	0		5	20260830-204232
,/vj	121.4	261.5	407.2	229.9	256.2	403.1	531.1	0		6	20260830-204232
tm	74.7	0.0	0.0	88.2	197.1	0.0	0.0	0		7	20260830-204232
kp	60.0	0.0	0.0	147.5	173.7	0.0	0.0	0		8	20260830-204232
.f	57.6	0.0	0.0	105.2	142.8	0.0	0.0	0		9	20260830-204232
nn	130.1	0.0	0.0	63.5	224.9	0.0	0.0	0		10	20260830-204232
;pdt	173.1	256.3	371.4	72.1	276.3	357.2	478.1	0		11	20260830-204232
rndr	63.3	204.2	281.8	74.1	161.9	368.9	379.6	0		12	20260830-204232
rq	61.1	0.0	0.0	124.1	192.3	0.0	0.0	0		13	20260830-204232
j;bc	92.7	191.2	247.7	155.7	215.8	323.6	382.1	0		14	20260830-204232
lh.d	32.9	237.1	326.8	107.7	155.2	381.0	400.5	0		15	20260830-204232
mw	52.6	0.0	0.0	104.1	152.4	0.0	0.0	0		16	20260830-204232
f.vf	51.0	205.2	411.1	67.6	157.8	311.3	501.8	0		17	20260830-204232
gysm	61.0	166.0	273.2	79.9	123.3	268.9	387.0	0		18	20260830-204232
;uqn	53.3	134.7	289.0	119.9	156.1	250.6	386.4	0		19	20260830-204232
yl,t	86.2	357.1	419.5	121.9	229.3	529.8	513.8	0		20	20260830-204232
ch	57.4	0.0	0.0	91.0	150.6	0.0	0.0	0		21	20260830-204232
bplp	56.4	254.1	453.6	95.6	136.4	361.2	560.5	0		22	20260830-204232
tpph	82.3	246.4	435.2	87.3	176.6	354.5	528.3	0		23	20260830-204232
,hzv	43.9	161.4	216.9	118.9	166.6	285.9	351.9	0		24	20260830-204232
sf	93.0	0.0	0.0	160.3	192.7	0.0	0.0	0		25	20260830-204232
c.	65.3	0.0	0.0	85.4	174.7	0.0	0.0	0		26	20260830-204232
ku	58.2	0.0	0.0	137.0	177.3	0.0	0.0	0		27	20260830-204232
rnqu	68.4	165.5	262.3	86.2	149.8	281.7	373.9	0		28	20260830-204232
bh,h	36.5	195.7	297.8	87.1	129.8	335.7	412.7	0		29	20260830-204232
/vyt	101.4	196.8	339.3	110.8	202.2	282.3	430.0	0		30	20260830-204232
tade	51.4	255.6	442.2	122.3	160.4	334.8	521.0	0		31	20260830-204232
,kv.	215.6	237.9	472.8	84.3	291.0	350.2	611.5	0		32	20260830-204232
hac/	50.3	216.5	304.1	94.2	166.1	311.3	424.0	0		33	20260830-204232
bq	65.1	0.0	0.0	149.0	197.6	0.0	0.0	0		34	20260830-204232
hn	181.7	0.0	0.0	87.5	293.8	0.0	0.0	0		35	20260830-204232
xhz.	61.5	226.9	313.5	85.7	153.9	345.0	434.9	0		36	20260830-204232
/dxb	57.7	262.8	427.0	110.2	137.6	380.1	535.0	0		37	20260830-204232
nv	54.9	0.0	0.0	102.4	186.3	0.0	0.0	0		38	20260830-204232
vjzq	94.7	222.3	433.1	99.1	180.5	306.0	523.0	0		39	20260830-204232
uvcq	78.2	254.8	401.0	101.7	177.8	428.5	513.0	0		40	20260830-204232
djnp	64.3	238.5	307.4	79.8	147.6	362.9	437.1	0		41	20260830-204232
c.yw	69.5	207.5	304.4	84.1	148.9	300.1	397.5	0		42	20260830-204232
huya	147.8	0.0	0.0	61.3	0.0	0.0	0.0	1	hy	43	20260830-204232
bu	51.8	0.0	0.0	87.7	141.6	0.0	0.0	0		44	20260830-204232
k,	179.5	0.0	0.0	74.5	274.2	0.0	0.0	0		45	20260830-204232
euxk	68.7	230.8	301.3	72.9	139.6	319.3	400.2	0		46	20260830-204232
bquh	66.2	141.2	331.7	150.9	196.1	230.8	431.9	0		47	20260830-204232
rpox	56.6	213.9	340.9	87.8	157.4	345.2	446.9	0		48	20260830-204232
tp	66.0	0.0	0.0	89.7	162.5	0.0	0.0	0		49	20260830-204232
xyno	54.9	249.0	291.0	100.2	135.6	392.5	442.5	0		50	20260830-204232
.c	70.2	0.0	0.0	112.3	155.3	0.0	0.0	0		51	20260830-204232
;mah	144.0	0.0	0.0	114.7	0.0	0.0	0.0	1	;a	52	20260830-204232
vx	45.2	0.0	0.0	112.6	170.1	0.0	0.0	0		53	20260830-204232
.eyj	108.9	225.0	422.9	104.9	212.3	320.7	532.9	0		54	20260830-204232
dlc;	75.1	222.6	285.9	70.3	172.2	313.7	396.2	0		55	20260830-204232
q,ea	53.9	228.1	328.5	132.5	181.5	410.0	449.9	0		56	20260830-204232
ig	52.5	0.0	0.0	98.3	157.2	0.0	0.0	0		57	20260830-204232
arux	68.1	166.7	332.4	145.5	159.3	274.0	443.2	0		58	20260830-204232
;u	72.9	0.0	0.0	120.0	169.6	0.0	0.0	0		59	20260830-204232
l;t;	41.5	194.9	289.1	129.6	178.4	283.1	389.6	0		60	20260830-204232
l/	65.1	0.0	0.0	126.6	223.7	0.0	0.0	0		61	20260830-204232
s,zi	84.2	257.9	295.1	106.4	171.5	380.3	396.5	0		62	20260830-204232
pl	69.6	0.0	0.0	150.4	243.9	0.0	0.0	0		63	20260830-204232
lw	60.8	0.0	0.0	103.7	162.0	0.0	0.0	0		64	20260830-204232
qjpf	60.0	142.0	280.0	98.9	154.9	274.9	374.2	0		65	20260830-204232
tr	169.2	0.0	0.0	72.9	259.3	0.0	0.0	0		66	20260830-204232
vr	218.1	0.0	0.0	111.6	307.1	0.0	0.0	0		67	20260830-204232
bqld	48.9	145.9	296.1	129.3	150.1	255.6	380.6	0		68	20260830-204232
pc	74.2	0.0	0.0	103.2	164.3	0.0	0.0	0		69	20260830-204232
urf;	53.8	246.2	260.6	87.8	126.7	360.6	369.9	0		70	20260830-204232
rxem	78.0	257.7	336.0	118.7	166.2	329.6	455.8	0		71	20260830-204232
nqhj	49.8	178.6	355.3	80.8	170.5	284.3	464.5	0		72	20260830-204232
jred	39.1	87.2	311.8	110.7	150.2	188.3	399.3	0		73	20260830-204232
;wgn	63.0	193.3	249.0	134.1	145.7	312.2	366.1	0		74	20260830-204232
xfz;	49.5	285.0	313.5	139.0	134.5	395.9	412.7	0		75	20260830-204232
o;sm	0.0	0.0	0.0	0.0	0.0	0.0	0.0	1	;	76	20260830-204232
nn	152.4	0.0	0.0	69.4	221.6	0.0	0.0	0		77	20260830-204232
krcd	46.9	250.1	435.8	99.7	128.6	329.6	0.0	0		78	20260830-204232
nk	66.2	0.0	0.0	140.6	197.3	0.0	0.0	0		79	20260830-204232
.znm	98.4	224.5	0.0	103.0	216.7	0.0	0.0	1	.zm	80	20260830-204232
wqr.	61.9	216.1	383.8	125.5	161.6	338.9	494.4	0		81	20260830-204232
o;zz	33.8	239.8	447.6	131.5	166.5	350.3	555.1	0		82	20260830-204232
qy	80.0	0.0	0.0	123.0	173.7	0.0	0.0	0		83	20260830-204232
v;im	46.3	133.6	243.9	119.3	166.5	312.0	395.2	0		84	20260830-204232
o.ds	216.9	305.0	401.8	78.2	309.5	456.2	534.4	0		85	20260830-204232
cnyc	79.3	267.0	300.3	93.0	154.7	360.0	420.3	0		86	20260830-204232
ktgu	38.1	223.7	253.7	84.4	116.8	324.1	393.5	0		87	20260830-204232
rqau	63.0	299.0	352.2	118.9	167.9	411.0	451.4	0		88	20260830-204232
kzcm	51.6	242.5	333.4	92.5	162.2	325.9	449.3	0		89	20260830-204232
ue;a	75.3	160.4	300.8	109.0	150.6	292.5	411.3	0		90	20260830-204232
fc	81.6	0.0	0.0	144.0	223.3	0.0	0.0	0		91	20260830-204232
inui	63.8	284.9	370.4	159.7	163.7	444.5	491.2	0		92	20260830-204232
tc	122.2	0.0	0.0	173.1	240.7	0.0	0.0	0		93	20260830-204232
j;ki	23.2	195.3	403.6	119.4	163.9	322.7	505.7	0		94	20260830-204232
fw	59.9	0.0	0.0	131.0	182.2	0.0	0.0	0		95	20260830-204232
j,wb	53.3	187.9	295.2	157.9	211.5	361.6	404.4	0		96	20260830-204232
tn	24.5	0.0	0.0	94.8	136.8	0.0	0.0	0		97	20260830-204232
xoqn	51.7	210.7	250.1	88.2	144.9	306.2	361.9	0		98	20260830-204232
,i	189.9	0.0	0.0	78.2	268.5	0.0	0.0	0		99	20260830-204232
,g	52.1	0.0	0.0	101.9	154.2	0.0	0.0	0		100	20260830-204232
.w	0.0	0.0	0.0	0.0	0.0	0.0	0.0	1	,	101	20260830-204232
we	69.0	0.0	0.0	166.0	200.9	0.0	0.0	0		102	20260830-204232
wz,,	232.3	402.9	552.7	84.9	348.0	485.8	657.5	0		103	20260830-204232
ettk	197.9	350.0	471.3	105.5	280.9	449.3	579.2	0		104	20260830-204232
ylmy	48.5	258.5	444.5	114.0	178.5	347.5	556.1	0		105	20260830-204232
vosy	60.3	144.4	248.2	94.1	152.6	259.7	363.6	0		106	20260830-204232
ljnu	72.2	282.6	453.0	128.2	165.4	339.2	540.1	0		107	20260830-204232
rv.i	217.6	269.7	427.4	72.2	339.1	396.5	557.4	0		108	20260830-204232
y.,y	259.5	285.6	567.2	147.4	444.7	473.1	666.6	0		109	20260830-204232
bi	46.5	0.0	0.0	84.6	154.9	0.0	0.0	0		110	20260830-204232
./r;	36.6	210.2	363.7	156.4	204.4	306.1	458.2	0		111	20260830-204232
ec	204.5	0.0	0.0	68.2	306.3	0.0	0.0	0		112	20260830-204232
pbrr	67.1	291.6	438.5	104.0	149.7	370.3	536.8	0		113	20260830-204232
m.	52.0	0.0	0.0	150.6	178.9	0.0	0.0	0		114	20260830-204232
qqab	157.0	402.5	494.9	78.1	262.5	527.5	601.3	0		115	20260830-204232
snly	66.5	217.2	340.0	116.6	167.6	378.0	469.4	0		116	20260830-204232
lgki	89.8	183.1	330.4	106.9	188.1	236.6	432.3	0		117	20260830-204232
rn	55.5	0.0	0.0	98.6	166.1	0.0	0.0	0		118	20260830-204232
sq	59.3	0.0	0.0	131.0	190.4	0.0	0.0	0		119	20260830-204232
,jlp	47.0	260.1	482.3	158.0	154.3	373.2	594.2	0		120	20260830-204232
yz	57.1	0.0	0.0	77.7	178.2	0.0	0.0	0		121	20260830-204232
ir	60.0	0.0	0.0	103.0	160.9	0.0	0.0	0		122	20260830-204232
ixrc	60.8	189.6	430.0	97.9	201.8	286.7	507.8	0		123	20260830-204232
rg	194.7	0.0	0.0	78.1	305.9	0.0	0.0	0		124	20260830-204232
;s	81.0	0.0	0.0	122.1	174.5	0.0	0.0	0		125	20260830-204232
mb	75.1	0.0	0.0	101.2	160.8	0.0	0.0	0		126	20260830-204232
fkvr	63.8	230.4	442.9	91.1	150.8	322.5	528.6	0		127	20260830-204232
fvad	202.0	372.9	491.9	86.0	319.7	520.1	588.3	0		128	20260830-204232
;crp	84.5	177.0	269.4	99.8	220.3	273.2	373.7	0		129	20260830-204232
,h	37.4	0.0	0.0	121.2	141.3	0.0	0.0	0		130	20260830-204232
k;	53.9	0.0	0.0	115.9	178.2	0.0	0.0	0		131	20260830-204232
ej	40.3	0.0	0.0	82.2	141.0	0.0	0.0	0		132	20260830-204232
widl	76.7	170.4	254.3	89.3	154.2	264.6	371.3	0		133	20260830-204232
,p	56.4	0.0	0.0	157.3	188.9	0.0	0.0	0		134	20260830-204232
/nwd	62.6	190.3	284.6	142.3	168.7	367.8	431.2	0		135	20260830-204232
sjpz	53.4	135.4	515.6	91.5	167.9	251.6	665.9	0		136	20260830-204232
rf	191.6	0.0	0.0	96.4	299.5	0.0	0.0	0		137	20260830-204232
kr.x	51.7	202.6	312.2	81.2	131.9	330.4	393.7	0		138	20260830-204232
ei	38.3	0.0	0.0	78.7	153.6	0.0	0.0	0		139	20260830-204232
ks	55.2	0.0	0.0	93.7	162.0	0.0	0.0	0		140	20260830-204232
w;zi	37.5	215.5	262.6	77.8	129.0	345.9	370.2	0		141	20260830-204232
jyic	154.1	247.1	368.8	73.2	263.5	392.5	474.8	0		142	20260830-204232
,u;x	72.8	227.6	401.0	122.1	169.8	373.0	501.4	0		143	20260830-204232
piqb	47.7	224.1	326.4	111.4	182.8	352.3	445.0	0		144	20260830-204232
.d	9.9	0.0	0.0	21.5	34.2	0.0	0.0	0		145	20260830-204232
kvyw	96.1	196.0	373.3	90.7	207.4	292.4	485.0	0		146	20260830-204232
szt/	6.8	251.5	358.2	100.1	157.0	363.1	482.4	0		147	20260830-204232
.t	63.5	0.0	0.0	123.1	161.9	0.0	0.0	0		148	20260830-204232
ww	146.8	0.0	0.0	80.9	259.0	0.0	0.0	0		149	20260830-204232
uonc	112.5	248.2	416.0	95.3	292.1	362.1	511.3	0		150	20260830-204232
,kty	152.2	313.3	352.8	66.3	233.3	403.7	456.5	0		151	20260830-204232
vzux	25.3	144.5	280.4	120.6	125.1	249.8	392.6	0		152	20260830-204232
u.	63.0	0.0	0.0	128.1	204.2	0.0	0.0	0		153	20260830-204232
qs	113.3	0.0	0.0	159.7	279.2	0.0	0.0	0		154	20260830-204232
mt	85.1	0.0	0.0	109.2	173.2	0.0	0.0	0		155	20260830-204232
;ev,	67.4	179.0	335.5	96.4	205.5	298.9	462.3	0		156	20260830-204232
ud/.	95.8	191.2	398.7	117.5	178.3	333.7	554.4	0		157	20260830-204232
tg;l	205.8	287.4	520.3	84.9	327.2	404.1	646.3	0		158	20260830-204232
za	244.5	0.0	0.0	140.8	352.3	0.0	0.0	0		159	20260830-204232
zd	125.1	0.0	0.0	190.9	227.7	0.0	0.0	0		160	20260830-204232
k,;p	196.3	314.6	579.0	96.6	318.3	462.1	689.2	0		161	20260830-204232
hwvl	75.5	249.8	342.1	95.8	191.8	383.9	449.7	0		162	20260830-204232
d,lq	70.5	188.7	456.7	124.4	224.1	355.8	583.5	0		163	20260830-204232
cwag	213.5	384.1	504.8	99.4	296.5	511.6	637.4	0		164	20260830-204232
lr	77.4	0.0	0.0	117.0	161.3	0.0	0.0	0		165	20260830-204232
pzxi	55.7	241.5	269.8	115.0	175.3	353.2	393.5	0		166	20260830-204232
n;	59.4	0.0	0.0	119.9	182.9	0.0	0.0	0		167	20260830-204232
igja	120.0	205.5	343.4	115.5	217.9	321.8	454.2	0		168	20260830-204232
hou.	124.1	217.4	401.7	90.0	250.7	324.2	546.8	0		169	20260830-204232
gjxn	73.0	172.3	270.0	85.0	147.8	295.3	369.6	0		170	20260830-204232
afvu	83.3	302.0	354.5	141.1	175.4	430.1	459.1	0		171	20260830-204232
fh	66.9	0.0	0.0	96.9	150.9	0.0	0.0	0		172	20260830-204232
v,yb	75.2	339.9	571.5	118.7	185.0	461.4	674.7	0		173	20260830-204232
cz	91.9	0.0	0.0	135.5	238.8	0.0	0.0	0		174	20260830-204232
gm	61.0	0.0	0.0	94.1	168.4	0.0	0.0	0		175	20260830-204232
pk.j	49.0	0.0	0.0	0.0	0.0	0.0	0.0	1	po	176	20260830-204232
sb	60.7	0.0	0.0	136.6	180.2	0.0	0.0	0		177	20260830-204232
dw	66.7	0.0	0.0	119.1	221.7	0.0	0.0	0		178	20260830-204232
vifp	114.6	220.8	289.9	119.6	216.2	321.6	424.5	0		179	20260830-204232
h/u,	40.0	233.7	372.0	129.8	184.9	0.0	0.0	1	h/u.	180	20260830-204232
a.	51.3	0.0	0.0	115.3	180.0	0.0	0.0	0		181	20260830-204232
wb	98.8	0.0	0.0	126.6	227.7	0.0	0.0	0		182	20260830-204232
jmkf	199.8	322.2	426.5	98.6	301.0	430.7	523.8	0		183	20260830-204232
gpug	57.4	140.9	283.3	123.2	181.5	267.4	401.1	0		184	20260830-204232
nrhm	51.8	199.4	397.0	84.9	147.8	285.0	491.0	0		185	20260830-204232
jd	73.2	0.0	0.0	95.2	155.7	0.0	0.0	0		186	20260830-204232
/t..	83.1	204.6	367.7	103.4	177.4	289.6	477.3	0		187	20260830-204232
xbdv	345.0	0.0	0.0	117.0	0.0	0.0	0.0	1	xd	188	20260830-204232
oxaz	81.3	274.5	546.2	143.2	198.9	421.0	677.5	0		189	20260830-204232
kr,,	76.7	215.1	364.9	90.2	169.3	304.0	466.6	0		190	20260830-204232
cn,,	71.1	267.9	398.1	63.1	151.5	332.2	490.6	0		191	20260830-204232
ny	191.3	0.0	0.0	81.6	282.8	0.0	0.0	0		192	20260830-204232
mu	188.0	0.0	0.0	79.6	287.1	0.0	0.0	0		193	20260830-204232
jriw	88.9	196.4	273.4	104.8	170.8	337.0	397.0	0		194	20260830-204232
bt	181.5	0.0	0.0	76.0	272.3	0.0	0.0	0		195	20260830-204232
uw	58.0	0.0	0.0	96.0	146.5	0.0	0.0	0		196	20260830-204232
ygfu	35.5	210.7	249.7	74.6	111.5	311.0	354.9	0		197	20260830-204232
.k	90.0	0.0	0.0	188.9	253.3	0.0	0.0	0		198	20260830-204232
pnj/	79.6	282.2	403.3	135.0	173.4	452.2	546.2	0		199	20260830-204232
rz	91.1	0.0	0.0	143.1	231.0	0.0	0.0	0		200	20260830-204232
ganq	48.2	132.1	281.4	113.8	144.5	218.8	372.4	0		201	20260830-204232
rkir	39.1	212.9	325.7	89.7	123.8	321.2	412.6	0		202	20260830-204232
h/kh	39.1	220.0	324.8	148.4	191.0	365.0	451.4	0		203	20260830-204232
xyrc	93.0	212.5	414.0	109.4	183.4	327.8	528.0	0		204	20260830-204232
mxpi	95.8	171.9	258.2	103.3	187.2	339.0	451.7	0		205	20260830-204232
yk;q	53.8	187.4	314.0	130.4	146.3	340.4	431.9	0		206	20260830-204232
oea,	111.2	175.2	265.6	104.9	207.0	282.4	386.1	0		207	20260830-204232
pozv	69.2	117.6	206.6	162.6	177.8	273.3	340.4	0		208	20260830-204232
j;	51.8	0.0	0.0	107.3	165.5	0.0	0.0	0		209	20260830-204232
edvf	194.1	385.1	579.7	72.9	296.9	490.8	682.3	0		210	20260830-204232
plux	181.2	309.1	416.7	110.8	280.2	0.0	0.0	1	pluz	211	20260830-204232
;,ln	205.7	392.5	498.4	100.3	313.4	473.1	0.0	1	;,ll	212	20260830-204232
/q	45.9	0.0	0.0	112.5	150.3	0.0	0.0	0		213	20260830-204232
cnvv	120.1	195.2	361.8	86.8	199.5	306.6	472.4	0		214	20260830-204232
/amq	125.0	237.5	376.4	85.2	224.8	356.2	475.5	0		215	20260830-204232
etbw	77.7	304.4	384.9	160.6	151.8	446.8	505.7	0		216	20260830-204232
,gdo	60.6	187.9	236.2	93.3	152.9	266.8	344.6	0		217	20260830-204232
yc	42.4	0.0	0.0	81.5	118.1	0.0	0.0	0		218	20260830-204232
qybs	70.4	222.9	325.9	94.1	146.9	409.9	418.7	0		219	20260830-204232
bn;r	50.7	152.0	260.1	96.0	143.3	264.4	355.8	0		220	20260830-204232
/ewp	61.4	86.6	153.1	126.1	0.0	0.0	0.0	1	/ewq	221	20260830-204232
ue	43.1	0.0	0.0	110.3	129.6	0.0	0.0	0		222	20260830-204232
j;	73.2	0.0	0.0	116.6	182.3	0.0	0.0	0		223	20260830-204232
em	47.2	0.0	0.0	88.1	152.6	0.0	0.0	0		224	20260830-204232
lcys	60.8	148.4	250.6	84.6	128.3	244.2	361.2	0		225	20260830-204232
/r	47.5	0.0	0.0	99.9	139.0	0.0	0.0	0		226	20260830-204232
wfac	64.9	240.2	419.3	139.2	160.9	399.4	526.4	0		227	20260830-204232
ml	69.0	0.0	0.0	107.2	153.5	0.0	0.0	0		228	20260830-204232
pw	35.8	0.0	0.0	95.2	122.1	0.0	0.0	0		229	20260830-204232
ijqj	57.9	138.3	209.6	103.5	144.2	236.0	318.4	0		230	20260830-204232
wavs	104.0	287.7	404.7	146.9	234.3	453.2	501.5	0		231	20260830-204232
k;ug	62.5	167.6	244.3	120.3	171.5	284.7	331.9	0		232	20260830-204232
yfzp	76.2	214.6	261.1	91.9	166.3	358.0	361.8	0		233	20260830-204232
ufr;	70.2	234.6	356.7	107.8	141.0	333.4	492.2	0		234	20260830-204232
;joz	118.5	209.4	369.3	88.2	271.6	288.1	491.0	0		235	20260830-204232
eti.	61.1	117.0	322.0	140.7	152.0	227.8	457.4	0		236	20260830-204232
k,gp	172.6	322.9	422.8	85.7	273.1	418.3	517.1	0		237	20260830-204232
.d	58.6	0.0	0.0	103.0	134.7	0.0	0.0	0		238	20260830-204232
k/qq	62.2	230.3	327.4	225.2	235.9	254.3	440.5	0		239	20260830-204232
/mh;	57.4	249.2	290.4	124.7	158.7	374.9	460.3	0		240	20260830-204232
ijwu	50.0	157.2	232.2	131.0	141.7	260.5	343.0	0		241	20260830-204232
gqui	44.6	118.5	170.7	124.8	151.5	252.6	270.2	0		242	20260830-204232
,gbn	67.9	263.3	376.8	110.6	153.1	368.3	478.7	0		243	20260830-204232
co;s	33.0	227.5	291.0	94.8	111.5	359.1	379.8	0		244	20260830-204232
qq	177.6	0.0	0.0	90.2	277.9	0.0	0.0	0		245	20260830-204232
rexd	64.2	316.4	0.0	138.4	171.1	0.0	0.0	1	rec	246	20260830-204232
yumv	164.1	374.7	494.8	102.5	269.0	489.0	608.0	0		247	20260830-204232
co	58.9	0.0	0.0	104.3	154.1	0.0	0.0	0		248	20260830-204232
/j	57.5	0.0	0.0	126.5	180.3	0.0	0.0	0		249	20260830-204232
kuvi	67.1	145.2	233.7	111.3	160.7	287.2	343.3	0		250	20260830-204232
dw.t	0.0	0.0	0.0	0.0	0.0	0.0	0.0	1	w	251	20260830-204232
fuxl	55.0	159.8	201.7	85.9	133.2	274.3	340.9	0		252	20260830-204232
bkc,	66.6	188.5	270.3	81.4	144.8	283.8	358.2	0		253	20260830-204232
dch/	160.8	192.1	279.6	48.5	256.6	337.7	437.8	0		254	20260830-204232
pxcp	70.0	194.3	286.4	105.7	161.5	311.8	381.1	0		255	20260830-204232
ho	63.7	0.0	0.0	99.1	159.1	0.0	0.0	0		256	20260830-204232
njko	181.8	204.3	412.8	82.4	242.4	329.4	0.0	1	njkj	257	20260830-204232
ijfo	62.5	163.5	230.7	121.2	132.5	261.2	364.0	0		258	20260830-204232
wx	202.8	0.0	0.0	91.1	308.7	0.0	0.0	0		259	20260830-204232
lku;	128.4	239.4	461.2	282.4	320.2	376.6	597.5	0		260	20260830-204232
nm	171.0	0.0	0.0	80.6	264.9	0.0	0.0	0		261	20260830-204232
rbrn	213.9	404.4	440.6	76.5	294.9	495.1	540.7	0		262	20260830-204232
ekgq	77.5	186.1	0.0	70.4	172.2	0.0	0.0	1	ekq	263	20260830-204232
add/	186.0	340.7	399.7	92.9	257.3	417.8	522.1	0		264	20260830-204232
bsav	136.7	341.8	605.1	156.4	283.7	546.2	739.5	0		265	20260830-204232
xw	200.0	0.0	0.0	87.3	296.8	0.0	0.0	0		266	20260830-204232
ea	47.1	0.0	0.0	95.2	169.1	0.0	0.0	0		267	20260830-204232
.zcl	95.5	152.4	252.0	111.7	277.6	292.9	360.7	0		268	20260830-204232
i.mx	160.5	229.7	488.7	91.7	279.4	389.2	590.9	0		269	20260830-204232
kpcx	28.5	195.2	352.0	143.3	163.2	453.0	485.9	0		270	20260830-204232
ac	88.2	0.0	0.0	146.4	218.3	0.0	0.0	0		271	20260830-204232
wln.	72.1	161.4	354.7	111.3	182.7	263.0	477.3	0		272	20260830-204232
.ttq	119.5	257.6	394.5	90.0	206.5	367.0	540.9	0		273	20260830-204232
g,jg	33.2	163.9	252.7	82.9	141.6	299.8	350.7	0		274	20260830-204232
roww	76.1	192.4	364.1	80.6	151.5	294.1	483.6	0		275	20260830-204232
df	63.9	0.0	0.0	138.2	182.0	0.0	0.0	0		276	20260830-204232
gjlu	57.7	168.2	275.0	107.8	163.5	333.5	393.6	0		277	20260830-204232
ukly	48.3	210.9	324.9	130.9	158.7	393.9	426.2	0		278	20260830-204232
vtji	221.7	313.2	339.3	106.2	308.2	456.1	521.3	0		279	20260830-204232
jf	66.2	0.0	0.0	95.3	163.7	0.0	0.0	0		280	20260830-204232
oo	142.4	0.0	0.0	70.5	232.4	0.0	0.0	0		281	20260830-204232
gjpc	16.7	148.1	246.6	99.2	109.9	263.4	353.5	0		282	20260830-204232
,hqc	70.2	177.2	348.5	144.4	157.9	320.2	435.6	0		283	20260830-204232
jts;	89.0	168.2	259.8	115.6	181.9	281.8	373.7	0		284	20260830-204232
nayi	58.2	156.6	279.0	63.5	167.6	338.5	406.7	0		285	20260830-204232
vt	213.2	0.0	0.0	121.3	315.9	0.0	0.0	0		286	20260830-204232
..vu	137.9	235.5	336.5	69.4	230.8	354.2	427.2	0		287	20260830-204232
zfro	94.8	283.6	309.7	138.5	190.7	369.4	402.5	0		288	20260830-204232
rpnx	72.4	232.0	301.0	89.0	173.2	329.3	411.4	0		289	20260830-204232
fwm,	55.8	73.9	167.5	111.8	163.7	247.7	291.5	0		290	20260830-204232
e,.z	141.0	0.0	0.0	97.9	0.0	0.0	0.0	1	em	291	20260830-204232
sh	68.3	0.0	0.0	109.8	167.4	0.0	0.0	0		292	20260830-204232
o/,r	220.0	472.2	588.5	84.2	306.3	562.8	666.1	0		293	20260830-204232
y/te	48.2	168.1	239.7	122.8	176.6	311.2	355.8	0		294	20260830-204232
e/yu	71.7	185.6	343.4	88.8	145.6	283.3	464.8	0		295	20260830-204232
fvdp	209.3	363.0	457.1	90.8	318.9	450.3	553.3	0		296	20260830-204232
obb.	145.3	311.3	412.2	92.2	226.5	405.6	546.7	0		297	20260830-204232
nn	139.8	0.0	0.0	66.0	221.8	0.0	0.0	0		298	20260830-204232
lgaz	62.9	167.0	412.9	97.8	150.9	280.0	501.3	0		299	20260830-204232
ck	36.1	0.0	0.0	84.4	119.5	0.0	0.0	0		300	20260830-204232
dp	51.2	0.0	0.0	72.8	136.5	0.0	0.0	0		301	20260830-204232
pmpq	39.7	180.0	0.0	97.5	143.7	0.0	0.0	1	pmq	302	20260830-204232
;l	58.2	0.0	0.0	189.7	216.5	0.0	0.0	0		303	20260830-204232
qwjk	37.5	147.7	201.3	162.4	132.3	265.5	294.4	0		304	20260830-204232
vx	64.3	0.0	0.0	126.5	187.0	0.0	0.0	0		305	20260830-204232
pk	75.4	0.0	0.0	116.0	229.4	0.0	0.0	0		306	20260830-204232
kfcq	79.4	213.7	405.1	101.5	154.8	357.3	513.8	0		307	20260830-204232
zpto	67.7	171.0	260.2	87.6	166.0	282.9	376.3	0		308	20260830-204232
,atb	60.5	121.0	338.1	111.9	183.6	214.3	433.9	0		309	20260830-204232
gd	60.4	0.0	0.0	126.6	171.2	0.0	0.0	0		310	20260830-204232
hnex	169.3	222.1	471.5	77.4	258.4	330.8	577.0	0		311	20260830-204232
yx.p	62.4	176.6	399.9	77.7	164.9	291.4	488.8	0		312	20260830-204232
k,he	169.8	298.5	339.5	66.9	243.3	415.9	429.0	0		313	20260830-204232
;m	36.4	0.0	0.0	113.7	150.9	0.0	0.0	0		314	20260830-204232
d,	45.4	0.0	0.0	68.5	144.2	0.0	0.0	0		315	20260830-204232
q,	37.6	0.0	0.0	97.2	130.6	0.0	0.0	0		316	20260830-204232
alyo	140.5	0.0	0.0	109.9	0.0	0.0	0.0	1	ay	317	20260830-204232
,wsu	96.7	311.4	395.1	131.5	201.4	423.2	493.6	0		318	20260830-204232
u;	63.8	0.0	0.0	127.8	182.4	0.0	0.0	0		319	20260830-204232
nm	158.1	0.0	0.0	78.6	262.4	0.0	0.0	0		320	20260830-204232
xv	54.0	0.0	0.0	122.9	202.3	0.0	0.0	0		321	20260830-204232
ngxp	49.5	202.7	266.1	105.3	127.0	317.0	372.3	0		322	20260830-204232
tsm,	70.4	111.0	206.5	119.2	180.1	0.0	0.0	1	tsml	323	20260830-204232
z/	52.3	0.0	0.0	124.7	147.8	0.0	0.0	0		324	20260830-204232
xxpw	148.3	264.1	363.5	54.6	223.7	355.3	466.5	0		325	20260830-204232
aari	132.9	339.3	418.7	60.2	232.6	440.3	532.8	0		326	20260830-204232
;k	69.3	0.0	0.0	116.3	219.6	0.0	0.0	0		327	20260830-204232
g.fp	44.1	204.2	293.2	94.0	157.5	322.9	387.2	0		328	20260830-204232
mkee	42.5	151.8	309.5	126.8	115.2	226.4	409.2	0		329	20260830-204232
m.ft	37.6	130.3	308.1	174.3	143.3	218.9	417.6	0		330	20260830-204232
sfdu	78.3	266.5	321.3	119.9	173.6	336.4	409.0	0		331	20260830-204232
qiku	44.7	220.8	0.0	110.6	129.1	0.0	0.0	1	qiu	332	20260830-204232
lgdo	55.1	196.2	220.6	101.6	138.3	281.1	359.3	0		333	20260830-204232
yyvw	146.1	241.2	315.3	60.0	221.2	394.0	430.2	0		334	20260830-204232
;e,e	89.9	199.8	302.4	94.1	162.9	313.9	385.9	0		335	20260830-204232
,ja.	70.1	169.7	250.9	136.2	164.8	282.7	391.4	0		336	20260830-204232
p/	197.9	0.0	0.0	69.2	269.8	0.0	0.0	0		337	20260830-204232
;sba	43.3	245.3	304.1	99.9	127.6	371.8	439.0	0		338	20260830-204232
nm;v	162.4	264.4	438.0	86.7	268.3	381.9	588.5	0		339	20260830-204232
nd	50.6	0.0	0.0	107.1	139.2	0.0	0.0	0		340	20260830-204232
py;k	45.2	265.4	488.8	111.2	145.5	397.4	592.0	0		341	20260830-204232
li	88.0	0.0	0.0	192.9	231.8	0.0	0.0	0		342	20260830-204232
jbmq	37.3	216.3	237.6	85.1	130.5	310.9	356.8	0		343	20260830-204232
uvrw	18.9	234.3	316.0	90.3	119.8	389.5	445.6	0		344	20260830-204232
u;.n	32.0	310.6	481.8	127.3	167.6	433.4	556.2	0		345	20260830-204232
ly	58.2	0.0	0.0	124.6	153.4	0.0	0.0	0		346	20260830-204232
ez	58.5	0.0	0.0	126.6	200.8	0.0	0.0	0		347	20260830-204232
w.jh	110.7	154.5	343.0	105.3	214.8	237.9	436.9	0		348	20260830-204232
,cxo	123.2	180.1	249.4	115.0	260.7	312.0	351.9	0		349	20260830-204232
cfix	67.3	130.2	277.4	149.8	145.4	227.5	385.0	0		350	20260830-204232
a,vk	109.6	201.1	299.7	84.9	193.7	332.9	388.6	0		351	20260830-204232
gutq	48.6	211.7	258.4	97.4	152.7	340.6	412.1	0		352	20260830-204232
m.fk	47.8	137.7	267.2	142.9	174.2	231.6	361.0	0		353	20260830-204232
s/xo	42.5	206.9	251.3	97.4	146.7	315.4	349.0	0		354	20260830-204232
y/	47.9	0.0	0.0	112.8	184.4	0.0	0.0	0		355	20260830-204232
zf	76.1	0.0	0.0	128.8	190.5	0.0	0.0	0		356	20260830-204232
xcwg	24.2	264.3	444.3	129.9	124.6	359.8	548.7	0		357	20260830-204232
yflf	90.4	140.9	264.4	85.7	163.0	248.3	361.7	0		358	20260830-204232
gke,	50.7	130.4	835.7	88.9	141.7	259.1	949.1	0		359	20260830-204232
xr.;	63.2	399.0	0.0	170.1	164.2	0.0	0.0	1	xrl	360	20260830-204232
.nfl	53.7	138.7	250.9	118.8	155.2	244.2	370.9	0		361	20260830-204232
/van	98.5	163.0	232.2	104.2	240.9	275.5	328.8	0		362	20260830-204232
ebof	106.8	139.9	339.0	93.8	201.5	229.0	447.8	0		363	20260830-204232
;tjw	86.5	190.1	265.0	104.2	179.3	305.5	388.7	0		364	20260830-204232
ktpq	30.3	196.8	259.4	86.3	116.0	306.9	376.8	0		365	20260830-204232
sce.	156.5	344.5	348.5	92.3	237.1	423.2	489.1	0		366	20260830-204232
uf	32.9	0.0	0.0	98.1	142.6	0.0	0.0	0		367	20260830-204232
ba	80.3	0.0	0.0	141.4	216.2	0.0	0.0	0		368	20260830-204232
bdrm	60.8	268.2	287.3	99.5	149.8	359.1	390.7	0		369	20260830-204232
lfol	87.2	187.9	373.4	92.6	179.2	277.0	481.1	0		370	20260830-204232
ad//	88.6	143.4	309.5	126.5	175.3	238.1	413.2	0		371	20260830-204232
rvut	231.7	301.6	466.2	92.1	326.7	411.6	570.5	0		372	20260830-204232
g,/z	97.0	229.8	394.8	121.1	198.6	371.3	508.8	0		373	20260830-204232
xdmj	55.2	136.4	311.2	166.8	162.9	220.8	418.7	0		374	20260830-204232
.zio	127.7	215.0	308.0	103.5	251.5	435.2	442.9	0		375	20260830-204232
.p	222.1	0.0	0.0	131.9	334.7	0.0	0.0	0		376	20260830-204232
y/mt	34.1	254.7	349.4	101.5	159.0	360.4	447.1	0		377	20260830-204232
mkt.	53.9	172.2	316.3	147.5	163.0	275.6	449.7	0		378	20260830-204232
/t	81.3	0.0	0.0	126.0	175.4	0.0	0.0	0		379	20260830-204232
f/yx	62.7	208.7	317.8	99.0	163.3	307.5	0.0	1	f/yb	380	20260830-204232
pxwe	70.3	278.5	283.9	91.0	154.4	430.9	420.7	0		381	20260830-204232
djdf	70.0	204.3	215.6	90.8	152.8	290.0	364.7	0		382	20260830-204232
b.ez	68.7	209.0	279.9	105.9	199.7	321.6	431.8	0		383	20260830-204232
mlb.	49.6	141.0	259.0	136.9	132.8	233.4	371.6	0		384	20260830-204232
wu	55.9	0.0	0.0	88.5	145.4	0.0	0.0	0		385	20260830-204232
oc	70.8	0.0	0.0	76.8	172.3	0.0	0.0	0		386	20260830-204232
uxcx	69.8	254.7	382.2	93.7	162.5	388.3	469.6	0		387	20260830-204232
eips	63.6	139.5	238.4	91.4	169.0	264.5	351.2	0		388	20260830-204232
cn	59.0	0.0	0.0	86.5	148.4	0.0	0.0	0		389	20260830-204232
l/ig	0.0	0.0	0.0	0.0	0.0	0.0	0.0	1	/	390	20260830-204232
fypp	50.0	136.6	309.8	111.4	142.2	238.4	414.6	0		391	20260830-204232
otlh	78.1	188.7	294.2	70.1	165.2	346.4	408.3	0		392	20260830-204232
kmgs	52.1	172.5	264.2	131.6	177.6	294.4	365.6	0		393	20260830-204232
/m	36.3	0.0	0.0	124.2	148.6	0.0	0.0	0		394	20260830-204232
yqmf	39.1	222.5	287.3	87.1	147.8	330.6	395.1	0		395	20260830-204232
khyp	51.9	220.4	296.1	114.3	126.1	342.7	426.5	0		396	20260830-204232
n.tf	32.2	137.5	337.7	152.1	169.1	230.1	438.9	0		397	20260830-204232
wv;a	50.9	160.9	276.2	142.6	147.1	257.4	369.4	0		398	20260830-204232
yhce	176.0	260.7	469.4	87.9	273.3	347.8	549.2	0		399	20260830-204232
ymu,	211.5	369.4	581.2	85.3	284.7	463.5	686.5	0		400	20260830-204232
lwsw	105.2	294.3	487.7	119.9	190.9	393.1	595.9	0		401	20260830-204232
ftjy	202.3	333.7	494.9	92.1	301.2	418.1	587.4	0		402	20260830-204232
pt	78.2	0.0	0.0	90.5	153.2	0.0	0.0	0		403	20260830-204232
v,fg	106.3	0.0	0.0	0.0	0.0	0.0	0.0	1	v.	404	20260830-204232
qe;x	43.4	144.3	440.7	157.3	127.4	263.7	569.5	0		405	20260830-204232
.tfm	10.5	230.6	299.4	111.4	88.7	350.6	411.6	0		406	20260830-204232
v;kp	39.9	139.2	311.7	116.8	130.4	349.3	434.4	0		407	20260830-204232
/fmm	76.3	196.7	358.2	105.6	168.0	285.5	448.0	0		408	20260830-204232
s//r	136.5	281.9	360.8	90.2	216.2	387.2	451.6	0		409	20260830-204232
lyw.	63.6	134.2	226.7	103.9	140.6	230.8	353.3	0		410	20260830-204232
enly	44.0	166.5	249.6	77.2	124.0	317.3	359.8	0		411	20260830-204232
;yip	50.1	238.9	394.8	112.2	150.3	429.6	448.1	0		412	20260830-204232
ntmq	58.2	195.3	238.0	77.7	148.4	309.7	348.1	0		413	20260830-204232
xjuv	33.7	189.5	205.2	99.1	104.1	278.1	332.5	0		414	20260830-204232
p.tb	206.9	286.6	580.3	86.2	320.4	399.0	671.7	0		415	20260830-204232
.jml	46.8	221.4	293.2	98.9	135.2	373.9	409.5	0		416	20260830-204232
ox	46.4	0.0	0.0	82.0	148.6	0.0	0.0	0		417	20260830-204232
/.	61.5	0.0	0.0	167.4	205.9	0.0	0.0	0		418	20260830-204232
snsx	71.5	186.8	394.4	93.1	156.2	305.6	511.4	0		419	20260830-204232
dxqs	34.6	314.8	487.7	114.8	171.5	500.7	600.9	0		420	20260830-204232
whcn	80.4	225.1	278.9	88.5	130.6	318.7	380.4	0		421	20260830-204232
ke	36.2	0.0	0.0	89.7	123.4	0.0	0.0	0		422	20260830-204232
niho	56.1	247.2	297.4	139.1	197.5	426.6	422.9	0		423	20260830-204232
myxf	168.3	236.9	370.7	75.1	251.1	407.9	475.5	0		424	20260830-204232
cuki	42.8	187.3	356.6	87.4	159.3	263.6	454.9	0		425	20260830-204232
vchu	55.8	104.2	392.9	132.3	153.4	242.9	517.6	0		426	20260830-204232
no	51.1	0.0	0.0	115.9	144.4	0.0	0.0	0		427	20260830-204232
mjyr	173.3	360.8	460.6	74.9	253.8	435.8	557.7	0		428	20260830-204232
lejm	72.1	121.9	341.5	102.7	164.6	226.9	433.0	0		429	20260830-204232
tr	193.8	0.0	0.0	87.1	312.7	0.0	0.0	0		430	20260830-204232
ehrt	75.5	189.3	402.4	109.7	162.7	298.6	539.2	0		431	20260830-204232
bw	53.7	0.0	0.0	127.7	171.5	0.0	0.0	0		432	20260830-204232
ap	38.6	0.0	0.0	102.1	129.8	0.0	0.0	0		433	20260830-204232
kyxt	75.9	104.3	252.2	147.6	168.8	265.1	363.9	0		434	20260830-204232
g.	35.2	0.0	0.0	91.3	135.8	0.0	0.0	0		435	20260830-204232
nbb/	155.2	316.3	385.7	83.8	233.3	406.0	517.4	0		436	20260830-204232
zh	63.0	0.0	0.0	116.0	148.3	0.0	0.0	0		437	20260830-204232
s.gn	49.3	171.3	238.0	83.6	121.5	272.3	335.4	0		438	20260830-204232
mf	78.1	0.0	0.0	108.0	180.2	0.0	0.0	0		439	20260830-204232
so	50.4	0.0	0.0	92.2	117.4	0.0	0.0	0		440	20260830-204232
ntm;	72.8	198.8	0.0	82.5	171.5	0.0	0.0	1	ntj	441	20260830-204232
p/	178.2	0.0	0.0	79.3	274.6	0.0	0.0	0		442	20260830-204232
rj	21.8	0.0	0.0	80.5	112.0	0.0	0.0	0		443	20260830-204232
f;lk	25.6	329.5	377.1	102.3	170.4	469.2	517.1	0		444	20260830-204232
kc.q	54.8	223.1	256.2	86.9	146.3	337.6	346.2	0		445	20260830-204232
/nea	100.0	199.7	275.3	95.8	192.6	316.2	400.0	0		446	20260830-204232
c;km	49.0	169.5	257.3	76.5	151.7	325.0	391.7	0		447	20260830-204232
aqql	167.2	335.9	449.3	73.1	268.2	444.9	554.3	0		448	20260830-204232
.fcp	89.9	260.4	324.8	122.8	185.6	369.4	435.1	0		449	20260830-204232
eysu	70.5	188.0	231.9	74.9	144.6	287.5	338.2	0		450	20260830-204232
/k;x	36.8	262.4	362.5	108.0	180.9	392.5	450.4	0		451	20260830-204232
nuuz	201.6	342.3	503.9	86.1	305.8	441.4	629.5	0		452	20260830-204232
gf	167.5	0.0	0.0	90.2	277.9	0.0	0.0	0		453	20260830-204232
qwgr	56.5	218.7	449.3	134.4	164.1	348.2	556.3	0		454	20260830-204232
op,u	40.0	280.6	459.9	138.8	172.9	405.3	568.4	0		455	20260830-204232
eesd	178.2	393.7	428.5	75.6	281.4	491.8	523.3	0		456	20260830-204232
,uy;	72.1	221.1	573.9	139.2	159.1	353.0	697.8	0		457	20260830-204232
.p	148.0	0.0	0.0	80.5	255.4	0.0	0.0	0		458	20260830-204232
ny	183.0	0.0	0.0	89.8	273.2	0.0	0.0	0		459	20260830-204232
y,nr	193.4	335.8	420.5	72.2	269.1	427.1	513.6	0		460	20260830-204232
;imz	109.5	326.3	436.0	121.8	220.3	440.5	555.8	0		461	20260830-204232
zahj	211.8	282.6	457.8	105.7	312.3	374.5	569.7	0		462	20260830-204232
okqj	149.6	311.8	386.9	88.6	270.0	423.4	513.1	0		463	20260830-204232
umx,	238.4	352.2	470.6	99.9	330.8	454.4	584.7	0		464	20260830-204232
adc.	77.6	317.6	449.9	159.5	188.5	423.1	572.9	0		465	20260830-204232
ngio	88.4	189.1	300.8	83.7	197.4	373.7	420.6	0		466	20260830-204232
po	89.6	0.0	0.0	0.0	0.0	0.0	0.0	1	pi	467	20260830-204232
;c	87.1	0.0	0.0	0.0	0.0	0.0	0.0	1	;v	468	20260830-204232
k/am	32.9	187.5	255.7	121.0	170.0	345.8	366.8	0		469	20260830-204232
.cmw	118.5	185.2	332.2	112.8	213.3	300.7	427.8	0		470	20260830-204232
jkzj	55.4	157.7	240.2	128.2	172.8	278.4	353.0	0		471	20260830-204232
f;	64.6	0.0	0.0	107.0	167.6	0.0	0.0	0		472	20260830-204232
,,yv	129.8	355.5	427.4	92.8	248.2	455.3	567.4	0		473	20260830-204232
vb	201.1	0.0	0.0	96.7	288.7	0.0	0.0	0		474	20260830-204232
yhhx	192.4	328.3	418.4	71.2	256.9	412.7	529.1	0		475	20260830-204232
pg,x	67.3	216.5	320.6	80.4	145.1	346.5	437.5	0		476	20260830-204232
ai	43.4	0.0	0.0	110.6	131.6	0.0	0.0	0		477	20260830-204232
k/qs	63.1	177.6	372.9	156.7	181.7	291.2	500.7	0		478	20260830-204232
votr	65.0	211.1	378.8	83.6	139.5	287.5	462.9	0		479	20260830-204232
jy	169.7	0.0	0.0	69.6	247.8	0.0	0.0	0		480	20260830-204232
bxy/	62.9	144.2	314.8	103.3	148.0	223.9	0.0	1	bxy;	481	20260830-204232
.sbm	48.6	124.7	264.2	97.7	152.2	241.1	384.5	0		482	20260830-204232
kvdm	48.5	195.4	228.8	90.7	159.2	274.4	351.1	0		483	20260830-204232
tjms	88.4	278.8	364.5	79.4	161.6	372.5	452.8	0		484	20260830-204232
vu	75.6	0.0	0.0	116.5	166.2	0.0	0.0	0		485	20260830-204232
/bkq	81.0	176.6	287.3	120.2	170.7	291.6	404.2	0		486	20260830-204232
dbia	58.6	138.9	253.3	109.0	131.0	247.7	367.2	0		487	20260830-204232
/pry	209.2	223.9	380.7	82.1	266.3	325.6	473.5	0		488	20260830-204232
dxhw	26.3	170.1	297.3	109.9	130.1	270.9	390.4	0		489	20260830-204232
l;	44.1	0.0	0.0	116.5	160.3	0.0	0.0	0		490	20260830-204232
st	109.8	0.0	0.0	126.8	224.0	0.0	0.0	0		491	20260830-204232
njqu	154.0	238.1	323.7	75.2	243.3	347.1	423.1	0		492	20260830-204232
zl	61.2	0.0	0.0	124.9	140.5	0.0	0.0	0		493	20260830-204232
fxcb	37.0	292.8	386.0	122.2	127.2	435.6	477.2	0		494	20260830-204232
d/	41.8	0.0	0.0	82.6	147.2	0.0	0.0	0		495	20260830-204232
jtuq	77.3	198.6	204.5	89.8	170.5	288.5	322.6	0		496	20260830-204232
zdqj	67.5	282.0	336.8	149.6	157.8	392.1	436.8	0		497	20260830-204232
hv	62.0	0.0	0.0	84.5	177.9	0.0	0.0	0		498	20260830-204232
ap;z	47.6	215.2	318.1	98.6	104.2	334.1	461.3	0		499	20260830-204232
dx	75.9	0.0	0.0	119.0	205.5	0.0	0.0	0		500	20260830-204232
i.	60.6	0.0	0.0	153.1	209.4	0.0	0.0	0		501	20260830-204232
jogq	82.5	175.5	273.1	153.4	179.4	323.1	422.2	0		502	20260830-204232
lrgt	57.4	265.2	459.9	100.2	148.6	364.8	567.5	0		503	20260830-204232
qjze	64.3	245.5	456.0	97.9	157.8	387.4	579.7	0		504	20260830-204232
af	62.4	0.0	0.0	134.9	181.7	0.0	0.0	0		505	20260830-204232
re	60.5	0.0	0.0	141.6	202.8	0.0	0.0	0		506	20260830-204232
agce	86.6	249.3	436.8	144.3	188.4	340.8	525.5	0		507	20260830-204232
naev	74.9	193.7	396.1	108.7	181.1	374.3	508.5	0		508	20260830-204232
g/	38.3	0.0	0.0	87.0	149.3	0.0	0.0	0		509	20260830-204232
w;.h	49.6	264.3	363.4	107.4	137.0	419.5	472.8	0		510	20260830-204232
jseu	83.0	273.4	335.1	95.2	174.9	368.2	437.4	0		511	20260830-204232
nm	142.9	0.0	0.0	70.5	248.4	0.0	0.0	0		512	20260830-204232
/oi,	210.9	249.2	490.5	83.5	317.0	373.0	589.0	0		513	20260830-204232
ak	40.8	0.0	0.0	103.6	128.9	0.0	0.0	0		514	20260830-204232
o,mr	429.3	613.1	717.8	74.7	532.3	722.2	798.6	0		515	20260830-204232
bybl	50.6	201.7	268.6	95.1	116.4	298.1	380.0	0		516	20260830-204232
ezpi	72.8	194.0	280.8	119.1	218.6	331.5	463.3	0		517	20260830-204232
ka;k	62.3	155.1	329.6	96.9	163.2	260.1	443.9	0		518	20260830-204232
ughn	73.3	199.8	367.0	83.9	175.1	271.9	451.4	0		519	20260830-204232
tu	50.2	0.0	0.0	79.4	134.1	0.0	0.0	0		520	20260830-204232
rehk	63.0	133.2	209.2	123.3	189.7	268.1	325.4	0		521	20260830-204232
pekj	74.7	151.6	267.1	95.9	167.7	296.8	408.5	0		522	20260830-204232
o/	208.4	0.0	0.0	89.5	326.5	0.0	0.0	0		523	20260830-204232
obgw	122.0	315.6	350.5	102.0	209.7	446.7	530.5	0		524	20260830-204232
;z	71.2	0.0	0.0	94.8	187.1	0.0	0.0	0		525	20260830-204232
fwrn	58.0	245.6	262.7	120.2	155.2	325.9	373.1	0		526	20260830-204232
fj	52.5	0.0	0.0	82.8	145.0	0.0	0.0	0		527	20260830-204232
,f	66.7	0.0	0.0	88.3	145.4	0.0	0.0	0		528	20260830-204232
mz/m	96.3	157.1	333.3	73.7	199.1	275.4	447.2	0		529	20260830-204232
pe	66.8	0.0	0.0	87.4	146.5	0.0	0.0	0		530	20260830-204232
bmok	78.9	171.3	265.2	99.8	175.8	278.6	419.4	0		531	20260830-204232
zxd,	77.8	235.4	339.3	136.8	127.4	288.2	0.0	0		532	20260830-204232
rd	75.4	0.0	0.0	131.6	188.0	0.0	0.0	0		533	20260830-204232
cx	61.6	0.0	0.0	106.3	173.8	0.0	0.0	0		534	20260830-204232
;i	49.6	0.0	0.0	120.2	160.7	0.0	0.0	0		535	20260830-204232
/q	53.2	0.0	0.0	115.0	154.2	0.0	0.0	0		536	20260830-204232
zgu,	142.8	189.3	386.5	114.8	239.7	285.0	484.7	0		537	20260830-204232
sv	64.0	0.0	0.0	121.0	195.1	0.0	0.0	0		538	20260830-204232
x;	45.1	0.0	0.0	84.7	128.0	0.0	0.0	0		539	20260830-204232
rn	50.5	0.0	0.0	84.3	125.3	0.0	0.0	0		540	20260830-204232
rzcx	191.8	420.4	580.8	97.6	336.3	508.5	711.3	0		541	20260830-204232
ptgk	96.3	276.1	333.7	101.0	167.6	388.1	435.7	0		542	20260830-204232
apra	73.7	210.2	269.2	108.9	164.4	370.1	403.0	0		543	20260830-204232
couh	113.6	162.7	350.7	87.2	232.0	257.8	445.2	0		544	20260830-204232
gv/g	195.2	288.5	432.8	75.5	294.1	415.7	532.5	0		545	20260830-204232
wz	203.9	0.0	0.0	77.1	332.2	0.0	0.0	0		546	20260830-204232
m,ob	19.9	250.0	315.7	133.1	167.3	386.6	416.9	0		547	20260830-204232
jcjb	69.3	173.3	296.8	78.3	145.0	269.4	394.2	0		548	20260830-204232
v,	94.7	0.0	0.0	106.9	190.7	0.0	0.0	0		549	20260830-204232
eawl	37.9	221.3	271.3	90.9	143.4	324.5	375.6	0		550	20260830-204232
zghb	48.7	170.0	282.7	141.8	137.5	254.5	387.6	0		551	20260830-204232
ae	74.0	0.0	0.0	156.3	244.2	0.0	0.0	0		552	20260830-204232
y/vh	23.9	187.2	252.6	101.6	145.9	300.6	373.1	0		553	20260830-204232
h;	31.4	0.0	0.0	98.0	161.0	0.0	0.0	0		554	20260830-204232
xe	50.2	0.0	0.0	146.6	175.9	0.0	0.0	0		555	20260830-204232
aqud	183.5	241.8	394.4	78.4	271.3	332.5	483.4	0		556	20260830-204232
hzwe	43.9	254.2	276.6	91.3	135.6	390.9	417.6	0		557	20260830-204232
f,	46.6	0.0	0.0	91.1	149.7	0.0	0.0	0		558	20260830-204232
iw.;	57.7	192.9	356.1	82.6	146.1	0.0	0.0	1	iw.,	559	20260830-204232
dki,	82.9	253.2	435.3	75.0	158.2	340.0	535.0	0		560	20260830-204232
tetg	74.6	263.7	267.7	128.8	151.7	349.6	353.7	0		561	20260830-204232
tvxt	225.7	379.9	530.0	92.8	331.8	581.6	608.3	0		562	20260830-204232
/oor	202.6	367.9	490.7	109.6	287.8	481.4	598.2	0		563	20260830-204232
qeif	151.3	240.9	395.6	98.0	245.2	331.6	496.9	0		564	20260830-204232
;grn	99.2	283.1	319.5	105.6	176.6	374.6	428.3	0		565	20260830-204232
bb	156.9	0.0	0.0	63.3	246.6	0.0	0.0	0		566	20260830-204232
n,	64.5	0.0	0.0	162.4	198.5	0.0	0.0	0		567	20260830-204232
zm	61.3	0.0	0.0	110.7	156.2	0.0	0.0	0		568	20260830-204232
,r,q	71.6	193.9	301.3	86.0	166.8	318.9	421.6	0		569	20260830-204232
gvps	200.7	261.0	406.6	75.1	289.0	363.8	505.2	0		570	20260830-204232
oyc,	47.4	179.3	283.6	114.3	137.4	278.8	380.8	0		571	20260830-204232
n/sv	60.7	151.1	251.0	140.5	193.6	288.6	388.1	0		572	20260830-204232
ulcy	41.8	134.2	226.5	110.4	147.5	233.2	319.8	0		573	20260830-204232
qyqa	89.5	205.2	454.6	102.6	178.6	308.5	570.1	0		574	20260830-204232
fnmn	136.4	328.2	514.2	89.8	231.8	421.1	609.9	0		575	20260830-204232
/r	54.8	0.0	0.0	116.5	145.1	0.0	0.0	0		576	20260830-204232
hqad	46.5	210.0	0.0	81.6	182.1	0.0	0.0	1	hqd	577	20260830-204232
qwes	45.3	106.7	329.2	173.6	195.4	210.4	431.2	0		578	20260830-204232
ydgv	62.8	372.1	615.0	91.3	162.0	492.1	722.8	0		579	20260830-204232
e/qb	71.4	212.0	324.7	96.6	179.8	383.4	439.7	0		580	20260830-204232
/awb	28.8	189.8	399.0	107.0	166.9	301.8	515.3	0		581	20260830-204232
rb;.	210.4	244.5	453.5	62.1	291.2	350.8	581.9	0		582	20260830-204232
ep	52.3	0.0	0.0	78.8	137.8	0.0	0.0	0		583	20260830-204232
vmhu	66.4	206.1	376.2	114.4	118.4	292.2	464.0	0		584	20260830-204232
ei.d	44.9	250.6	316.5	84.2	120.0	368.2	376.9	0		585	20260830-204232
fusv	52.0	135.8	252.8	82.7	141.1	294.4	377.6	0		586	20260830-204232
mlq.	56.4	113.7	274.5	139.7	149.6	235.7	384.7	0		1	20260830-220432
yxgb	63.5	212.7	423.0	81.2	173.2	311.5	515.2	0		2	20260830-220432
ayir	85.9	157.2	257.3	97.9	174.3	279.4	349.2	0		3	20260830-220432
jk	48.4	0.0	0.0	102.3	154.9	0.0	0.0	0		4	20260830-220432
nvun	68.5	202.7	391.1	76.3	190.7	280.3	482.3	0		5	20260830-220432
tz	63.5	0.0	0.0	136.4	225.1	0.0	0.0	0		6	20260830-220432
eb	87.0	0.0	0.0	121.1	195.4	0.0	0.0	0		7	20260830-220432
zj	63.1	0.0	0.0	110.6	150.7	0.0	0.0	0		8	20260830-220432
at	74.1	0.0	0.0	134.8	167.3	0.0	0.0	0		9	20260830-220432
y;me	34.4	238.9	298.8	93.3	130.2	340.2	366.4	0		10	20260830-220432
abuu	39.1	170.2	313.1	111.1	118.7	249.5	402.4	0		11	20260830-220432
,.uf	33.6	208.6	307.6	151.2	146.4	320.9	401.1	0		12	20260830-220432
us	38.9	0.0	0.0	93.6	134.4	0.0	0.0	0		13	20260830-220432
mg	66.1	0.0	0.0	92.4	149.6	0.0	0.0	0		14	20260830-220432
yhrk	184.7	0.0	0.0	77.6	0.0	0.0	0.0	1	yj	15	20260830-220432
mlm/	86.0	240.2	462.4	125.3	195.2	369.8	586.4	0		16	20260830-220432
qv	69.6	0.0	0.0	115.4	198.1	0.0	0.0	0		17	20260830-220432
hcma	90.7	215.0	288.6	82.1	166.0	307.7	392.6	0		18	20260830-220432
ay	77.1	0.0	0.0	96.3	163.7	0.0	0.0	0		19	20260830-220432
f,vi	88.5	220.3	300.8	84.0	153.9	336.8	377.7	0		20	20260830-220432
xc	68.7	0.0	0.0	150.0	207.9	0.0	0.0	0		21	20260830-220432
inl/	4.6	201.0	424.5	101.0	137.3	303.2	0.0	1	inll	22	20260830-220432
qera	216.3	298.6	584.6	128.2	386.5	406.2	706.8	0		23	20260830-220432
pl	192.0	0.0	0.0	83.2	299.4	0.0	0.0	0		24	20260830-220432
l.lg	203.2	366.6	465.8	92.3	265.6	470.7	560.5	0		25	20260830-220432
qd	130.1	0.0	0.0	124.4	229.4	0.0	0.0	0		26	20260830-220432
s.zg	117.7	243.1	343.9	89.7	230.6	384.5	445.1	0		27	20260830-220432
utqo	73.5	218.1	257.0	100.4	159.6	334.1	357.5	0		28	20260830-220432
ry	76.4	0.0	0.0	89.7	160.3	0.0	0.0	0		29	20260830-220432
,njj	65.1	280.8	438.2	138.2	157.5	371.1	517.2	0		30	20260830-220432
sawe	75.6	309.7	430.8	131.7	204.5	513.4	591.4	0		31	20260830-220432
iw	69.5	0.0	0.0	94.1	156.0	0.0	0.0	0		32	20260830-220432
zx	70.1	0.0	0.0	172.2	205.0	0.0	0.0	0		33	20260830-220432
fofw	90.8	191.8	287.5	85.8	166.9	357.3	425.5	0		34	20260830-220432
sq	96.1	0.0	0.0	146.3	255.8	0.0	0.0	0		35	20260830-220432
.r	87.0	0.0	0.0	136.5	185.3	0.0	0.0	0		36	20260830-220432
,j	66.3	0.0	0.0	146.5	188.6	0.0	0.0	0		37	20260830-220432
of	59.8	0.0	0.0	95.1	162.7	0.0	0.0	0		38	20260830-220432
hq	58.7	0.0	0.0	93.0	175.0	0.0	0.0	0		39	20260830-220432
rjxe	85.7	264.8	427.4	81.2	173.2	391.4	513.7	0		40	20260830-220432
pb	100.4	0.0	0.0	96.2	189.9	0.0	0.0	0		41	20260830-220432
ge	48.5	0.0	0.0	109.6	187.8	0.0	0.0	0		42	20260830-220432
;;	165.7	0.0	0.0	63.0	247.8	0.0	0.0	0		43	20260830-220432
en	62.0	0.0	0.0	88.3	147.4	0.0	0.0	0		44	20260830-220432
n,bs	92.8	186.7	230.6	190.8	219.7	313.5	410.3	0		45	20260830-220432
t,c;	64.6	223.3	274.1	95.9	155.4	331.5	387.8	0		46	20260830-220432
iyyl	223.7	362.7	554.5	94.4	294.5	457.6	669.3	0		47	20260830-220432
ou	32.1	0.0	0.0	112.7	163.4	0.0	0.0	0		48	20260830-220432
zt	111.3	0.0	0.0	164.5	209.9	0.0	0.0	0		49	20260830-220432
/j.i	64.3	450.9	0.0	144.7	170.2	0.0	0.0	1	/jk	50	20260830-220432
.j	42.4	0.0	0.0	143.5	138.7	0.0	0.0	0		51	20260830-220432
rcie	208.8	269.9	432.0	68.0	278.7	358.1	506.0	0		52	20260830-220432
vizl	78.0	198.4	0.0	99.0	168.4	0.0	0.0	1	via	53	20260830-220432
po	39.8	0.0	0.0	154.2	196.6	0.0	0.0	0		54	20260830-220432
hv,p	103.0	227.1	421.3	90.1	231.4	325.5	526.8	0		55	20260830-220432
iq	69.2	0.0	0.0	90.0	178.7	0.0	0.0	0		56	20260830-220432
qm,o	102.1	206.3	467.0	119.8	248.7	339.5	573.6	0		57	20260830-220432
j;hi	28.7	226.1	328.5	140.0	147.3	417.9	447.7	0		58	20260830-220432
ee	190.1	0.0	0.0	75.2	279.0	0.0	0.0	0		59	20260830-220432
/m	49.4	0.0	0.0	144.9	155.2	0.0	0.0	0		60	20260830-220432
af	80.4	0.0	0.0	138.8	191.0	0.0	0.0	0		61	20260830-220432
ol.c	187.8	206.8	0.0	82.4	0.0	0.0	0.0	1	olo	62	20260830-220432
gknu	46.7	200.1	388.9	104.3	129.4	276.2	466.7	0		63	20260830-220432
yh	176.4	0.0	0.0	74.4	262.9	0.0	0.0	0		64	20260830-220432
/e	61.8	0.0	0.0	108.6	146.3	0.0	0.0	0		65	20260830-220432
th	41.8	0.0	0.0	78.3	123.1	0.0	0.0	0		66	20260830-220432
al	30.7	0.0	0.0	99.8	130.7	0.0	0.0	0		67	20260830-220432
hq	40.4	0.0	0.0	84.3	160.9	0.0	0.0	0		68	20260830-220432
nqjy	74.4	198.9	370.9	92.3	190.4	284.0	454.8	0		69	20260830-220432
wdln	71.4	168.4	262.0	137.8	207.0	323.3	420.0	0		70	20260830-220432
i,	218.9	0.0	0.0	103.8	313.3	0.0	0.0	0		71	20260830-220432
zb	130.2	0.0	0.0	148.1	215.1	0.0	0.0	0		72	20260830-220432
k;fk	62.9	149.1	229.5	135.6	177.2	240.6	350.4	0		73	20260830-220432
uo	58.8	0.0	0.0	101.2	125.5	0.0	0.0	0		74	20260830-220432
;t	71.5	0.0	0.0	93.0	154.9	0.0	0.0	0		75	20260830-220432
ij	83.0	0.0	0.0	146.1	186.6	0.0	0.0	0		76	20260830-220432
lgxm	89.3	252.5	339.7	104.5	169.0	0.0	0.0	1	lgxn	77	20260830-220432
hmuf	191.9	358.9	451.9	80.2	264.1	447.1	555.0	0		78	20260830-220432
lmvv	52.1	252.3	427.0	116.8	127.2	354.9	548.5	0		79	20260830-220432
udta	71.3	254.3	320.3	112.8	168.7	390.5	487.4	0		80	20260830-220432
sr	104.9	0.0	0.0	164.7	207.8	0.0	0.0	0		81	20260830-220432
lr	38.5	0.0	0.0	96.9	124.8	0.0	0.0	0		82	20260830-220432
bnxa	71.4	242.1	796.0	85.5	154.2	362.4	905.8	0		83	20260830-220432
fg,l	188.0	265.3	402.5	96.1	289.1	378.6	522.9	0		84	20260830-220432
rr/s	137.5	261.2	364.3	77.0	220.7	387.9	455.9	0		85	20260830-220432
,k	209.4	0.0	0.0	106.5	288.2	0.0	0.0	0		86	20260830-220432
h/ho	36.5	243.7	328.5	133.4	167.1	383.4	459.4	0		87	20260830-220432
s.	66.3	0.0	0.0	98.4	198.7	0.0	0.0	0		88	20260830-220432
pd	36.8	0.0	0.0	89.1	117.4	0.0	0.0	0		89	20260830-220432
bvp;	163.7	309.7	550.1	77.7	267.3	399.1	675.2	0		90	20260830-220432
ufmx	75.7	239.0	372.4	91.6	171.8	344.3	467.6	0		91	20260830-220432
uu	131.1	0.0	0.0	74.4	220.5	0.0	0.0	0		92	20260830-220432
,w	69.1	0.0	0.0	110.1	162.7	0.0	0.0	0		93	20260830-220432
yt	59.9	0.0	0.0	76.2	154.2	0.0	0.0	0		94	20260830-220432
qjif	55.5	118.9	204.8	100.3	195.4	191.4	308.0	0		95	20260830-220432
.njc	51.8	251.6	294.1	135.3	119.2	345.8	398.8	0		96	20260830-220432
vlf;	51.0	199.0	249.1	92.4	139.4	295.6	370.5	0		97	20260830-220432
vyer	70.6	177.0	251.9	90.4	133.7	315.1	365.7	0		98	20260830-220432
dq	44.7	0.0	0.0	100.0	177.2	0.0	0.0	0		99	20260830-220432
ud,x	88.1	220.7	318.2	103.8	167.5	324.7	435.2	0		100	20260830-220432
.o/a	225.6	428.4	504.3	92.9	298.8	552.1	618.2	0		101	20260830-220432
cijl	82.0	155.0	300.5	89.0	203.1	246.9	415.9	0		102	20260830-220432
,ax;	84.3	303.6	0.0	142.2	204.9	0.0	0.0	1	,az	103	20260830-220432
riwx	79.2	112.1	363.4	116.4	210.8	222.8	480.2	0		104	20260830-220432
/k	73.6	0.0	0.0	124.7	200.2	0.0	0.0	0		105	20260830-220432
vqr;	81.4	252.9	0.0	123.9	0.0	0.0	0.0	1	vq;	106	20260830-220432
vh	67.8	0.0	0.0	122.7	144.9	0.0	0.0	0		107	20260830-220432
dk	46.2	0.0	0.0	73.9	143.2	0.0	0.0	0		108	20260830-220432
k.	43.7	0.0	0.0	124.4	163.3	0.0	0.0	0		109	20260830-220432
ip	50.4	0.0	0.0	102.0	162.1	0.0	0.0	0		110	20260830-220432
;ujf	68.1	237.2	280.3	145.0	140.4	336.6	364.7	0		111	20260830-220432
;b	62.0	0.0	0.0	89.8	132.2	0.0	0.0	0		112	20260830-220432
axrj	215.3	367.1	478.0	112.4	321.7	468.8	602.8	0		113	20260830-220432
nlhu	59.7	225.6	402.7	120.2	169.5	327.1	544.3	0		114	20260830-220432
ec	200.0	0.0	0.0	71.4	286.6	0.0	0.0	0		115	20260830-220432
io	75.3	0.0	0.0	144.3	205.3	0.0	0.0	0		116	20260830-220432
kzgu	45.1	201.8	257.9	79.9	138.0	298.6	347.9	0		117	20260830-220432
;oc,	171.3	293.5	456.0	94.8	289.0	384.6	602.1	0		118	20260830-220432
uv	76.5	0.0	0.0	100.5	212.6	0.0	0.0	0		119	20260830-220432
am	48.4	0.0	0.0	86.0	159.0	0.0	0.0	0		120	20260830-220432
euqj	67.7	146.7	262.0	82.7	151.2	266.2	370.1	0		121	20260830-220432
ai	53.2	0.0	0.0	105.5	141.8	0.0	0.0	0		122	20260830-220432
/v	50.9	0.0	0.0	106.8	155.1	0.0	0.0	0		123	20260830-220432
bh/p	51.2	146.2	415.9	88.1	159.8	277.1	519.6	0		124	20260830-220432
hk	35.2	0.0	0.0	84.6	125.8	0.0	0.0	0		125	20260830-220432
wyqw	94.8	201.8	254.9	83.9	161.9	404.4	289.1	0		126	20260830-220432
d.	42.5	0.0	0.0	81.0	163.9	0.0	0.0	0		127	20260830-220432
fp,l	58.0	264.5	425.3	94.9	152.5	379.4	538.7	0		128	20260830-220432
gi;n	24.8	166.9	321.1	97.3	122.8	316.5	425.2	0		129	20260830-220432
fa	61.8	0.0	0.0	127.1	186.5	0.0	0.0	0		130	20260830-220432
,emt	105.6	206.3	353.1	99.7	175.2	306.4	443.3	0		131	20260830-220432
c,vt	80.4	257.3	486.1	117.6	188.5	373.2	595.5	0		132	20260830-220432
,l	27.0	0.0	0.0	130.5	100.7	0.0	0.0	0		133	20260830-220432
.qos	90.3	231.9	311.5	85.4	197.4	326.2	413.5	0		134	20260830-220432
zk	74.6	0.0	0.0	118.6	165.9	0.0	0.0	0		135	20260830-220432
h.nk	23.8	234.1	345.2	114.3	163.9	432.1	455.4	0		136	20260830-220432
cq	68.7	0.0	0.0	124.0	186.7	0.0	0.0	0		137	20260830-220432
,usp	84.6	173.8	281.6	117.6	189.0	277.7	404.3	0		138	20260830-220432
mc	49.3	0.0	0.0	96.9	167.8	0.0	0.0	0		139	20260830-220432
kp	80.4	0.0	0.0	118.5	190.0	0.0	0.0	0		140	20260830-220432
lutc	65.4	189.4	285.5	134.1	177.8	349.6	419.0	0		141	20260830-220432
j/e.	69.5	259.7	410.7	139.1	244.6	342.1	557.7	0		142	20260830-220432
jwjf	60.2	176.9	235.3	68.3	146.4	279.5	331.0	0		143	20260830-220432
ajun	45.8	199.2	364.5	119.0	124.6	270.4	466.9	0		144	20260830-220432
niny	67.3	265.6	459.0	152.4	172.9	353.0	546.0	0		145	20260830-220432
aa	143.1	0.0	0.0	72.9	242.8	0.0	0.0	0		146	20260830-220432
ldzm	46.0	237.2	292.0	103.7	129.0	365.2	405.6	0		147	20260830-220432
mmny	119.2	291.1	472.4	58.1	200.7	359.9	563.0	0		148	20260830-220432
zhjc	80.5	247.2	277.8	120.0	151.4	362.4	368.7	0		149	20260830-220432
jsc/	78.3	249.0	273.4	105.7	156.9	345.4	400.7	0		150	20260830-220432
mecy	38.2	227.8	307.3	93.7	97.6	316.8	385.5	0		151	20260830-220432
z.	45.8	0.0	0.0	104.8	142.9	0.0	0.0	0		152	20260830-220432
sns;	81.3	182.2	264.4	85.3	157.1	276.7	378.6	0		153	20260830-220432
pwfp	42.3	154.2	209.8	84.4	128.4	256.1	326.6	0		154	20260830-220432
vt	205.3	0.0	0.0	93.6	289.3	0.0	0.0	0		155	20260830-220432
ujpe	180.8	263.2	336.3	90.6	246.7	381.5	418.6	0		156	20260830-220432
bvai	179.4	307.4	412.9	102.8	290.7	436.9	514.2	0		157	20260830-220432
x;	48.0	0.0	0.0	101.7	123.0	0.0	0.0	0		158	20260830-220432
jqg;	69.2	203.2	257.2	91.4	184.2	313.8	359.7	0		159	20260830-220432
v;gm	85.6	214.8	244.3	111.1	168.3	302.9	348.1	0		160	20260830-220432
td	72.9	0.0	0.0	127.5	200.0	0.0	0.0	0		161	20260830-220432
;m	63.1	0.0	0.0	115.5	161.9	0.0	0.0	0		162	20260830-220432
pryw	65.1	179.0	245.3	91.3	154.4	263.6	351.2	0		163	20260830-220432
rj	33.1	0.0	0.0	82.7	123.7	0.0	0.0	0		164	20260830-220432
;ckq	102.5	187.8	319.6	127.5	182.3	273.9	454.0	0		165	20260830-220432
s;	32.1	0.0	0.0	96.9	131.9	0.0	0.0	0		166	20260830-220432
wy	56.7	0.0	0.0	87.9	134.4	0.0	0.0	0		167	20260830-220432
/icq	66.8	186.8	409.4	132.0	191.2	280.1	537.0	0		168	20260830-220432
.bcd	126.0	155.1	405.7	150.0	241.6	226.9	0.0	0		169	20260830-220432
.tgv	88.4	278.8	492.6	123.9	174.7	367.0	0.0	1	.tgb	170	20260830-220432
fyjv	49.6	228.3	363.8	86.5	119.0	324.5	481.4	0		171	20260830-220432
fv	176.0	0.0	0.0	71.4	285.6	0.0	0.0	0		172	20260830-220432
haem	85.1	205.1	281.6	93.0	175.2	294.4	410.1	0		173	20260830-220432
yc	38.4	0.0	0.0	77.9	119.2	0.0	0.0	0		174	20260830-220432
qt	62.6	0.0	0.0	143.2	165.0	0.0	0.0	0		175	20260830-220432
uryh	83.1	240.2	447.6	104.9	182.2	331.3	542.4	0		176	20260830-220432
xk	45.5	0.0	0.0	124.7	132.9	0.0	0.0	0		177	20260830-220432
cr	89.8	0.0	0.0	156.6	198.9	0.0	0.0	0		178	20260830-220432
cs	53.7	0.0	0.0	108.5	190.1	0.0	0.0	0		179	20260830-220432
pg	51.1	0.0	0.0	87.0	132.3	0.0	0.0	0		180	20260830-220432
jx	46.5	0.0	0.0	90.3	146.4	0.0	0.0	0		181	20260830-220432
ffpq	156.3	325.9	0.0	79.0	251.9	0.0	0.0	1	ffq	182	20260830-220432
ue	53.4	0.0	0.0	101.0	140.0	0.0	0.0	0		183	20260830-220432
yk	52.1	0.0	0.0	104.3	177.7	0.0	0.0	0		184	20260830-220432
js	40.2	0.0	0.0	86.1	136.7	0.0	0.0	0		185	20260830-220432
wr	85.7	0.0	0.0	157.9	206.1	0.0	0.0	0		186	20260830-220432
l,	92.4	0.0	0.0	173.3	256.9	0.0	0.0	0		187	20260830-220432
me	38.4	0.0	0.0	103.3	124.7	0.0	0.0	0		188	20260830-220432
i/	45.6	0.0	0.0	138.2	170.3	0.0	0.0	0		189	20260830-220432
caci	49.0	229.6	417.4	105.1	155.3	390.0	503.5	0		190	20260830-220432
yq	55.0	0.0	0.0	78.2	163.7	0.0	0.0	0		191	20260830-220432
kb	59.4	0.0	0.0	97.4	159.9	0.0	0.0	0		192	20260830-220432
/ayc	82.3	181.5	314.7	108.6	177.5	265.4	408.7	0		193	20260830-220432
ok	173.2	0.0	0.0	89.8	257.1	0.0	0.0	0		194	20260830-220432
fk	39.2	0.0	0.0	79.8	122.0	0.0	0.0	0		195	20260830-220432
qz,d	207.8	0.0	0.0	84.6	0.0	0.0	0.0	1	qa	196	20260830-220432
e;	59.0	0.0	0.0	88.3	152.0	0.0	0.0	0		197	20260830-220432
nv	78.3	0.0	0.0	95.0	212.0	0.0	0.0	0		198	20260830-220432
op	57.9	0.0	0.0	144.1	210.8	0.0	0.0	0		199	20260830-220432
em	49.7	0.0	0.0	73.6	161.0	0.0	0.0	0		200	20260830-220432
d.ek	66.0	191.1	269.4	80.9	159.8	276.4	360.9	0		201	20260830-220432
.j	57.2	0.0	0.0	127.5	177.0	0.0	0.0	0		202	20260830-220432
s,	49.8	0.0	0.0	95.9	158.4	0.0	0.0	0		203	20260830-220432
fqhv	27.4	151.4	261.5	131.0	146.2	238.2	389.2	0		204	20260830-220432
moqx	40.6	132.8	408.5	137.7	123.1	258.2	547.9	0		205	20260830-220432
snbe	82.9	226.5	305.8	89.7	181.8	350.2	410.1	0		206	20260830-220432
tpoa	67.7	167.9	281.7	99.5	149.9	317.8	396.2	0		207	20260830-220432
hngw	182.1	378.9	445.2	86.8	279.6	516.3	590.0	0		208	20260830-220432
ni	75.7	0.0	0.0	160.1	165.7	0.0	0.0	0		209	20260830-220432
hj	183.1	0.0	0.0	80.5	275.8	0.0	0.0	0		210	20260830-220432
alpy	51.9	246.8	285.1	132.9	137.5	382.1	435.5	0		211	20260830-220432
vd	78.0	0.0	0.0	139.2	172.5	0.0	0.0	0		212	20260830-220432
m,jq	64.1	228.8	299.8	121.4	176.3	368.8	413.8	0		213	20260830-220432
dw	48.2	0.0	0.0	113.9	198.5	0.0	0.0	0		214	20260830-220432
a/	39.8	0.0	0.0	96.2	137.7	0.0	0.0	0		215	20260830-220432
x/	63.7	0.0	0.0	92.2	150.0	0.0	0.0	0		216	20260830-220432
fc	64.0	0.0	0.0	120.7	168.1	0.0	0.0	0		217	20260830-220432
wz	229.6	0.0	0.0	85.5	343.2	0.0	0.0	0		218	20260830-220432
f,	72.3	0.0	0.0	95.6	185.8	0.0	0.0	0		219	20260830-220432
ca	108.0	0.0	0.0	126.6	226.2	0.0	0.0	0		220	20260830-220432
fsp,	56.2	150.7	378.6	130.1	174.5	228.9	479.7	0		221	20260830-220432
qis;	96.3	225.5	282.4	114.0	176.2	326.4	391.1	0		222	20260830-220432
ts	70.9	0.0	0.0	122.9	183.8	0.0	0.0	0		223	20260830-220432
if.y	64.8	203.0	302.4	69.7	177.3	360.5	398.0	0		224	20260830-220432
wv	48.0	0.0	0.0	120.9	204.7	0.0	0.0	0		225	20260830-220432
pl	192.8	0.0	0.0	92.0	313.6	0.0	0.0	0		226	20260830-220432
/p	190.5	0.0	0.0	70.2	285.1	0.0	0.0	0		227	20260830-220432
ejbo	59.4	198.6	250.1	74.8	138.9	301.6	373.0	0		228	20260830-220432
z/mk	67.0	154.4	277.2	125.5	144.2	368.5	374.6	0		229	20260830-220432
pe	50.2	0.0	0.0	80.8	131.3	0.0	0.0	0		230	20260830-220432
;brk	103.0	287.8	338.3	111.6	176.4	379.9	436.3	0		231	20260830-220432
ri	46.4	0.0	0.0	87.3	139.9	0.0	0.0	0		232	20260830-220432
lbj.	85.2	161.0	292.5	75.3	170.6	288.3	392.1	0		233	20260830-220432
/;	144.7	0.0	0.0	64.3	251.4	0.0	0.0	0		234	20260830-220432
fwpd	27.7	142.2	278.1	108.2	127.3	232.5	370.1	0		235	20260830-220432
.q	57.7	0.0	0.0	116.4	171.8	0.0	0.0	0		236	20260830-220432
afze	66.6	265.5	459.7	145.5	174.5	427.0	558.5	0		237	20260830-220432
lu	76.8	0.0	0.0	148.6	193.3	0.0	0.0	0		238	20260830-220432
/f	65.9	0.0	0.0	133.0	172.8	0.0	0.0	0		239	20260830-220432
;g	62.1	0.0	0.0	108.5	156.2	0.0	0.0	0		240	20260830-220432
d,	75.9	0.0	0.0	82.8	186.7	0.0	0.0	0		241	20260830-220432
wt	54.2	0.0	0.0	137.5	176.6	0.0	0.0	0		242	20260830-220432
an	73.9	0.0	0.0	105.5	164.1	0.0	0.0	0		243	20260830-220432
oj	65.4	0.0	0.0	96.7	193.3	0.0	0.0	0		244	20260830-220432
gogf	21.3	177.0	357.0	79.2	90.9	258.7	450.3	0		245	20260830-220432
.e	88.7	0.0	0.0	124.8	158.9	0.0	0.0	0		246	20260830-220432
hnhu	195.4	345.2	504.7	83.3	254.2	416.8	590.9	0		247	20260830-220432
tckq	94.2	184.7	322.1	153.1	197.8	278.2	437.2	0		248	20260830-220432
gy	63.6	0.0	0.0	116.8	145.6	0.0	0.0	0		249	20260830-220432
iydq	75.2	192.4	267.7	154.3	170.8	322.8	408.8	0		250	20260830-220432
gi	46.7	0.0	0.0	98.6	141.6	0.0	0.0	0		251	20260830-220432
leim	98.4	139.9	266.6	94.1	184.7	333.8	385.0	0		252	20260830-220432
qj	32.1	0.0	0.0	94.6	125.4	0.0	0.0	0		253	20260830-220432
xg	86.0	0.0	0.0	112.3	197.0	0.0	0.0	0		254	20260830-220432
w/	53.8	0.0	0.0	95.3	164.5	0.0	0.0	0		255	20260830-220432
l;m/	63.5	274.6	435.1	167.3	198.2	439.5	547.2	0		256	20260830-220432
broe	209.4	294.3	408.2	107.8	313.4	389.7	503.9	0		257	20260830-220432
u/uu	25.1	220.2	352.1	123.3	156.6	308.9	449.5	0		258	20260830-220432
ke	69.9	0.0	0.0	85.2	154.3	0.0	0.0	0		259	20260830-220432
iwv,	48.9	161.3	261.0	86.1	133.5	281.9	379.8	0		260	20260830-220432
/q	53.2	0.0	0.0	94.1	156.8	0.0	0.0	0		261	20260830-220432
xq	75.9	0.0	0.0	142.3	225.2	0.0	0.0	0		262	20260830-220432
if	46.2	0.0	0.0	82.1	134.8	0.0	0.0	0		263	20260830-220432
mp;o	72.8	292.2	501.1	130.2	183.9	395.2	0.0	1	mp;i	264	20260830-220432
.v	90.2	0.0	0.0	128.5	200.6	0.0	0.0	0		265	20260830-220432
ha	59.9	0.0	0.0	81.2	182.8	0.0	0.0	0		266	20260830-220432
ah	39.1	0.0	0.0	121.0	116.7	0.0	0.0	0		267	20260830-220432
ngx;	60.4	209.2	267.9	90.1	139.6	312.1	357.9	0		268	20260830-220432
sa	70.2	0.0	0.0	135.6	205.6	0.0	0.0	0		269	20260830-220432
mhtx	154.4	274.1	451.8	71.1	243.3	375.8	555.9	0		270	20260830-220432
porn	139.3	267.6	370.4	99.9	240.2	374.6	467.7	0		271	20260830-220432
ql	44.5	0.0	0.0	111.3	153.4	0.0	0.0	0		272	20260830-220432
tmib	0.0	0.0	0.0	0.0	0.0	0.0	0.0	1	i	273	20260830-220432
ii/w	138.3	384.0	504.8	95.6	270.3	517.9	597.8	0		274	20260830-220432
nk.i	116.3	198.9	401.5	167.4	257.1	453.5	527.0	0		275	20260830-220432
falf	62.0	139.6	237.6	132.7	178.0	242.3	378.1	0		276	20260830-220432
bl	42.7	0.0	0.0	100.8	156.9	0.0	0.0	0		277	20260830-220432
cvyi	33.6	153.8	230.5	132.5	149.8	277.4	352.7	0		278	20260830-220432
tp	49.8	0.0	0.0	91.1	157.5	0.0	0.0	0		279	20260830-220432
wbiv	96.4	164.9	301.3	103.2	199.3	271.6	416.6	0		280	20260830-220432
r/t.	58.7	214.8	270.1	91.9	157.4	319.3	423.8	0		281	20260830-220432
ifeb	73.4	164.7	340.5	109.0	168.4	293.6	437.0	0		282	20260830-220432
fy	80.0	0.0	0.0	98.6	158.2	0.0	0.0	0		283	20260830-220432
nz.f	52.2	167.8	255.5	79.3	159.0	301.0	343.7	0		284	20260830-220432
jxxk	95.3	238.4	309.2	89.6	170.3	336.1	415.2	0		285	20260830-220432
dwos	35.1	113.0	249.0	95.8	135.5	216.0	354.2	0		286	20260830-220432
jh/n	0.0	0.0	0.0	0.0	0.0	0.0	0.0	1	h	287	20260830-220432
iqjf	69.2	181.0	275.3	105.3	164.3	297.6	383.8	0		288	20260830-220432
fd	76.4	0.0	0.0	128.8	199.7	0.0	0.0	0		289	20260830-220432
qzgb	213.4	459.5	693.5	86.5	318.9	562.3	792.5	0		290	20260830-220432
k/iw	24.3	238.3	317.3	121.3	152.5	350.3	426.6	0		291	20260830-220432
spuu	61.0	126.1	293.5	88.7	135.1	224.2	383.3	0		292	20260830-220432
tvxb	265.3	504.0	691.1	98.2	375.9	584.2	778.3	0		293	20260830-220432
kxsr	58.2	272.3	372.3	91.3	140.3	444.5	509.2	0		294	20260830-220432
l,qv	173.3	240.4	289.7	110.6	294.4	380.2	465.2	0		295	20260830-220432
njr,	152.5	246.0	343.2	73.7	250.8	332.0	0.0	1	njr.	296	20260830-220432
ttia	161.2	309.5	390.4	65.4	250.3	401.3	507.5	0		297	20260830-220432
ofhp	91.2	174.8	268.8	106.5	206.7	293.8	389.8	0		298	20260830-220432
fxfg	29.1	240.2	435.3	138.8	132.8	340.3	547.7	0		299	20260830-220432
bg	190.2	0.0	0.0	90.2	295.7	0.0	0.0	0		300	20260830-220432
wq	66.5	0.0	0.0	156.3	207.1	0.0	0.0	0		301	20260830-220432
qvfp	56.2	243.8	303.2	118.7	154.0	344.3	407.7	0		302	20260830-220432
pa	28.7	0.0	0.0	93.2	133.3	0.0	0.0	0		303	20260830-220432
..	129.7	0.0	0.0	75.6	219.0	0.0	0.0	0		304	20260830-220432
y,dr	64.1	177.7	230.8	149.6	207.3	302.4	380.4	0		305	20260830-220432
vv	145.2	0.0	0.0	95.0	261.4	0.0	0.0	0		306	20260830-220432
vqsl	64.8	283.0	333.3	148.7	189.1	378.9	441.3	0		307	20260830-220432
thum	56.8	84.1	0.0	0.0	0.0	0.0	0.0	1	thy	308	20260830-220432
ha	43.2	0.0	0.0	77.2	139.6	0.0	0.0	0		309	20260830-220432
mykv	151.9	304.8	348.8	62.5	225.0	414.4	486.6	0		310	20260830-220432
dexi	178.6	363.9	454.0	79.6	258.0	484.2	552.5	0		311	20260830-220432
hm	178.5	0.0	0.0	64.9	265.5	0.0	0.0	0		312	20260830-220432
xt	104.7	0.0	0.0	131.2	219.4	0.0	0.0	0		313	20260830-220432
jgcq	57.8	211.2	360.4	98.9	147.2	407.8	498.1	0		314	20260830-220432
iz/m	69.1	191.4	314.1	92.0	186.9	308.6	467.2	0		315	20260830-220432
oq	46.2	0.0	0.0	99.7	157.1	0.0	0.0	0		316	20260830-220432
u.	46.6	0.0	0.0	107.2	158.4	0.0	0.0	0		317	20260830-220432
b;om	38.0	211.3	302.0	87.8	132.5	384.4	417.2	0		318	20260830-220432
p/x.	240.0	0.0	0.0	88.1	0.0	0.0	0.0	1	p.	319	20260830-220432
pxxq	120.6	270.4	462.2	90.2	211.3	375.0	576.8	0		320	20260830-220432
bdmc	49.9	128.7	271.5	104.7	116.6	250.3	352.9	0		321	20260830-220432
ilqn	51.3	169.7	254.1	144.7	177.6	288.7	375.4	0		322	20260830-220432
kj	75.0	0.0	0.0	122.7	172.8	0.0	0.0	0		323	20260830-220432
;;/o	158.4	372.9	0.0	69.5	266.7	0.0	0.0	1	;;.	324	20260830-220432
hb	66.2	0.0	0.0	94.8	163.1	0.0	0.0	0		325	20260830-220432
uh	167.2	0.0	0.0	72.7	242.6	0.0	0.0	0		326	20260830-220432
ogbq	88.6	483.1	568.5	95.8	180.4	636.1	703.4	0		327	20260830-220432
.zby	38.6	120.6	220.9	82.8	151.8	208.3	293.5	0		328	20260830-220432
lk	63.3	0.0	0.0	110.3	194.0	0.0	0.0	0		329	20260830-220432
zbrm	66.7	260.5	327.3	113.1	141.3	377.0	435.2	0		330	20260830-220432
vtyv	204.3	329.7	516.4	101.3	288.2	432.5	614.7	0		331	20260830-220432
xd	80.7	0.0	0.0	164.3	176.5	0.0	0.0	0		332	20260830-220432
mq	57.0	0.0	0.0	110.7	160.6	0.0	0.0	0		333	20260830-220432
kanw	71.3	166.8	326.0	80.8	182.9	263.8	430.1	0		334	20260830-220432
bf	174.5	0.0	0.0	78.6	272.9	0.0	0.0	0		335	20260830-220432
lrjb	66.6	173.2	305.0	106.8	143.7	293.2	401.5	0		336	20260830-220432
mgfz	51.5	258.1	354.2	106.9	140.0	414.9	479.8	0		337	20260830-220432
otso	59.1	155.9	241.0	99.2	139.1	264.3	328.2	0		338	20260830-220432
c.d;	51.8	186.6	235.3	72.1	119.7	274.2	354.2	0		339	20260830-220432
xujc	56.1	223.3	264.3	95.3	123.8	305.6	351.3	0		340	20260830-220432
umqe	202.3	269.3	407.0	84.1	281.9	486.2	517.6	0		341	20260830-220432
k,b,	189.2	319.7	388.9	79.0	269.0	413.2	502.8	0		342	20260830-220432
.rcf	106.2	344.8	525.2	110.4	197.6	436.7	630.4	0		343	20260830-220432
fu	40.4	0.0	0.0	90.2	147.4	0.0	0.0	0		344	20260830-220432
xc	85.1	0.0	0.0	151.3	173.2	0.0	0.0	0		345	20260830-220432
jy	153.1	0.0	0.0	60.2	234.2	0.0	0.0	0		346	20260830-220432
mv	47.5	0.0	0.0	98.3	158.3	0.0	0.0	0		347	20260830-220432
gs/j	55.2	117.6	215.4	111.9	148.1	226.2	330.5	0		348	20260830-220432
xk.q	25.6	162.8	271.3	88.6	109.1	301.5	378.0	0		349	20260830-220432
ga	52.6	0.0	0.0	125.4	158.2	0.0	0.0	0		350	20260830-220432
uzej	6.5	202.2	250.0	93.9	116.7	281.9	355.7	0		351	20260830-220432
ddxl	134.3	315.5	380.7	74.7	213.7	426.5	489.4	0		352	20260830-220432
lzya	50.5	171.7	280.6	78.9	155.2	258.8	380.0	0		353	20260830-220432
ul	50.8	0.0	0.0	106.1	156.3	0.0	0.0	0		354	20260830-220432
xoxc	58.4	186.7	316.1	80.8	131.5	350.9	420.9	0		355	20260830-220432
ndbq	77.3	274.6	336.8	101.3	182.9	430.1	466.3	0		356	20260830-220432
/mjo	165.5	373.5	634.4	110.9	262.6	464.3	713.1	0		357	20260830-220432
yt	54.5	0.0	0.0	71.8	136.0	0.0	0.0	0		358	20260830-220432
/nro	145.0	271.0	405.5	81.6	250.0	352.4	483.7	0		359	20260830-220432
pv.l	173.4	286.9	480.3	107.1	293.3	395.5	655.8	0		1	20260903-203215
l;.p	63.1	302.8	518.8	175.2	197.9	412.7	0.0	0		2	20260903-203215
szrj	206.7	363.1	457.6	85.7	318.5	465.4	565.4	0		3	20260903-203215
eidr	70.2	235.5	315.0	78.9	157.3	346.5	433.0	0		4	20260903-203215
yv	52.0	0.0	0.0	76.1	164.3	0.0	0.0	0		5	20260903-203215
mp	72.5	0.0	0.0	141.8	181.7	0.0	0.0	0		6	20260903-203215
qfmc	66.0	205.9	321.1	153.0	158.3	307.2	409.4	0		7	20260903-203215
riik	121.8	260.0	462.3	89.4	196.1	344.0	566.7	0		8	20260903-203215
ywlt	49.8	159.2	271.8	79.3	130.1	278.7	364.3	0		9	20260903-203215
hxim	84.8	158.5	284.3	73.4	186.3	299.0	390.0	0		10	20260903-203215
nanr	45.4	176.8	319.8	66.6	147.6	275.8	411.4	0		11	20260903-203215
m.	52.4	0.0	0.0	157.4	177.2	0.0	0.0	0		12	20260903-203215
v/	74.4	0.0	0.0	111.9	175.3	0.0	0.0	0		13	20260903-203215
gp	59.7	0.0	0.0	94.5	161.7	0.0	0.0	0		14	20260903-203215
fpsy	61.7	159.9	253.6	76.2	150.9	284.7	354.4	0		15	20260903-203215
wqj/	56.7	171.2	336.8	143.4	183.5	405.1	470.3	0		16	20260903-203215
raxt	79.4	308.9	452.5	140.0	160.5	484.4	553.5	0		17	20260903-203215
pcuk	88.6	202.2	368.1	97.0	188.7	347.9	505.2	0		18	20260903-203215
lr	79.6	0.0	0.0	111.2	167.9	0.0	0.0	0		19	20260903-203215
net,	66.0	182.8	227.5	89.6	182.1	287.1	346.4	0		20	20260903-203215
ye	56.1	0.0	0.0	86.0	137.9	0.0	0.0	0		21	20260903-203215
.o/r	201.4	395.3	513.0	78.0	264.4	507.9	596.3	0		22	20260903-203215
yqoh	52.8	137.4	273.1	95.1	170.4	294.2	370.4	0		23	20260903-203215
t,	35.3	0.0	0.0	91.5	118.0	0.0	0.0	0		24	20260903-203215
jv	68.2	0.0	0.0	94.3	171.8	0.0	0.0	0		25	20260903-203215
sucw	60.7	192.6	318.5	77.4	160.8	328.4	458.8	0		26	20260903-203215
gf/t	175.8	259.7	401.0	67.9	255.5	375.3	484.0	0		27	20260903-203215
.oya	199.5	230.0	334.1	72.6	291.0	342.7	455.0	0		28	20260903-203215
jaov	100.0	151.0	280.2	86.9	201.2	267.4	381.2	0		29	20260903-203215
/qko	68.6	197.3	338.9	105.2	167.7	396.3	439.8	0		30	20260903-203215
m,rn	51.0	138.2	229.6	117.9	143.3	223.4	328.2	0		31	20260903-203215
lowa	124.3	250.3	398.2	41.8	190.6	376.3	564.6	0		32	20260903-203215
;lzr	41.0	209.3	373.7	147.2	204.5	380.6	463.7	0		33	20260903-203215
ubrs	30.5	305.0	397.1	101.6	128.3	433.3	513.3	0		34	20260903-203215
,;rs	89.5	183.8	260.6	187.9	199.1	315.8	380.4	0		35	20260903-203215
.pke	22.8	277.1	355.7	89.6	168.9	468.4	428.2	0		36	20260903-203215
im,/	2.0	324.5	555.4	141.0	184.3	593.7	721.5	0		37	20260903-203215
.;	44.3	0.0	0.0	133.6	203.5	0.0	0.0	0		38	20260903-203215
xvsb	47.6	260.1	330.4	110.1	146.9	361.4	448.9	0		39	20260903-203215
kyx/	50.2	160.6	250.5	110.4	136.0	258.6	384.4	0		40	20260903-203215
derq	189.1	242.3	398.1	70.6	309.8	345.6	529.7	0		41	20260903-203215
f;zg	59.3	195.3	306.4	87.5	156.1	364.6	416.1	0		42	20260903-203215
evkp	74.4	181.1	192.7	104.5	186.4	0.0	0.0	1	evk,	43	20260903-203215
lyxe	57.3	102.1	172.4	132.8	165.1	249.8	273.9	0		44	20260903-203215
zi	44.7	0.0	0.0	110.9	129.4	0.0	0.0	0		45	20260903-203215
fp	55.6	0.0	0.0	88.0	159.8	0.0	0.0	0		46	20260903-203215
.azi	262.0	0.0	0.0	118.5	0.0	0.0	0.0	1	.z	47	20260903-203215
sl	60.6	0.0	0.0	102.4	157.9	0.0	0.0	0		48	20260903-203215
zgds	71.8	283.9	360.9	133.4	175.8	0.0	0.0	1	zgdx	49	20260903-203215
gvbr	231.6	452.7	667.5	82.2	302.4	521.8	752.0	0		50	20260903-203215
ym	206.9	0.0	0.0	74.9	284.2	0.0	0.0	0		51	20260903-203215
co;j	35.6	68.6	210.4	77.7	94.1	119.8	0.0	1	co;;	52	20260903-203215
nquf	47.5	202.2	263.6	88.4	161.6	293.5	373.5	0		53	20260903-203215
gooz	88.0	213.5	313.5	85.2	155.5	320.3	447.2	0		54	20260903-203215
/onn	169.8	323.1	469.0	82.3	256.9	395.9	577.9	0		55	20260903-203215
yhi;	188.6	0.0	0.0	76.9	0.0	0.0	0.0	1	yj	56	20260903-203215
gzsx	45.0	287.0	501.3	145.6	185.7	372.0	587.8	0		57	20260903-203215
bawz	48.8	295.3	546.2	142.3	188.8	371.3	662.3	0		58	20260903-203215
d;	52.4	0.0	0.0	71.1	142.3	0.0	0.0	0		59	20260903-203215
/.	91.4	0.0	0.0	167.7	231.4	0.0	0.0	0		60	20260903-203215
szxh	226.3	400.8	489.5	106.6	330.0	507.0	584.4	0		61	20260903-203215
ey	50.4	0.0	0.0	79.4	139.6	0.0	0.0	0		62	20260903-203215
p.wd	232.4	324.4	565.5	93.6	384.7	435.1	662.9	0		63	20260903-203215
.phs	239.5	254.3	370.5	110.1	340.0	437.2	482.7	0		64	20260903-203215
lhnw	73.9	239.0	283.6	155.4	130.8	344.9	395.3	0		65	20260903-203215
fj	51.1	0.0	0.0	90.5	145.6	0.0	0.0	0		66	20260903-203215
vf	177.7	0.0	0.0	78.3	269.4	0.0	0.0	0		67	20260903-203215
mn,i	158.3	356.6	563.0	74.3	263.9	437.2	646.4	0		68	20260903-203215
.ujq	158.2	347.6	482.9	124.7	253.1	449.7	605.9	0		69	20260903-203215
i.tm	204.3	280.8	397.9	80.8	287.4	372.7	512.1	0		70	20260903-203215
t;qc	60.9	151.7	422.2	94.1	179.8	277.0	527.0	0		71	20260903-203215
pcli	184.5	298.8	416.3	110.8	265.7	487.8	540.3	0		72	20260903-203215
bbgs	165.2	381.8	548.5	90.9	260.7	461.3	648.7	0		73	20260903-203215
w,cu	86.9	242.5	317.9	75.2	180.8	326.8	414.6	0		74	20260903-203215
u/	142.8	0.0	0.0	83.6	282.4	0.0	0.0	0		75	20260903-203215
cdf.	173.6	323.8	387.7	68.4	254.4	434.3	505.4	0		76	20260903-203215
pj/.	66.5	288.0	516.4	120.6	160.4	413.8	622.1	0		77	20260903-203215
/jp;	58.2	262.3	467.0	130.1	160.5	359.3	563.5	0		78	20260903-203215
wabd	213.5	0.0	0.0	113.9	0.0	0.0	0.0	1	wz	79	20260903-203215
g;	35.1	0.0	0.0	93.7	129.6	0.0	0.0	0		80	20260903-203215
yinw	49.8	224.6	299.1	80.9	184.5	328.0	395.5	0		81	20260903-203215
pq	51.2	0.0	0.0	101.0	151.2	0.0	0.0	0		82	20260903-203215
pdce	95.4	272.0	457.5	107.6	154.6	341.5	533.7	0		83	20260903-203215
rq;.	53.1	121.8	344.7	134.9	184.3	225.5	467.0	0		84	20260903-203215
l.qq	220.7	315.3	479.9	127.3	331.3	410.2	611.1	0		85	20260903-203215
mayz	82.2	183.9	306.3	71.3	183.2	273.0	442.1	0		86	20260903-203215
f;lt	79.2	181.8	376.5	103.4	154.6	381.0	420.9	0		87	20260903-203215
vgah	218.7	322.4	411.5	93.5	293.0	467.4	513.8	0		88	20260903-203215
rj	47.4	0.0	0.0	86.9	119.7	0.0	0.0	0		89	20260903-203215
;sqn	76.6	231.1	289.0	109.5	171.9	375.3	384.4	0		90	20260903-203215
bnfw	49.3	206.9	295.2	84.7	143.9	349.1	426.8	0		91	20260903-203215
yj	169.9	0.0	0.0	76.4	269.7	0.0	0.0	0		92	20260903-203215
/.nz	51.8	233.3	394.8	182.6	203.8	369.2	589.8	0		93	20260903-203215
hwgm	67.2	190.2	256.7	93.7	156.1	291.8	375.0	0		94	20260903-203215
es	96.0	0.0	0.0	132.3	217.2	0.0	0.0	0		95	20260903-203215
cr,r	46.7	107.1	237.2	111.2	130.8	210.3	333.1	0		96	20260903-203215
c,uk	73.2	138.6	303.4	89.1	161.6	348.9	407.4	0		97	20260903-203215
;,	213.1	0.0	0.0	118.5	289.7	0.0	0.0	0		98	20260903-203215
tzsl	225.4	442.7	539.2	91.0	340.9	538.3	632.2	0		99	20260903-203215
lbxb	117.3	349.5	502.1	111.5	193.7	483.1	0.0	0		100	20260903-203215
e.	57.5	0.0	0.0	81.0	170.6	0.0	0.0	0		101	20260903-203215
us..	77.2	190.4	340.9	95.2	168.7	276.4	442.0	0		102	20260903-203215
ojj.	167.0	321.0	508.5	105.4	255.8	405.9	631.6	0		103	20260903-203215
,h	51.3	0.0	0.0	127.1	155.9	0.0	0.0	0		104	20260903-203215
flj.	96.7	209.1	421.3	114.9	263.8	327.9	564.3	0		105	20260903-203215
a/.a	51.5	227.5	301.5	114.3	134.6	362.5	422.4	0		106	20260903-203215
fnrd	91.4	211.5	446.0	90.5	179.8	301.5	533.7	0		107	20260903-203215
dwbx	48.7	316.7	409.4	133.4	168.5	441.3	507.2	0		108	20260903-203215
rp	70.2	0.0	0.0	89.4	155.4	0.0	0.0	0		109	20260903-203215
gzaa	67.2	299.0	0.0	130.3	198.2	0.0	0.0	1	gzs	110	20260903-203215
out,	64.6	154.1	287.6	128.3	171.3	254.2	422.4	0		111	20260903-203215
jurb	144.9	189.8	392.5	64.4	240.5	268.0	502.9	0		112	20260903-203215
pv	69.8	0.0	0.0	100.8	179.6	0.0	0.0	0		113	20260903-203215
ry	71.4	0.0	0.0	91.5	152.5	0.0	0.0	0		114	20260903-203215
rznf	60.2	196.3	296.6	126.3	186.7	277.7	413.6	0		115	20260903-203215
cblm	46.9	108.8	198.9	113.8	143.7	280.0	343.8	0		116	20260903-203215
/s	58.5	0.0	0.0	117.1	157.7	0.0	0.0	0		117	20260903-203215
/sdw	83.7	160.6	291.4	127.5	159.3	370.3	437.4	0		118	20260903-203215
a,qa	56.9	223.6	439.2	120.6	156.0	340.3	563.6	0		119	20260903-203215
/m;w	38.0	225.2	295.3	102.5	135.3	333.4	395.4	0		120	20260903-203215
/asd	83.5	164.2	249.2	121.7	319.2	354.7	379.1	0		121	20260903-203215
jt	71.5	0.0	0.0	93.3	170.9	0.0	0.0	0		122	20260903-203215
nk.a	90.7	266.6	323.1	144.0	197.1	425.3	445.0	0		123	20260903-203215
jzuu	99.4	176.3	323.7	87.7	216.8	267.0	421.7	0		124	20260903-203215
hydw	166.7	224.1	319.4	72.9	234.2	376.1	441.2	0		125	20260903-203215
f,il	73.4	295.4	379.1	111.1	171.9	471.5	543.7	0		126	20260903-203215
etqr	60.5	251.3	335.6	136.5	137.3	434.9	476.9	0		127	20260903-203215
zaoy	194.7	239.0	368.2	88.3	299.0	434.9	474.0	0		128	20260903-203215
wz	214.9	0.0	0.0	91.5	344.4	0.0	0.0	0		129	20260903-203215
azit	203.2	343.9	463.7	112.3	316.5	453.1	582.8	0		130	20260903-203215
dqei	75.4	271.1	336.8	109.7	190.4	360.1	441.7	0		131	20260903-203215
lgey	78.1	212.6	294.2	97.4	194.9	284.2	389.0	0		132	20260903-203215
hz;;	76.1	198.5	365.4	68.8	187.0	293.8	444.0	0		133	20260903-203215
vu	36.5	0.0	0.0	105.5	121.4	0.0	0.0	0		134	20260903-203215
xh	26.4	0.0	0.0	94.9	107.1	0.0	0.0	0		135	20260903-203215
ia	54.9	0.0	0.0	94.7	163.6	0.0	0.0	0		136	20260903-203215
or,w	88.3	219.8	301.5	73.4	169.5	346.9	395.7	0		137	20260903-203215
.pq;	425.7	553.3	900.8	80.9	534.6	652.0	0.0	0		138	20260903-203215
my	169.7	0.0	0.0	71.2	259.7	0.0	0.0	0		139	20260903-203215
zpki	46.1	248.2	0.0	135.7	145.0	0.0	0.0	1	zpi	140	20260903-203215
/p	182.7	0.0	0.0	83.2	268.0	0.0	0.0	0		141	20260903-203215
ws.y	192.6	244.2	420.4	84.7	299.0	409.6	526.7	0		142	20260903-203215
mruv	71.0	184.8	319.5	80.4	162.4	290.3	450.6	0		143	20260903-203215
zkor	69.2	210.5	280.3	107.1	134.9	308.2	377.8	0		144	20260903-203215
jwct	58.9	286.2	391.4	101.4	153.5	442.1	496.0	0		145	20260903-203215
btc/	202.4	428.6	498.7	67.3	278.1	513.2	607.3	0		146	20260903-203215
jocr	63.3	182.6	287.5	142.1	150.6	354.2	394.0	0		147	20260903-203215
kzl/	94.8	196.9	416.7	107.0	230.2	308.5	521.3	0		148	20260903-203215
tzmp	43.3	213.0	290.5	143.6	209.7	354.2	406.4	0		149	20260903-203215
.h	45.2	0.0	0.0	135.0	171.4	0.0	0.0	0		150	20260903-203215
/.zm	3.4	123.6	190.5	140.4	189.2	260.3	308.5	0		151	20260903-203215
sx	206.9	0.0	0.0	91.5	309.5	0.0	0.0	0		152	20260903-203215
w/.s	110.3	271.2	370.1	97.5	183.4	406.3	475.2	0		153	20260903-203215
f,	66.4	0.0	0.0	90.1	173.8	0.0	0.0	0		154	20260903-203215
;t;y	81.2	216.0	475.1	103.6	170.9	358.6	562.7	0		155	20260903-203215
kx/,	79.7	223.6	392.3	92.4	206.1	428.7	548.4	0		156	20260903-203215
ojtl	51.6	185.0	260.4	112.4	168.9	284.5	389.3	0		157	20260903-203215
etbm	62.1	273.1	363.6	128.7	134.1	392.5	458.7	0		158	20260903-203215
.fex	113.3	150.6	378.1	146.7	220.6	226.9	480.7	0		159	20260903-203215
yrmz	47.0	226.8	362.6	76.8	132.9	327.7	565.6	0		160	20260903-203215
bmev	78.9	198.7	300.8	106.0	190.3	337.2	442.7	0		161	20260903-203215
bl	23.4	0.0	0.0	107.7	117.1	0.0	0.0	0		162	20260903-203215
en./	46.9	177.5	435.5	109.9	234.7	345.0	585.6	0		163	20260903-203215
eubi	77.3	229.3	284.5	96.0	169.5	324.0	430.7	0		164	20260903-203215
mpaw	44.8	196.6	0.0	128.4	147.6	0.0	0.0	1	mpq	165	20260903-203215
ws	186.5	0.0	0.0	76.7	310.5	0.0	0.0	0		166	20260903-203215
mx	75.5	0.0	0.0	105.3	179.4	0.0	0.0	0		167	20260903-203215
typz	74.3	134.2	273.6	86.2	168.9	0.0	0.0	1	typx	168	20260903-203215
fzit	45.5	155.5	267.4	118.0	163.9	245.7	369.9	0		169	20260903-203215
irts	46.3	241.3	298.2	93.2	124.5	345.9	446.7	0		170	20260903-203215
yatp	60.8	160.6	232.9	86.9	174.2	255.0	361.8	0		171	20260903-203215
,nox	0.0	0.0	0.0	0.0	0.0	0.0	0.0	1	n	172	20260903-203215
pa	46.1	0.0	0.0	101.1	168.3	0.0	0.0	0		173	20260903-203215
oh	60.8	0.0	0.0	128.1	154.8	0.0	0.0	0		174	20260903-203215
kpbu	8.2	198.2	223.9	124.1	137.1	305.9	442.9	0		175	20260903-203215
h/xn	57.1	156.5	252.6	122.9	173.7	268.6	364.6	0		176	20260903-203215
;ijj	47.7	223.0	366.0	104.9	156.6	305.6	467.0	0		177	20260903-203215
a/	65.8	0.0	0.0	128.0	189.9	0.0	0.0	0		178	20260903-203215
lb	57.6	0.0	0.0	97.5	150.1	0.0	0.0	0		179	20260903-203215
xojq	52.9	157.3	264.1	107.1	147.9	278.9	388.0	0		180	20260903-203215
hm	199.4	0.0	0.0	103.5	304.8	0.0	0.0	0		181	20260903-203215
ba/q	47.8	125.6	289.8	114.3	155.5	246.6	389.1	0		182	20260903-203215
inrn	60.0	193.1	284.4	143.0	174.3	283.8	390.5	0		183	20260903-203215
bidp	58.1	191.8	263.9	85.7	154.8	280.8	367.0	0		184	20260903-203215
cobw	47.0	233.2	292.4	89.9	126.5	350.4	428.8	0		185	20260903-203215
.os;	198.5	255.2	414.4	82.1	280.9	377.2	524.2	0		186	20260903-203215
g/rb	51.3	209.3	451.8	98.8	167.8	294.6	546.6	0		187	20260903-203215
mpzz	59.1	228.6	436.1	131.1	166.0	347.4	555.2	0		188	20260903-203215
nocu	28.3	160.7	0.0	128.2	148.8	0.0	0.0	1	nox	189	20260903-203215
.hjy	61.0	239.9	423.5	145.0	154.3	347.1	523.1	0		190	20260903-203215
mzo;	85.9	167.2	363.7	94.9	219.1	267.2	489.0	0		191	20260903-203215
khuv	41.8	255.4	317.9	127.7	135.9	363.1	460.7	0		192	20260903-203215
phl;	36.6	259.8	0.0	139.2	139.4	0.0	0.0	1	ph;	193	20260903-203215
z,	73.9	0.0	0.0	124.0	184.9	0.0	0.0	0		194	20260903-203215
hj/u	171.9	359.1	492.8	92.0	275.7	563.9	601.8	0		195	20260903-203215
of	47.7	0.0	0.0	89.8	139.4	0.0	0.0	0		196	20260903-203215
witu	62.8	191.3	0.0	89.7	136.9	0.0	0.0	1	wiu	197	20260903-203215
f.,g	119.0	178.1	287.3	107.1	283.9	324.8	398.7	0		198	20260903-203215
lkkm	201.8	342.4	567.7	103.2	282.1	458.4	677.6	0		199	20260903-203215
wa	151.0	0.0	0.0	128.0	313.8	0.0	0.0	0		200	20260903-203215
hp/o	62.9	303.4	501.9	121.8	173.8	398.4	599.7	0		201	20260903-203215
mszt	81.4	317.9	511.4	112.5	205.0	425.2	600.5	0		202	20260903-203215
a/lb	86.3	241.8	389.6	136.8	215.2	377.7	481.5	0		203	20260903-203215
ak	35.0	0.0	0.0	109.4	128.3	0.0	0.0	0		204	20260903-203215
km;n	94.6	249.4	391.1	176.5	216.3	447.2	537.2	0		205	20260903-203215
/qpu	74.6	216.0	289.4	94.6	196.8	348.6	446.7	0		206	20260903-203215
ewd,	34.2	271.5	335.1	122.6	152.5	369.5	455.8	0		207	20260903-203215
qnef	75.6	275.6	420.2	103.4	171.2	387.2	544.7	0		208	20260903-203215
ccji	154.3	247.0	316.6	74.3	246.5	394.4	421.5	0		209	20260903-203215
pu/j	35.9	255.0	317.2	99.2	132.4	404.2	484.9	0		210	20260903-203215
zh	63.0	0.0	0.0	110.7	155.3	0.0	0.0	0		211	20260903-203215
c;	58.5	0.0	0.0	83.2	168.6	0.0	0.0	0		212	20260903-203215
qi	55.2	0.0	0.0	112.9	141.9	0.0	0.0	0		213	20260903-203215
d;	51.2	0.0	0.0	80.1	147.1	0.0	0.0	0		214	20260903-203215
ke	41.1	0.0	0.0	94.8	128.6	0.0	0.0	0		215	20260903-203215
ciyw	58.7	171.1	245.8	83.1	125.8	257.4	347.8	0		216	20260903-203215
,u	55.0	0.0	0.0	118.9	165.7	0.0	0.0	0		217	20260903-203215
bqim	63.8	137.6	258.6	137.0	181.7	291.7	388.7	0		218	20260903-203215
/xdz	35.7	243.4	0.0	119.5	130.8	0.0	0.0	1	/xs	219	20260903-203215
xubj	95.9	189.2	287.5	84.8	166.8	283.0	380.1	0		220	20260903-203215
op	51.5	0.0	0.0	151.2	212.4	0.0	0.0	0		221	20260903-203215
dld,	89.6	195.6	284.0	72.4	167.6	277.6	383.2	0		222	20260903-203215
fxhi	49.9	103.1	174.9	111.9	147.2	228.8	279.0	0		223	20260903-203215
oisr	38.3	95.6	182.0	105.7	163.4	240.0	283.4	0		224	20260903-203215
ef	65.8	0.0	0.0	100.5	176.8	0.0	0.0	0		225	20260903-203215
hdqc	47.0	165.5	404.7	93.4	133.7	281.2	510.4	0		226	20260903-203215
xl.w	47.9	248.1	284.2	83.3	127.0	345.5	366.5	0		227	20260903-203215
hxro	33.0	164.9	220.0	82.8	108.6	252.5	294.8	0		228	20260903-203215
ephl	62.3	152.9	313.0	81.4	205.6	376.1	437.6	0		229	20260903-203215
svlh	64.8	134.6	213.9	138.7	174.6	287.8	307.4	0		230	20260903-203215
akgo	69.7	189.7	234.6	109.8	157.4	284.7	361.4	0		231	20260903-203215
fe	63.2	0.0	0.0	120.4	184.2	0.0	0.0	0		232	20260903-203215
,cum	102.8	153.7	365.2	107.0	186.6	249.9	459.7	0		233	20260903-203215
iore	82.6	150.3	350.6	138.5	220.7	243.5	0.0	1	iors	234	20260903-203215
a/lq	40.3	212.6	281.2	113.0	164.1	318.3	394.5	0		235	20260903-203215
icp.	66.1	177.4	412.5	120.2	154.9	284.8	522.1	0		236	20260903-203215
nsgw	49.4	262.3	0.0	95.6	138.8	0.0	0.0	1	nsf	237	20260903-203215
flbg	61.0	227.1	419.1	75.3	152.3	310.4	506.1	0		238	20260903-203215
koid	181.9	198.0	319.7	80.9	325.7	315.7	402.9	0		239	20260903-203215
ptvm	55.6	254.3	312.9	90.6	114.7	365.5	403.5	0		240	20260903-203215
fz	63.7	0.0	0.0	125.1	209.1	0.0	0.0	0		241	20260903-203215
fq	58.6	0.0	0.0	142.2	186.4	0.0	0.0	0		242	20260903-203215
c/wn	92.5	209.6	299.2	91.3	203.8	308.1	387.9	0		243	20260903-203215
mt;c	74.1	159.5	355.5	77.0	147.8	273.1	469.1	0		244	20260903-203215
cv	49.2	0.0	0.0	113.7	171.8	0.0	0.0	0		245	20260903-203215
eldb	74.9	212.0	301.3	78.7	159.0	325.6	411.8	0		246	20260903-203215
n,vk	78.8	175.2	275.0	156.1	185.6	291.0	369.6	0		247	20260903-203215
rtyk	177.0	266.4	415.4	89.0	269.8	470.4	542.4	0		248	20260903-203215
qcey	200.5	367.8	424.8	101.1	266.4	441.8	515.0	0		249	20260903-203215
hqrw	9.9	216.6	268.3	95.3	145.7	362.8	429.2	0		250	20260903-203215
fpto	51.3	197.5	261.6	81.3	155.2	288.4	351.2	0		251	20260903-203215
hzig	70.1	173.6	285.7	77.6	181.0	273.8	379.9	0		252	20260903-203215
;bhy	48.7	171.9	328.9	103.1	170.7	244.5	413.5	0		253	20260903-203215
ot	38.6	0.0	0.0	77.3	119.6	0.0	0.0	0		254	20260903-203215
z.dd	110.0	198.4	361.9	99.7	179.3	281.1	446.4	0		255	20260903-203215
.c	73.0	0.0	0.0	105.2	148.7	0.0	0.0	0		256	20260903-203215
/xub	116.6	168.8	371.8	125.4	206.4	270.3	460.5	0		257	20260903-203215
vv,c	146.8	277.5	366.3	88.1	245.7	373.2	450.0	0		259	20260903-203215
rf	166.3	0.0	0.0	75.8	263.1	0.0	0.0	0		260	20260903-203215
av	49.7	0.0	0.0	122.0	166.7	0.0	0.0	0		261	20260903-203215
fqvu	28.3	246.5	327.0	122.8	152.7	354.7	413.8	0		262	20260903-203215
,pgg	53.2	184.3	340.6	114.5	161.3	265.6	436.4	0		263	20260903-203215
.l	157.6	0.0	0.0	76.1	253.7	0.0	0.0	0		264	20260903-203215
eftx	55.2	285.8	321.1	112.7	164.0	411.8	486.2	0		265	20260903-203215
gj	53.4	0.0	0.0	78.6	131.2	0.0	0.0	0		266	20260903-203215
n.	65.0	0.0	0.0	108.2	184.6	0.0	0.0	0		267	20260903-203215
zk	72.5	0.0	0.0	122.9	161.8	0.0	0.0	0		268	20260903-203215
q,	98.4	0.0	0.0	113.2	181.3	0.0	0.0	0		269	20260903-203215
ug,a	79.5	214.8	291.8	89.6	157.7	315.9	409.0	0		270	20260903-203215
gb	182.0	0.0	0.0	72.4	287.3	0.0	0.0	0		271	20260903-203215
rpom	64.9	236.9	286.2	88.4	207.4	356.7	443.6	0		272	20260903-203215
lhpr	48.0	221.7	276.5	108.7	124.0	335.0	357.3	0		273	20260903-203215
,gvm	42.6	252.0	312.2	126.4	115.2	368.3	403.5	0		274	20260903-203215
ua.z	72.2	170.5	299.8	85.3	157.5	310.9	410.6	0		275	20260903-203215
oczx	29.2	225.1	323.5	85.4	100.4	433.1	456.0	0		276	20260903-203215
sgso	63.8	230.3	298.8	123.8	153.8	376.6	404.6	0		277	20260903-203215
k.	118.6	0.0	0.0	187.8	265.2	0.0	0.0	0		278	20260903-203215
ec/,	263.5	340.8	414.9	79.8	354.9	488.1	574.1	0		279	20260903-203215
/by.	48.4	172.4	343.3	90.8	149.7	391.0	504.9	0		280	20260903-203215
dx	92.0	0.0	0.0	153.8	212.7	0.0	0.0	0		281	20260903-203215
hzke	90.9	230.8	337.7	103.1	196.0	326.4	408.5	0		282	20260903-203215
bogu	100.8	216.9	326.5	73.9	228.9	314.4	428.8	0		283	20260903-203215
ik	172.8	0.0	0.0	73.0	258.5	0.0	0.0	0		284	20260903-203215
/i	59.6	0.0	0.0	128.8	192.6	0.0	0.0	0		285	20260903-203215
/eev	91.5	232.0	450.1	103.2	156.1	336.2	552.2	0		286	20260903-203215
zur.	101.4	224.2	279.3	111.1	176.2	319.8	401.9	0		287	20260903-203215
qmel	88.1	203.9	256.3	97.5	170.4	280.6	385.4	0		288	20260903-203215
bs	69.4	0.0	0.0	117.2	166.6	0.0	0.0	0		289	20260903-203215
,r	53.4	0.0	0.0	80.3	137.5	0.0	0.0	0		290	20260903-203215
ufur	23.6	165.5	246.4	71.2	90.7	275.6	340.0	0		291	20260903-203215
q,	70.7	0.0	0.0	108.5	154.7	0.0	0.0	0		292	20260903-203215
qm	61.1	0.0	0.0	105.1	151.4	0.0	0.0	0		293	20260903-203215
ilkr	49.0	255.3	344.3	116.5	173.4	367.0	426.7	0		294	20260903-203215
huzh	165.6	218.1	360.2	79.4	250.4	348.2	447.2	0		295	20260903-203215
f.g/	53.9	204.9	287.8	86.7	153.6	302.4	388.3	0		296	20260903-203215
y,	66.7	0.0	0.0	152.9	224.8	0.0	0.0	0		297	20260903-203215
s,	60.1	0.0	0.0	104.2	162.3	0.0	0.0	0		298	20260903-203215
xfo;	73.3	149.7	353.0	137.2	164.6	235.3	455.6	0		299	20260903-203215
nely	56.7	182.7	279.9	95.6	147.1	342.4	377.0	0		300	20260903-203215
ibuk	85.7	168.5	232.0	73.9	179.0	330.6	376.7	0		301	20260903-203215
ovfi	58.7	248.6	266.2	91.7	151.5	341.5	382.4	0		302	20260903-203215
mse.	79.3	174.8	218.3	93.8	244.1	288.5	335.5	0		303	20260903-203215
yvh.	33.4	165.8	321.8	59.2	150.5	264.6	460.2	0		304	20260903-203215
b.	46.5	0.0	0.0	86.8	158.2	0.0	0.0	0		305	20260903-203215
ws.p	188.4	237.8	319.4	80.5	307.5	372.7	439.6	0		306	20260903-203215
mifm	51.6	149.0	242.5	180.9	165.9	257.6	351.3	0		307	20260903-203215
/dwc	53.7	164.9	470.3	118.1	175.1	287.6	570.9	0		308	20260903-203215
pvca	65.3	337.6	397.2	90.9	162.2	436.9	534.7	0		309	20260903-203215
;fvw	125.9	348.1	450.7	112.7	209.5	492.5	545.9	0		310	20260903-203215
qqkc	168.9	333.2	407.4	103.7	274.4	419.1	499.3	0		311	20260903-203215
nd	78.8	0.0	0.0	102.0	155.9	0.0	0.0	0		312	20260903-203215
ng	50.7	0.0	0.0	101.8	152.2	0.0	0.0	0		313	20260903-203215
/c	59.0	0.0	0.0	104.2	140.5	0.0	0.0	0		314	20260903-203215
ehow	62.8	152.7	217.7	75.0	159.7	248.0	342.5	0		315	20260903-203215
q.yl	59.1	211.2	340.6	109.1	139.9	408.8	474.1	0		316	20260903-203215
kg;d	95.2	284.8	415.4	153.8	197.7	402.7	482.4	0		317	20260903-203215
em;x	68.1	155.5	337.2	100.5	210.1	276.2	437.7	0		318	20260903-203215
ldcs	62.8	304.5	391.8	107.5	163.9	439.6	521.7	0		319	20260903-203215
cw	99.8	0.0	0.0	140.8	267.6	0.0	0.0	0		320	20260903-203215
m,	75.5	0.0	0.0	128.8	191.8	0.0	0.0	0		321	20260903-203215
al	47.9	0.0	0.0	101.8	133.9	0.0	0.0	0		322	20260903-203215
hrf,	58.7	256.5	312.1	85.4	133.0	361.8	424.0	0		323	20260903-203215
,q	55.0	0.0	0.0	103.8	185.3	0.0	0.0	0		324	20260903-203215
.b	91.0	0.0	0.0	120.1	188.1	0.0	0.0	0		325	20260903-203215
x/kv	51.2	183.8	301.8	94.0	148.9	283.9	415.1	0		326	20260903-203215
zp	73.0	0.0	0.0	106.4	149.9	0.0	0.0	0		327	20260903-203215
zc	103.8	0.0	0.0	129.7	206.7	0.0	0.0	0		328	20260903-203215
erle	57.4	125.9	234.3	112.4	140.9	221.0	337.4	0		329	20260903-203215
szzb	231.7	391.3	620.2	92.5	318.8	518.5	725.2	0		330	20260903-203215
v;,q	76.5	265.8	317.6	132.6	164.4	371.7	426.1	0		331	20260903-203215
dc	206.2	0.0	0.0	79.6	302.2	0.0	0.0	0		332	20260903-203215
cnn/	126.6	263.9	451.9	71.0	198.4	360.1	566.4	0		333	20260903-203215
smec	101.6	202.2	389.0	90.0	188.1	261.7	494.6	0		334	20260903-203215
evsv	78.6	278.3	362.9	127.0	190.4	425.6	491.5	0		335	20260903-203215
;vpn	76.9	224.9	358.1	100.3	183.8	419.1	454.2	0		336	20260903-203215
mmvl	108.5	233.6	322.8	50.2	207.9	348.2	439.4	0		337	20260903-203215
hrgi	52.6	222.5	255.1	79.3	121.9	338.7	355.2	0		338	20260903-203215
.ojo	211.5	384.4	519.5	87.4	304.1	531.5	610.0	0		339	20260903-203215
f/hp	79.4	225.3	344.1	103.2	171.7	394.8	477.1	0		340	20260903-203215
,d	66.1	0.0	0.0	108.1	148.6	0.0	0.0	0		341	20260903-203215
fe,.	63.8	173.5	245.7	130.6	153.9	385.0	337.5	0		342	20260903-203215
;uto	68.6	178.7	237.7	109.4	158.1	254.8	353.9	0		343	20260903-203215
q;j.	45.9	164.8	319.0	110.7	143.6	358.6	486.7	0		344	20260903-203215
hvey	54.1	184.4	259.4	91.7	165.2	270.7	335.3	0		345	20260903-203215
;d	61.6	0.0	0.0	97.6	143.4	0.0	0.0	0		346	20260903-203215
yise	66.2	133.5	183.6	118.9	162.3	313.9	300.4	0		347	20260903-203215
.n	32.8	0.0	0.0	129.0	142.6	0.0	0.0	0		348	20260903-203215
f.bx	68.6	230.4	364.1	83.0	180.6	343.9	451.2	0		349	20260903-203215
yojr	53.5	222.3	306.1	104.5	143.5	340.9	401.6	0		350	20260903-203215
jzqs	34.5	264.8	525.3	89.9	142.6	384.0	678.4	0		351	20260903-203215
yz	51.9	0.0	0.0	70.7	167.3	0.0	0.0	0		352	20260903-203215
xnkd	56.2	182.5	245.0	95.5	149.6	275.4	321.3	0		353	20260903-203215
yy;s	131.6	315.3	445.4	68.1	215.3	456.3	540.2	0		354	20260903-203215
s/fx	85.3	165.4	317.1	106.3	185.8	364.3	425.2	0		355	20260903-203215
qpar	74.1	235.5	300.0	101.8	182.7	357.5	427.7	0		356	20260903-203215
fcha	169.3	252.1	366.1	75.3	262.3	321.2	463.7	0		357	20260903-203215
yyrs	127.0	236.2	320.3	59.9	204.8	369.2	433.1	0		358	20260903-203215
cajk	76.6	117.3	204.1	102.0	189.9	265.0	323.0	0		359	20260903-203215
mudb	170.0	302.2	471.4	72.9	263.5	394.9	582.3	0		360	20260903-203215
s;	53.4	0.0	0.0	86.7	128.1	0.0	0.0	0		361	20260903-203215
yx/a	51.6	223.6	255.9	65.6	153.1	341.2	357.1	0		362	20260903-203215
qw	73.3	0.0	0.0	198.4	209.7	0.0	0.0	0		363	20260903-203215
xwag	260.0	367.6	554.3	86.6	469.6	536.5	683.4	0		364	20260903-203215
r;hm	73.8	154.3	343.1	86.7	200.4	240.5	441.0	0		365	20260903-203215
akgf	94.6	185.9	388.8	113.5	172.4	272.9	0.0	1	akgg	366	20260903-203215
/rhu	81.4	176.9	325.3	115.6	162.0	251.8	431.3	0		367	20260903-203215
p/sa	204.5	272.7	364.0	79.2	309.0	457.6	505.7	0		368	20260903-203215
tddk	195.8	364.7	433.4	89.6	256.0	447.0	518.1	0		369	20260903-203215
axka	205.9	303.9	398.5	86.3	290.7	389.0	506.8	0		370	20260903-203215
cypx	105.2	156.1	397.7	67.0	183.1	282.6	583.4	0		371	20260903-203215
whgr	104.6	216.2	438.7	119.1	202.7	322.2	568.5	0		372	20260903-203215
c,/t	113.8	178.6	311.1	82.6	233.0	293.0	396.9	0		373	20260903-203215
ghdk	71.1	272.8	374.0	95.2	157.6	346.5	461.6	0		374	20260903-203215
vm	52.0	0.0	0.0	97.3	158.2	0.0	0.0	0		375	20260903-203215
z.,b	77.6	133.8	268.0	121.9	208.7	241.5	350.4	0		376	20260903-203215
jq	60.9	0.0	0.0	83.4	166.7	0.0	0.0	0		377	20260903-203215
avnl	86.8	0.0	0.0	0.0	0.0	0.0	0.0	1	ab	378	20260903-203215
vwkd	40.3	122.6	263.9	107.3	136.7	216.7	352.6	0		379	20260903-203215
li,e	68.1	269.6	347.4	141.9	166.3	379.5	420.0	0		380	20260903-203215
ga	69.6	0.0	0.0	114.6	185.8	0.0	0.0	0		381	20260903-203215
ayov	47.7	115.0	245.5	92.5	145.4	214.9	381.4	0		382	20260903-203215
l/.k	226.0	425.6	677.1	111.7	329.7	499.3	756.3	0		383	20260903-203215
kc	75.4	0.0	0.0	100.8	123.8	0.0	0.0	0		384	20260903-203215
xxwl	159.5	352.7	421.7	79.2	241.9	453.6	534.5	0		385	20260903-203215
qoye	69.8	204.5	279.8	98.4	145.7	294.3	351.4	0		386	20260903-203215
vxcf	83.1	285.5	391.5	124.6	168.7	433.6	487.8	0		387	20260903-203215
ke	63.1	0.0	0.0	113.1	177.0	0.0	0.0	0		388	20260903-203215
az	214.1	0.0	0.0	76.3	299.6	0.0	0.0	0		389	20260903-203215
bu	73.2	0.0	0.0	92.2	175.9	0.0	0.0	0		390	20260903-203215
ix;/	101.6	218.7	440.8	112.3	194.8	322.2	528.3	0		391	20260903-203215
e,	74.0	0.0	0.0	84.5	185.7	0.0	0.0	0		392	20260903-203215
kcrj	111.1	183.1	268.2	95.9	256.3	284.9	367.4	0		393	20260903-203215
zwoi	215.9	286.2	368.8	103.3	303.0	469.3	501.3	0		394	20260903-203215
xmkz	82.2	188.5	284.9	103.5	171.1	0.0	0.0	1	xmkx	395	20260903-203215
e.jy	95.2	186.8	363.9	82.1	235.9	261.6	449.8	0		396	20260903-203215
nhfr	146.5	248.1	420.6	61.8	239.1	306.1	522.6	0		397	20260903-203215
sq;p	122.8	209.1	0.0	178.6	0.0	0.0	0.0	1	sql	398	20260903-203215
.ldd	183.1	257.5	425.1	91.2	279.5	332.7	524.8	0		399	20260903-203215
zm	54.1	0.0	0.0	149.1	163.5	0.0	0.0	0		400	20260903-203215
hk	0.0	0.0	0.0	0.0	0.0	0.0	0.0	1	k	401	20260903-203215
tw	57.9	0.0	0.0	131.0	178.1	0.0	0.0	0		402	20260903-203215
wjwv	80.1	222.9	312.8	95.0	193.1	344.4	472.9	0		403	20260903-203215
bfaj	209.7	299.9	384.0	90.3	318.1	426.5	476.7	0		404	20260903-203215
bq	76.9	0.0	0.0	134.0	193.6	0.0	0.0	0		405	20260903-203215
,g	55.0	0.0	0.0	105.5	141.9	0.0	0.0	0		406	20260903-203215
ed	166.1	0.0	0.0	66.8	247.9	0.0	0.0	0		1	20260905-103952
;bzn	75.9	258.7	325.2	121.3	168.3	397.3	436.9	0		2	20260905-103952
n,uc	94.8	324.8	413.9	161.6	223.8	419.4	490.0	0		3	20260905-103952
h,	73.9	0.0	0.0	157.7	196.9	0.0	0.0	0		4	20260905-103952
uxuz	72.4	192.6	368.8	103.1	159.3	304.7	549.7	0		5	20260905-103952
,toq	106.0	224.2	276.2	112.9	195.8	340.0	411.8	0		6	20260905-103952
pz;f	43.3	202.4	289.7	59.6	150.8	310.2	379.0	0		7	20260905-103952
;htj	63.0	218.9	290.7	162.6	163.9	312.5	402.8	0		8	20260905-103952
nd,v	93.1	199.4	341.2	101.0	154.8	312.5	456.1	0		9	20260905-103952
bx	99.4	0.0	0.0	159.1	197.1	0.0	0.0	0		10	20260905-103952
pgi;	86.0	152.8	372.2	119.0	178.7	332.6	515.7	0		11	20260905-103952
lhjk	62.8	264.1	343.0	150.8	151.3	453.7	486.8	0		12	20260905-103952
pswc	52.2	237.7	437.7	102.0	135.0	321.2	0.0	1	pswd	13	20260905-103952
oz;r	67.1	211.2	340.9	96.6	171.8	316.9	433.0	0		14	20260905-103952
;n	50.8	0.0	0.0	158.7	181.8	0.0	0.0	0		15	20260905-103952
;tp;	122.1	260.0	454.8	124.9	216.8	347.3	560.0	0		16	20260905-103952
h,uw	44.5	271.5	389.8	119.5	184.6	377.5	476.1	0		17	20260905-103952
ew	50.9	0.0	0.0	116.7	179.7	0.0	0.0	0		18	20260905-103952
sn;h	41.1	147.9	281.1	100.4	164.7	346.9	411.8	0		19	20260905-103952
.ylm	79.8	307.4	0.0	138.9	169.9	0.0	0.0	1	.yo	20	20260905-103952
al,l	63.9	266.0	383.2	123.1	172.9	492.0	524.9	0		21	20260905-103952
wd	52.2	0.0	0.0	175.8	203.7	0.0	0.0	0		22	20260905-103952
kc	75.7	0.0	0.0	92.6	157.9	0.0	0.0	0		23	20260905-103952
etdr	96.5	328.7	400.2	130.1	193.1	516.9	515.9	0		24	20260905-103952
y.	75.9	0.0	0.0	125.9	231.8	0.0	0.0	0		25	20260905-103952
ebnu	62.0	162.7	350.9	94.9	161.7	258.0	463.9	0		26	20260905-103952
yh	170.1	0.0	0.0	60.7	254.1	0.0	0.0	0		27	20260905-103952
/xq;	97.5	274.2	323.5	125.9	176.3	407.0	435.9	0		28	20260905-103952
jgpk	130.3	0.0	0.0	0.0	0.0	0.0	0.0	1	jp	29	20260905-103952
jo	72.2	0.0	0.0	130.8	173.0	0.0	0.0	0		30	20260905-103952
ia/w	100.5	216.1	343.4	98.1	212.0	339.2	445.0	0		31	20260905-103952
jdez	55.7	262.7	455.8	115.8	128.7	345.0	592.0	0		32	20260905-103952
vcqb	73.4	277.5	411.7	183.4	199.4	421.3	531.2	0		33	20260905-103952
;e	53.4	0.0	0.0	102.4	127.5	0.0	0.0	0		34	20260905-103952
zpb/	69.8	251.1	333.3	102.9	151.8	342.8	447.8	0		35	20260905-103952
tb	198.8	0.0	0.0	74.4	283.4	0.0	0.0	0		36	20260905-103952
eb	60.7	0.0	0.0	106.6	171.7	0.0	0.0	0		37	20260905-103952
eb,i	63.1	141.4	327.6	109.4	163.4	217.3	411.4	0		38	20260905-103952
u/ts	82.7	139.0	192.7	115.8	183.8	259.5	341.7	0		39	20260905-103952
bp	54.0	0.0	0.0	83.9	146.6	0.0	0.0	0		40	20260905-103952
zy,,	77.3	257.0	408.1	98.1	135.2	334.2	498.2	0		41	20260905-103952
tv	180.6	0.0	0.0	54.5	288.4	0.0	0.0	0		42	20260905-103952
aeeb	234.7	382.9	574.0	110.6	308.7	460.1	677.8	0		43	20260905-103952
;azf	72.0	79.9	0.0	0.0	0.0	0.0	0.0	1	;aq	44	20260905-103952
cf	71.1	0.0	0.0	164.1	167.1	0.0	0.0	0		45	20260905-103952
vbo.	199.4	323.7	523.3	95.4	276.1	394.3	627.1	0		46	20260905-103952
og	36.0	0.0	0.0	90.8	98.8	0.0	0.0	0		47	20260905-103952
ve	82.7	0.0	0.0	120.5	164.5	0.0	0.0	0		48	20260905-103952
nhnf	183.3	354.4	466.3	87.7	249.3	455.4	550.3	0		49	20260905-103952
babq	73.4	300.4	492.3	153.7	202.3	559.3	669.1	0		50	20260905-103952
dqqs	201.4	381.4	611.4	79.5	304.3	499.3	717.2	0		51	20260905-103952
u.eo	81.5	251.4	398.6	205.5	242.4	330.3	518.8	0		52	20260905-103952
cxm,	64.3	200.5	347.6	142.1	207.2	431.1	510.6	0		53	20260905-103952
avl,	69.0	181.2	367.9	151.8	207.8	303.8	496.7	0		54	20260905-103952
odjk	78.7	225.7	339.9	130.7	169.7	425.9	476.8	0		55	20260905-103952
vj	57.9	0.0	0.0	114.1	166.1	0.0	0.0	0		56	20260905-103952
fupc	60.7	134.3	273.4	78.4	210.4	267.6	371.3	0		57	20260905-103952
jnxe	183.6	259.6	396.9	81.7	270.5	411.7	508.0	0		58	20260905-103952
hf	50.9	0.0	0.0	94.5	156.5	0.0	0.0	0		59	20260905-103952
jr	73.9	0.0	0.0	108.1	167.9	0.0	0.0	0		60	20260905-103952
wfys	46.7	169.8	276.9	108.5	150.1	263.8	393.5	0		61	20260905-103952
ioy/	79.9	255.0	391.6	155.8	187.8	391.1	503.8	0		62	20260905-103952
nl	55.8	0.0	0.0	154.1	153.1	0.0	0.0	0		63	20260905-103952
py	50.5	0.0	0.0	122.5	149.5	0.0	0.0	0		64	20260905-103952
eolm	66.9	265.9	334.0	87.9	142.0	394.5	485.1	0		65	20260905-103952
j/ar	50.3	101.0	176.2	126.1	178.9	247.5	282.3	0		66	20260905-103952
ltml	41.4	140.1	251.1	70.1	125.3	295.2	350.0	0		67	20260905-103952
ggar	142.3	283.8	391.9	80.9	223.9	446.9	492.9	0		68	20260905-103952
qe	95.2	0.0	0.0	159.9	197.1	0.0	0.0	0		69	20260905-103952
sssb	170.9	356.9	607.8	81.0	251.9	452.8	694.2	0		70	20260905-103952
kkeh	132.2	243.9	344.5	63.0	225.0	322.1	448.1	0		71	20260905-103952
bgqm	196.5	275.6	409.6	68.4	277.1	423.5	525.3	0		72	20260905-103952
xu	50.4	0.0	0.0	101.1	149.2	0.0	0.0	0		73	20260905-103952
/qjv	31.7	72.0	300.5	152.0	173.6	257.0	430.6	0		74	20260905-103952
;wzd	44.9	268.8	410.9	99.9	145.9	446.9	537.7	0		75	20260905-103952
izrd	92.7	179.5	370.8	114.6	262.6	298.8	504.5	0		76	20260905-103952
gs	90.8	0.0	0.0	158.4	190.6	0.0	0.0	0		77	20260905-103952
zwlf	75.9	197.9	338.0	200.7	206.7	309.9	458.7	0		78	20260905-103952
ywui	71.8	183.8	256.8	84.8	163.7	356.8	423.7	0		79	20260905-103952
dit;	67.4	164.3	276.3	83.1	155.6	266.5	394.3	0		80	20260905-103952
d.oy	57.8	283.6	327.2	83.1	158.6	402.9	452.1	0		81	20260905-103952
ljuk	46.1	263.8	343.2	143.8	167.9	471.0	516.8	0		82	20260905-103952
bhv,	80.3	205.4	300.4	96.2	157.3	336.3	428.1	0		83	20260905-103952
wqy,	67.0	143.3	265.9	128.0	193.1	0.0	0.0	1	wqy.	84	20260905-103952
.uoa	200.2	290.4	415.3	108.8	360.0	428.0	537.1	0		85	20260905-103952
xo	54.4	0.0	0.0	108.3	149.7	0.0	0.0	0		86	20260905-103952
hqvz	43.2	197.2	405.6	96.2	172.2	384.6	539.2	0		87	20260905-103952
t.y,	86.1	193.1	359.3	92.0	207.9	396.4	514.6	0		88	20260905-103952
szjs	33.2	175.3	293.1	153.0	181.1	290.1	407.1	0		89	20260905-103952
aw	59.2	0.0	0.0	213.8	231.0	0.0	0.0	0		90	20260905-103952
qlmr	97.2	192.0	295.9	129.9	233.9	340.1	396.0	0		91	20260905-103952
wk	74.1	0.0	0.0	107.3	160.2	0.0	0.0	0		92	20260905-103952
ifku	59.1	249.8	0.0	88.8	167.9	0.0	0.0	1	ifu	93	20260905-103952
ky	78.1	0.0	0.0	159.9	174.5	0.0	0.0	0		94	20260905-103952
//dq	164.8	274.1	341.0	64.7	267.8	393.5	480.6	0		95	20260905-103952
xhjv	55.9	238.6	392.9	111.9	143.1	365.0	525.0	0		96	20260905-103952
cyn,	75.1	288.9	466.8	94.8	148.7	434.8	0.0	0		97	20260905-103952
p/rm	201.1	297.7	419.5	74.4	299.3	387.7	531.6	0		98	20260905-103952
iiep	131.3	259.4	360.4	79.1	255.3	341.1	472.3	0		99	20260905-103952
a;co	56.8	230.4	285.1	125.9	163.0	346.2	392.1	0		100	20260905-103952
ex	187.6	0.0	0.0	64.9	304.6	0.0	0.0	0		101	20260905-103952
dpri	50.6	162.0	214.7	73.2	133.4	252.5	351.3	0		102	20260905-103952
oskx	83.0	185.0	530.2	97.0	184.1	307.2	645.4	0		103	20260905-103952
.jxw	63.7	130.5	340.7	171.7	170.5	225.3	462.4	0		104	20260905-103952
hji.	184.4	306.5	0.0	85.8	0.0	0.0	0.0	1	hjk	105	20260905-103952
fyf;	76.4	192.9	277.2	84.9	167.1	301.0	397.0	0		106	20260905-103952
cwzm	0.0	0.0	0.0	0.0	0.0	0.0	0.0	1	w	107	20260905-103952
nveb	43.6	259.8	333.0	107.9	165.8	366.6	439.8	0		108	20260905-103952
rvtb	206.1	435.2	675.6	65.2	277.9	519.9	761.8	0		109	20260905-103952
ho;i	49.8	279.2	414.9	164.0	172.9	474.0	569.2	0		110	20260905-103952
cf	74.1	0.0	0.0	145.2	167.8	0.0	0.0	0		111	20260905-103952
jn	177.9	0.0	0.0	83.2	277.8	0.0	0.0	0		112	20260905-103952
b/pd	66.1	263.4	329.1	95.0	139.3	368.3	400.3	0		113	20260905-103952
ws;y	207.3	318.9	413.2	75.2	307.9	450.3	518.9	0		114	20260905-103952
ksbx	81.9	253.1	421.0	94.8	216.1	488.0	514.2	0		115	20260905-103952
wxam	225.8	395.0	453.2	79.9	318.0	528.0	575.0	0		116	20260905-103952
cmio	71.8	160.3	246.9	87.9	238.0	318.9	400.9	0		117	20260905-103952
ghw,	64.1	159.9	244.1	87.8	150.9	262.8	390.0	0		118	20260905-103952
,a	70.8	0.0	0.0	111.7	191.0	0.0	0.0	0		119	20260905-103952
ppqh	147.7	245.4	368.8	58.6	239.6	348.6	450.8	0		120	20260905-103952
gtey	157.0	279.4	341.0	64.0	241.0	364.9	425.0	0		121	20260905-103952
ov	44.1	0.0	0.0	90.5	158.5	0.0	0.0	0		122	20260905-103952
ex	196.0	0.0	0.0	63.8	283.7	0.0	0.0	0		123	20260905-103952
f,ok	74.6	210.7	426.8	98.0	170.7	348.8	519.8	0		124	20260905-103952
wh	72.2	0.0	0.0	101.6	175.1	0.0	0.0	0		125	20260905-103952
ubyq	40.7	183.9	226.8	72.6	122.7	264.7	351.1	0		126	20260905-103952
.sxv	43.0	260.6	346.7	118.8	141.7	390.1	479.6	0		127	20260905-103952
bkvy	55.4	201.4	296.2	78.3	158.1	328.3	385.9	0		128	20260905-103952
ltrf	65.9	237.3	423.9	94.3	143.2	319.1	533.1	0		129	20260905-103952
lnoi	161.1	244.0	388.1	94.4	269.7	489.7	516.9	0		130	20260905-103952
ka	51.6	0.0	0.0	92.5	158.9	0.0	0.0	0		131	20260905-103952
qp	73.0	0.0	0.0	99.1	165.9	0.0	0.0	0		132	20260905-103952
/,	61.7	0.0	0.0	123.6	211.8	0.0	0.0	0		133	20260905-103952
/,	76.2	0.0	0.0	138.2	226.3	0.0	0.0	0		134	20260905-103952
hw	46.3	0.0	0.0	84.8	130.4	0.0	0.0	0		135	20260905-103952
hi	73.3	0.0	0.0	128.4	175.4	0.0	0.0	0		136	20260905-103952
hc	85.1	0.0	0.0	91.0	174.8	0.0	0.0	0		137	20260905-103952
.w	48.3	0.0	0.0	132.9	157.1	0.0	0.0	0		138	20260905-103952
ol	191.2	0.0	0.0	95.1	307.1	0.0	0.0	0		139	20260905-103952
forb	73.9	182.0	382.3	69.7	169.8	256.0	493.0	0		140	20260905-103952
;hfk	37.9	160.2	236.3	131.0	156.2	251.9	339.3	0		141	20260905-103952
rl	101.7	0.0	0.0	126.4	203.8	0.0	0.0	0		142	20260905-103952
wy	51.9	0.0	0.0	97.4	143.1	0.0	0.0	0		143	20260905-103952
zdrc	79.3	241.9	433.2	140.1	192.3	395.9	558.7	0		144	20260905-103952
pjjj	151.9	295.0	433.0	84.7	232.8	373.0	494.9	0		145	20260905-103952
/.zk	36.7	179.8	280.8	192.6	168.8	310.7	378.6	0		146	20260905-103952
jzcu	59.1	210.1	0.0	87.1	158.0	0.0	0.0	1	jzu	147	20260905-103952
qvpn	93.9	205.5	269.5	176.7	225.7	384.5	421.5	0		148	20260905-103952
efgu	71.6	257.7	274.5	109.5	152.7	354.2	384.6	0		149	20260905-103952
oc	79.0	0.0	0.0	92.1	171.9	0.0	0.0	0		150	20260905-103952
j;	81.3	0.0	0.0	123.2	187.4	0.0	0.0	0		151	20260905-103952
sslh	158.9	308.4	367.0	73.8	255.3	454.6	463.9	0		152	20260905-103952
j;jj	55.4	221.0	351.2	107.0	148.0	307.2	419.9	0		153	20260905-103952
/o	181.0	0.0	0.0	138.9	303.3	0.0	0.0	0		154	20260905-103952
//,h	177.2	390.1	545.2	92.9	282.1	611.1	661.2	0		155	20260905-103952
qr	88.4	0.0	0.0	180.4	209.2	0.0	0.0	0		156	20260905-103952
lgqs	98.3	232.1	470.2	109.8	178.9	379.1	590.2	0		157	20260905-103952
j,rb	85.0	170.3	412.0	164.2	222.1	259.8	507.6	0		158	20260905-103952
dtou	66.3	129.8	206.2	121.8	174.0	284.0	325.0	0		159	20260905-103952
h;vm	16.9	135.8	256.7	100.0	142.1	256.0	375.8	0		160	20260905-103952
pf	63.0	0.0	0.0	99.9	154.1	0.0	0.0	0		161	20260905-103952
rah/	62.7	134.4	252.5	132.4	188.5	313.3	417.3	0		162	20260905-103952
yfxw	156.7	231.8	471.6	92.9	295.7	328.7	556.6	0		163	20260905-103952
jhx/	160.0	295.2	402.3	94.2	251.5	407.0	520.0	0		164	20260905-103952
dc/u	204.8	317.5	417.6	70.5	287.4	501.6	532.6	0		165	20260905-103952
tzgc	16.1	0.0	0.0	0.0	0.0	0.0	0.0	1	tr	166	20260905-103952
frgl	199.7	370.9	412.8	94.8	269.8	480.8	525.8	0		167	20260905-103952
raj.	68.2	145.5	266.0	145.3	165.7	324.9	420.6	0		168	20260905-103952
lphr	75.7	236.9	370.2	175.2	291.1	342.9	465.0	0		169	20260905-103952
ksrf	55.1	196.0	418.8	92.6	201.8	309.8	554.6	0		170	20260905-103952
nnhy	148.1	335.2	503.2	78.8	236.9	419.8	0.0	0		171	20260905-103952
pvqx	57.0	227.9	478.1	87.8	195.9	357.0	592.1	0		172	20260905-103952
a,xo	77.9	221.2	287.4	106.2	175.4	335.5	394.0	0		173	20260905-103952
lpag	61.8	207.9	311.2	159.9	219.9	344.8	414.0	0		174	20260905-103952
ie	44.3	0.0	0.0	83.3	105.3	0.0	0.0	0		175	20260905-103952
xcwe	0.0	0.0	0.0	0.0	0.0	0.0	0.0	1	c	176	20260905-103952
yq;w	93.7	208.3	333.8	113.9	222.9	341.8	451.3	0		177	20260905-103952
al	59.8	0.0	0.0	99.0	158.9	0.0	0.0	0		178	20260905-103952
tfna	226.0	374.3	451.7	83.7	290.2	471.5	533.0	0		179	20260905-103952
u;xo	46.9	190.4	257.2	142.6	173.7	296.4	355.5	0		180	20260905-103952
dnxw	142.1	234.2	438.5	81.3	243.8	307.5	549.3	0		181	20260905-103952
nu	193.1	0.0	0.0	82.1	277.1	0.0	0.0	0		182	20260905-103952
o,gd	222.7	740.3	1080.7	81.5	335.4	844.1	0.0	1	o,gc	183	20260905-103952
anlj	79.0	228.2	354.4	121.7	195.7	421.0	495.3	0		184	20260905-103952
fykr	75.1	193.2	329.2	100.8	155.3	340.1	432.4	0		185	20260905-103952
ncm;	108.3	226.1	330.8	96.4	198.3	408.4	456.2	0		186	20260905-103952
lg	82.9	0.0	0.0	114.9	195.7	0.0	0.0	0		187	20260905-103952
gr	209.0	0.0	0.0	85.5	289.7	0.0	0.0	0		188	20260905-103952
su	50.9	0.0	0.0	105.2	144.4	0.0	0.0	0		189	20260905-103952
teke	87.4	178.1	289.4	131.4	185.5	261.5	363.5	0		190	20260905-103952
xaia	183.8	194.4	380.4	78.6	287.0	292.8	496.9	0		191	20260905-103952
cc	149.2	0.0	0.0	55.4	239.4	0.0	0.0	0		192	20260905-103952
sv	63.8	0.0	0.0	149.9	211.2	0.0	0.0	0		193	20260905-103952
ce.q	194.8	290.1	418.1	76.3	282.5	426.0	532.1	0		194	20260905-103952
nydj	184.7	285.9	421.4	69.0	266.7	367.0	521.0	0		195	20260905-103952
enod	70.1	181.8	293.8	85.8	252.3	265.9	373.9	0		196	20260905-103952
xvuc	50.4	160.4	289.4	120.0	177.7	260.8	383.2	0		197	20260905-103952
hefx	41.3	167.2	316.3	103.6	160.2	339.8	404.4	0		198	20260905-103952
ejgw	96.0	248.9	387.6	76.3	197.7	0.0	0.0	1	ejgq	199	20260905-103952
woc,	78.3	235.7	319.7	92.6	164.8	341.0	439.0	0		200	20260905-103952
qkfe	63.2	208.6	293.6	109.8	151.0	378.2	432.7	0		201	20260905-103952
qyji	76.9	281.1	330.8	109.1	154.8	431.3	444.8	0		202	20260905-103952
dy.p	72.6	204.4	449.3	85.8	139.6	323.5	569.0	0		203	20260905-103952
rspw	73.2	177.4	284.9	138.6	159.7	275.6	386.4	0		204	20260905-103952
gvur	229.3	363.0	450.5	84.0	314.0	545.9	0.0	0		1	20260905-151959
iw	62.3	0.0	0.0	87.4	142.5	0.0	0.0	0		2	20260905-151959
.dpq	84.3	215.1	343.2	92.7	161.4	335.9	464.0	0		3	20260905-151959
fc	77.9	0.0	0.0	150.3	198.6	0.0	0.0	0		4	20260905-151959
qtz/	61.5	296.1	344.1	119.3	151.5	402.5	442.4	0		5	20260905-151959
vy	47.8	0.0	0.0	99.1	117.0	0.0	0.0	0		6	20260905-151959
obls	73.1	209.7	262.4	83.2	146.1	310.2	355.6	0		7	20260905-151959
xqpz	57.1	252.6	368.2	121.3	174.9	376.9	527.1	0		1	20260905-154832
tdqu	70.7	222.7	306.0	144.7	173.7	350.8	391.8	0		2	20260905-154832
bw	47.8	0.0	0.0	123.9	153.0	0.0	0.0	0		3	20260905-154832
xhci	82.9	228.1	264.9	98.3	173.3	312.0	383.5	0		4	20260905-154832
xz	45.7	0.0	0.0	161.2	215.1	0.0	0.0	0		5	20260905-154832
/.	28.5	0.0	0.0	169.6	184.4	0.0	0.0	0		6	20260905-154832
nrgm	61.3	243.8	260.0	95.6	123.1	359.3	375.3	0		7	20260905-154832
dx	76.6	0.0	0.0	142.5	197.4	0.0	0.0	0		8	20260905-154832
sb	76.3	0.0	0.0	145.9	163.9	0.0	0.0	0		9	20260905-154832
wyuf	84.8	224.6	306.5	90.6	147.6	349.9	415.4	0		10	20260905-154832
mc	69.8	0.0	0.0	89.5	140.3	0.0	0.0	0		11	20260905-154832
x;re	67.6	176.5	288.0	80.6	153.8	365.7	427.4	0		12	20260905-154832
tjqa	77.3	171.5	491.4	91.1	156.9	339.5	634.9	0		13	20260905-154832
sl	79.7	0.0	0.0	119.6	178.2	0.0	0.0	0		14	20260905-154832
nsxr	73.5	406.3	500.2	88.9	182.2	618.6	637.2	0		15	20260905-154832
nn	131.2	0.0	0.0	50.8	218.0	0.0	0.0	0		16	20260905-154832
htls	49.4	178.1	252.6	78.0	116.6	276.9	357.8	0		17	20260905-154832
b.	43.1	0.0	0.0	94.2	143.1	0.0	0.0	0		18	20260905-154832
wsy/	196.4	280.3	353.6	75.1	295.5	442.1	523.0	0		19	20260905-154832
/xhg	80.0	189.5	344.1	106.4	170.3	285.0	454.1	0		20	20260905-154832
wp	0.0	0.0	0.0	0.0	0.0	0.0	0.0	1	q	21	20260905-154832
ew	0.0	0.0	0.0	0.0	0.0	0.0	0.0	1	w	22	20260905-154832
yt;x	81.5	188.2	295.9	89.2	157.4	314.2	407.8	0		23	20260905-154832
vbpx	195.4	273.8	433.4	92.3	265.2	375.6	0.0	1	vbpc	24	20260905-154832
qfqs	88.1	264.1	547.5	147.1	205.7	429.8	691.8	0		25	20260905-154832
vrwc	238.3	387.4	677.1	107.5	336.7	518.2	0.0	1	vrwx	26	20260905-154832
xuje	69.7	263.4	312.8	99.2	131.9	365.6	403.2	0		27	20260905-154832
,fbd	83.1	336.9	568.3	91.5	183.8	434.9	648.2	0		28	20260905-154832
ua.g	94.7	190.5	327.9	101.9	177.9	334.7	427.2	0		29	20260905-154832
shtg	72.8	224.0	410.3	99.3	163.1	316.5	524.4	0		30	20260905-154832
lsb;	70.4	221.4	0.0	104.1	150.5	0.0	0.0	1	lsg	31	20260905-154832
.plw	212.1	388.7	486.6	129.9	301.2	545.0	594.7	0		32	20260905-154832
cvgs	50.6	284.1	373.1	120.7	133.0	424.9	478.6	0		33	20260905-154832
isgj	57.7	187.0	233.7	77.7	140.8	289.2	334.7	0		34	20260905-154832
.m	65.0	0.0	0.0	139.9	176.0	0.0	0.0	0		35	20260905-154832
vl;z	70.5	165.2	320.3	122.5	208.8	333.7	453.6	0		36	20260905-154832
nfmg	42.7	201.5	258.8	65.1	132.9	297.4	359.8	0		37	20260905-154832
axzv	243.0	466.2	564.8	107.6	319.8	601.7	638.1	0		38	20260905-154832
lhig	94.4	179.6	349.5	172.5	256.1	294.8	445.1	0		39	20260905-154832
hn	206.6	0.0	0.0	90.6	281.8	0.0	0.0	0		40	20260905-154832
icpv	109.4	194.9	329.6	100.0	201.0	302.2	447.5	0		41	20260905-154832
se.j	31.2	141.4	229.0	117.0	112.6	300.1	347.4	0		42	20260905-154832
rvc.	224.1	352.2	463.3	70.0	337.1	472.7	603.3	0		43	20260905-154832
/g	82.9	0.0	0.0	118.1	170.3	0.0	0.0	0		44	20260905-154832
si	48.5	0.0	0.0	92.3	133.9	0.0	0.0	0		45	20260905-154832
uaqq	80.9	293.3	480.3	96.2	169.9	393.8	580.8	0		46	20260905-154832
rto.	187.8	260.0	486.0	75.1	251.9	338.3	592.8	0		47	20260905-154832
vv	164.1	0.0	0.0	89.1	286.5	0.0	0.0	0		48	20260905-154832
woo,	124.8	268.7	507.1	108.3	209.7	387.9	643.3	0		49	20260905-154832
ch	71.7	0.0	0.0	91.7	148.7	0.0	0.0	0		50	20260905-154832
vpso	70.0	178.9	262.6	98.8	170.4	291.5	370.4	0		51	20260905-154832
iq	97.1	0.0	0.0	89.4	194.6	0.0	0.0	0		52	20260905-154832
.c/p	92.5	217.6	439.5	114.1	201.2	314.4	547.6	0		53	20260905-154832
nqfg	0.0	0.0	0.0	0.0	0.0	0.0	0.0	1	q	54	20260905-154832
,d.o	94.7	203.3	414.3	101.9	190.1	304.7	512.9	0		55	20260905-154832
zg;j	84.2	153.0	274.3	162.7	180.9	316.3	407.8	0		56	20260905-154832
nlg;	59.0	200.1	306.1	157.7	167.1	296.0	420.4	0		57	20260905-154832
qfgs	74.8	309.8	416.4	157.3	186.8	486.0	527.0	0		58	20260905-154832
ydob	61.5	162.6	259.9	95.2	130.2	297.0	357.4	0		59	20260905-154832
qyfw	106.8	206.9	259.2	113.5	181.9	357.5	402.2	0		60	20260905-154832
;a	59.0	0.0	0.0	76.0	159.3	0.0	0.0	0		61	20260905-154832
n;ji	36.3	245.0	301.8	126.7	147.2	402.3	396.0	0		62	20260905-154832
kxzj	132.1	185.5	362.3	119.0	310.5	368.3	479.3	0		63	20260905-154832
vka;	77.9	175.4	239.7	89.6	150.6	292.6	361.2	0		64	20260905-154832
sk	55.0	0.0	0.0	96.9	145.0	0.0	0.0	0		65	20260905-154832
zt	91.4	0.0	0.0	154.5	187.2	0.0	0.0	0		66	20260905-154832
lrt/	64.8	258.1	297.6	99.0	148.1	338.8	404.6	0		67	20260905-154832
p,pl	225.0	407.8	625.0	99.1	346.5	531.8	736.5	0		68	20260905-154832
yb	43.1	0.0	0.0	77.4	144.6	0.0	0.0	0		69	20260905-154832
uf.l	65.3	184.8	371.9	104.7	177.2	279.2	487.3	0		70	20260905-154832
r,xq	92.3	259.6	371.0	85.3	230.1	406.0	554.4	0		71	20260905-154832
cafm	89.2	239.5	288.2	128.8	203.0	353.6	401.2	0		72	20260905-154832
nclo	99.9	183.6	348.8	112.8	192.4	262.2	444.6	0		73	20260905-154832
znvb	115.0	215.9	418.8	120.1	190.2	322.9	531.6	0		74	20260905-154832
tz	76.0	0.0	0.0	130.7	212.4	0.0	0.0	0		75	20260905-154832
unbw	206.4	311.1	392.8	82.4	288.9	453.3	486.2	0		76	20260905-154832
otew	105.0	178.6	364.6	98.0	261.3	289.3	521.9	0		77	20260905-154832
hn.h	178.5	389.3	474.8	87.7	273.9	555.8	584.7	0		78	20260905-154832
j;,d	51.4	265.2	395.1	150.7	159.1	418.0	482.4	0		79	20260905-154832
dwnd	37.4	161.5	288.3	133.1	152.3	274.9	386.1	0		80	20260905-154832
c.bm	100.0	252.9	401.3	108.6	192.7	343.0	503.2	0		81	20260905-154832
dmx,	101.5	205.7	310.6	75.0	196.0	321.2	409.1	0		82	20260905-154832
ikia	200.1	373.2	555.7	87.0	271.7	457.4	679.1	0		83	20260905-154832
usry	74.3	181.0	274.9	99.5	263.8	297.0	360.2	0		84	20260905-154832
s,ei	87.0	220.4	298.3	96.7	181.5	308.9	395.6	0		85	20260905-154832
alje	65.0	168.0	273.0	105.3	157.1	303.3	364.7	0		86	20260905-154832
;d;v	52.4	186.4	303.5	79.7	134.9	312.0	413.4	0		87	20260905-154832
lbik	70.2	0.0	0.0	0.0	0.0	0.0	0.0	1	li	88	20260905-154832
/diw	89.7	188.0	297.4	114.6	179.0	303.6	407.3	0		89	20260905-154832
zvxt	71.9	288.3	391.6	152.8	181.7	406.1	506.9	0		90	20260905-154832
nw	60.8	0.0	0.0	85.9	158.4	0.0	0.0	0		91	20260905-154832
j/	72.5	0.0	0.0	115.4	218.9	0.0	0.0	0		92	20260905-154832
ur	65.5	0.0	0.0	101.7	161.6	0.0	0.0	0		93	20260905-154832
j,nq	81.4	275.2	340.4	145.0	200.3	374.5	454.1	0		94	20260905-154832
j,	88.2	0.0	0.0	180.2	256.1	0.0	0.0	0		95	20260905-154832
wvjz	60.5	156.0	350.5	119.3	179.9	267.9	493.6	0		96	20260905-154832
mnjs	188.0	353.5	418.1	65.4	261.3	448.5	515.1	0		97	20260905-154832
,l	115.0	0.0	0.0	230.4	272.2	0.0	0.0	0		98	20260905-154832
v/wx	82.0	212.0	426.9	105.7	199.3	304.5	527.6	0		99	20260905-154832
brwe	250.2	455.4	555.5	67.5	342.2	645.5	670.6	0		100	20260905-154832
fenk	65.1	118.8	269.9	126.0	159.4	210.0	374.2	0		101	20260905-154832
mncs	172.4	373.6	484.1	70.1	260.4	545.7	635.0	0		102	20260905-154832
htte	0.0	0.0	0.0	0.0	0.0	0.0	0.0	1	t	103	20260905-154832
.apc	94.2	237.2	328.4	111.3	207.4	336.2	423.8	0		104	20260905-154832
wu	61.0	0.0	0.0	94.6	151.3	0.0	0.0	0		105	20260905-154832
scjm	161.3	284.1	460.9	87.6	260.7	356.9	567.6	0		106	20260905-154832
kbjx	117.6	215.7	415.4	112.8	221.4	319.1	520.5	0		107	20260905-154832
wkgk	103.3	213.1	278.6	107.0	172.4	312.7	374.8	0		108	20260905-154832
qk	67.3	0.0	0.0	115.0	133.8	0.0	0.0	0		109	20260905-154832
tqyg	73.4	155.1	265.6	122.0	164.7	237.3	371.5	0		110	20260905-154832
/ukw	137.4	332.8	408.1	117.3	230.0	434.3	500.6	0		111	20260905-154832
lemr	108.7	209.5	328.8	85.6	190.8	304.4	421.7	0		112	20260905-154832
jrsi	111.3	259.9	284.7	89.8	182.6	361.3	387.8	0		113	20260905-154832
oc	58.1	0.0	0.0	92.0	152.7	0.0	0.0	0		114	20260905-154832
ncdx	92.7	287.7	446.4	87.3	170.1	353.9	551.5	0		115	20260905-154832
wa	206.1	0.0	0.0	80.5	327.6	0.0	0.0	0		116	20260905-154832
zuza	58.8	200.9	406.9	102.5	155.7	307.4	513.4	0		117	20260905-154832
dc	187.4	0.0	0.0	65.2	275.1	0.0	0.0	0		118	20260905-154832
/f.s	104.0	223.6	318.9	97.5	182.5	351.5	438.2	0		119	20260905-154832
yl	82.8	0.0	0.0	122.1	204.2	0.0	0.0	0		120	20260905-154832
;ysr	88.4	179.5	297.8	170.3	188.0	358.6	406.5	0		121	20260905-154832
qtdw	55.4	299.4	0.0	162.4	167.6	0.0	0.0	1	qts	122	20260905-154832
tthl	159.7	303.4	378.9	67.0	244.1	426.0	521.0	0		123	20260905-154832
wbes	82.9	295.1	399.7	140.4	213.1	438.2	528.9	0		124	20260905-154832
yo	47.6	0.0	0.0	91.7	175.7	0.0	0.0	0		125	20260905-154832
suhu	49.0	238.8	394.6	100.6	132.1	311.2	488.2	0		126	20260905-154832
qctk	230.3	410.6	486.7	110.7	328.8	505.2	588.5	0		127	20260905-154832
tj	50.6	0.0	0.0	91.6	140.7	0.0	0.0	0		128	20260905-154832
xw	204.6	0.0	0.0	78.7	290.0	0.0	0.0	0		129	20260905-154832
eqol	59.8	122.7	335.4	111.8	181.7	221.9	426.5	0		130	20260905-154832
pt	71.9	0.0	0.0	96.7	165.0	0.0	0.0	0		131	20260905-154832
adlk	98.2	169.2	259.0	141.6	217.7	341.3	404.8	0		132	20260905-154832
v.	83.9	0.0	0.0	125.6	204.6	0.0	0.0	0		133	20260905-154832
;aqo	71.9	274.3	329.3	105.3	159.3	383.1	456.3	0		134	20260905-154832
gyer	79.2	181.4	272.4	92.1	163.8	330.7	392.8	0		135	20260905-154832
uu	137.4	0.0	0.0	80.6	238.6	0.0	0.0	0		136	20260905-154832
iy.h	38.2	258.6	351.9	101.8	145.3	475.5	463.0	0		137	20260905-154832
ebht	66.5	149.3	218.6	113.4	175.1	0.0	0.0	1	ebhi	138	20260905-154832
cj	54.1	0.0	0.0	96.2	141.5	0.0	0.0	0		139	20260905-154832
ke	52.7	0.0	0.0	114.3	153.7	0.0	0.0	0		140	20260905-154832
tkd,	80.4	215.3	288.5	95.1	142.7	315.8	404.4	0		141	20260905-154832
rdud	63.7	143.8	264.5	123.7	161.8	253.4	380.0	0		142	20260905-154832
nmj,	169.3	322.7	536.0	79.9	243.5	433.7	658.0	0		143	20260905-154832
c;	67.3	0.0	0.0	83.1	169.3	0.0	0.0	0		144	20260905-154832
dnm;	103.0	277.9	418.9	77.5	188.1	374.6	535.0	0		145	20260905-154832
p/uu	213.9	409.1	548.2	86.6	324.5	492.8	653.8	0		146	20260905-154832
/o;k	204.1	424.7	633.4	106.1	305.1	528.0	731.7	0		147	20260905-154832
hb,i	107.8	221.1	409.6	83.2	210.2	303.2	504.8	0		148	20260905-154832
pd	60.6	0.0	0.0	100.3	152.7	0.0	0.0	0		149	20260905-154832
ajzs	85.3	256.1	490.5	102.5	192.3	380.6	597.9	0		150	20260905-154832
m,jt	98.9	281.6	385.6	151.2	213.9	425.1	481.2	0		151	20260905-154832
sbxe	99.4	352.4	468.5	147.0	221.6	532.7	609.2	0		152	20260905-154832
vw/;	56.0	175.3	422.4	144.4	189.1	294.6	531.8	0		153	20260905-154832
gy	53.0	0.0	0.0	97.4	138.9	0.0	0.0	0		154	20260905-154832
kwoq	67.9	187.3	363.6	86.4	175.4	323.8	481.7	0		155	20260905-154832
m/jc	77.0	249.0	359.6	134.7	205.4	369.9	482.2	0		156	20260905-154832
/if;	97.6	269.0	394.3	172.1	229.6	377.6	522.8	0		157	20260905-154832
dj	74.0	0.0	0.0	90.2	187.1	0.0	0.0	0		158	20260905-154832
xd	59.8	0.0	0.0	181.6	171.5	0.0	0.0	0		159	20260905-154832
vlms	48.8	179.1	300.2	131.9	223.8	358.5	408.4	0		160	20260905-154832
hlap	44.2	199.0	317.3	131.3	172.3	306.0	418.7	0		161	20260905-154832
e;.r	41.6	262.6	348.8	93.7	147.0	419.5	447.0	0		162	20260905-154832
isxm	73.5	301.0	357.9	152.0	172.1	425.5	498.9	0		163	20260905-154832
dsd.	44.2	246.4	352.1	133.1	150.1	361.8	515.0	0		164	20260905-154832
ui	56.0	0.0	0.0	154.2	213.2	0.0	0.0	0		165	20260905-154832
im	96.5	0.0	0.0	174.2	224.4	0.0	0.0	0		166	20260905-154832
yhkn	190.4	363.2	464.3	74.1	279.8	0.0	0.0	1	yhkm	167	20260905-154832
cdxm	195.4	393.2	466.4	77.5	277.4	500.2	601.6	0		168	20260905-154832
hbif	48.5	168.1	295.4	70.7	145.2	282.4	398.5	0		169	20260905-154832
wzje	208.6	341.4	452.5	87.5	330.1	463.5	538.0	0		170	20260905-154832
rwkd	62.5	172.5	333.7	136.7	185.9	284.8	431.9	0		171	20260905-154832
otja	82.6	213.7	300.8	117.0	169.2	318.8	429.3	0		172	20260905-154832
ibzw	129.5	260.7	477.7	110.1	218.9	398.9	603.9	0		173	20260905-154832
qc	218.0	0.0	0.0	97.2	311.9	0.0	0.0	0		174	20260905-154832
zld.	85.0	202.6	308.3	95.4	178.3	296.3	421.8	0		175	20260905-154832
stod	81.7	153.5	282.0	144.2	173.8	261.7	387.3	0		176	20260905-154832
s/wx	77.0	217.0	442.0	106.0	188.6	310.7	546.5	0		177	20260905-154832
kh	91.2	0.0	0.0	132.2	201.7	0.0	0.0	0		178	20260905-154832
qlz;	72.0	246.2	319.2	105.5	166.3	372.4	432.8	0		179	20260905-154832
i/zf	197.7	239.6	378.0	101.2	315.8	409.5	499.5	0		180	20260905-154832
jhiy	166.5	263.7	465.0	77.3	301.6	413.4	561.5	0		181	20260905-154832
tw	64.3	0.0	0.0	133.1	194.1	0.0	0.0	0		182	20260905-154832
jn	182.4	0.0	0.0	88.2	269.6	0.0	0.0	0		183	20260905-154832
keie	78.0	182.8	299.8	87.4	171.4	266.6	395.0	0		184	20260905-154832
/u	59.3	0.0	0.0	147.7	176.5	0.0	0.0	0		185	20260905-154832
byqt	84.4	233.9	300.8	95.3	152.1	368.1	423.9	0		186	20260905-154832
gnxc	84.9	217.0	290.7	94.9	189.0	393.6	417.3	0		187	20260905-154832
;o	43.2	0.0	0.0	206.7	190.9	0.0	0.0	0		188	20260905-154832
htui	52.6	191.2	307.1	86.7	133.8	380.8	441.9	0		189	20260905-154832
b;	51.1	0.0	0.0	89.9	148.9	0.0	0.0	0		190	20260905-154832
dxnf	36.4	151.2	252.8	104.3	140.0	263.0	350.6	0		191	20260905-154832
.skl	112.5	214.7	347.9	123.3	235.8	391.6	501.6	0		192	20260905-154832
rb	221.5	0.0	0.0	86.1	317.9	0.0	0.0	0		193	20260905-154832
zeoo	207.3	309.7	459.5	108.8	287.0	380.9	550.1	0		194	20260905-154832
gu.x	15.5	195.1	325.6	93.5	113.5	351.4	419.5	0		195	20260905-154832
ux	56.0	0.0	0.0	110.9	160.7	0.0	0.0	0		196	20260905-154832
i;wl	125.4	253.4	369.0	142.7	264.4	357.8	512.0	0		197	20260905-154832
xj,b	100.0	233.9	377.5	112.7	243.6	402.8	483.5	0		198	20260905-154832
bwdn	50.5	242.7	320.7	128.7	162.3	350.7	436.0	0		199	20260905-154832
k/	58.1	0.0	0.0	159.2	199.5	0.0	0.0	0		200	20260905-154832
zueb	101.9	227.2	418.1	111.5	190.5	321.8	520.4	0		201	20260905-154832
x/	60.4	0.0	0.0	109.6	175.4	0.0	0.0	0		202	20260905-154832
f;va	46.9	236.0	336.3	96.8	154.4	395.4	453.1	0		203	20260905-154832
czn,	54.8	184.0	442.7	121.4	193.5	365.3	614.6	0		204	20260905-154832
.k	87.7	0.0	0.0	203.2	240.6	0.0	0.0	0		205	20260905-154832
.pmk	253.4	374.6	510.8	131.2	387.8	594.3	628.5	0		206	20260905-154832
hlsl	69.4	140.7	266.7	108.8	179.8	255.0	379.4	0		207	20260905-154832
/u	70.0	0.0	0.0	156.8	169.7	0.0	0.0	0		208	20260905-154832
g.	45.6	0.0	0.0	92.9	160.6	0.0	0.0	0		209	20260905-154832
nf	62.8	0.0	0.0	111.3	162.5	0.0	0.0	0		210	20260905-154832
sy	81.5	0.0	0.0	111.8	156.7	0.0	0.0	0		211	20260905-154832
mrv,	90.4	295.0	352.7	103.8	168.2	0.0	0.0	1	mrv.	212	20260905-154832
af	54.2	0.0	0.0	120.7	165.2	0.0	0.0	0		213	20260905-154832
;jzz	56.6	183.9	344.5	126.3	149.1	278.4	460.0	0		214	20260905-154832
facv	86.2	361.1	409.7	158.9	235.5	509.0	552.5	0		215	20260905-154832
uogw	64.7	191.7	255.4	146.1	179.9	320.8	401.4	0		216	20260905-154832
vl	71.0	0.0	0.0	122.7	185.6	0.0	0.0	0		217	20260905-154832
;j	64.9	0.0	0.0	120.1	160.2	0.0	0.0	0		218	20260905-154832
wwsc	144.3	347.1	490.5	84.3	243.2	0.0	0.0	1	wwsd	219	20260905-154832
ivnl	90.6	197.6	300.3	105.2	212.1	363.0	449.0	0		220	20260905-154832
iuaj	65.3	203.0	279.7	137.3	154.1	323.4	397.0	0		221	20260905-154832
ad/o	48.9	133.2	338.6	167.9	143.3	383.8	446.8	0		222	20260905-154832
rirj	50.8	191.5	289.3	88.9	135.9	299.8	411.1	0		223	20260905-154832
cqiz	81.6	165.2	357.0	140.1	197.3	274.2	475.6	0		224	20260905-154832
eh	42.7	0.0	0.0	100.1	163.3	0.0	0.0	0		225	20260905-154832
j/b/	97.8	218.3	302.9	131.2	186.6	313.0	403.2	0		226	20260905-154832
unps	206.8	362.1	418.7	100.4	283.9	488.2	530.0	0		227	20260905-154832
,e	106.9	0.0	0.0	151.1	200.2	0.0	0.0	0		228	20260905-154832
vs	83.0	0.0	0.0	152.6	193.5	0.0	0.0	0		229	20260905-154832
vokt	37.1	185.8	325.5	105.7	174.3	335.7	430.6	0		230	20260905-154832
soyh	78.1	236.9	430.8	108.9	186.6	322.2	536.4	0		231	20260905-154832
ck	63.8	0.0	0.0	108.2	177.0	0.0	0.0	0		232	20260905-154832
zzxd	189.5	469.6	641.5	111.2	350.2	717.3	796.4	0		233	20260905-154832
qnpd	89.8	255.4	367.0	124.0	183.1	389.1	475.8	0		234	20260905-154832
gqic	75.7	173.1	335.2	156.4	183.8	276.9	444.0	0		235	20260905-154832
ro	79.2	0.0	0.0	100.7	176.5	0.0	0.0	0		236	20260905-154832
wghy	96.2	201.5	410.8	146.8	239.9	292.1	497.0	0		237	20260905-154832
nu	182.2	0.0	0.0	88.6	285.3	0.0	0.0	0		238	20260905-154832
i;	89.4	0.0	0.0	186.3	204.2	0.0	0.0	0		239	20260905-154832
,a	86.7	0.0	0.0	128.3	180.1	0.0	0.0	0		240	20260905-154832
d,ap	77.2	201.0	291.1	79.7	181.0	401.0	401.3	0		1	20260909-211603
.gdp	85.1	224.9	287.0	119.5	177.8	314.7	399.7	0		2	20260909-211603
/nq.	79.0	175.8	266.4	155.1	178.0	296.0	401.0	0		3	20260909-211603
bqe,	52.5	225.8	300.6	134.2	176.8	308.6	413.7	0		4	20260909-211603
;kcb	75.7	295.4	371.1	136.1	212.0	423.8	485.9	0		5	20260909-211603
yj	169.8	0.0	0.0	62.7	279.8	0.0	0.0	0		6	20260909-211603
vxdp	73.2	244.2	313.2	125.4	174.3	329.0	408.3	0		7	20260909-211603
/,x.	76.2	208.9	331.8	164.2	203.1	322.2	494.9	0		8	20260909-211603
;uq/	60.7	148.2	255.8	125.6	156.2	270.9	385.9	0		9	20260909-211603
zc	45.3	0.0	0.0	215.9	161.0	0.0	0.0	0		10	20260909-211603
wkon	82.1	244.7	332.6	100.2	178.5	435.7	450.3	0		11	20260909-211603
ym	212.5	0.0	0.0	70.9	300.6	0.0	0.0	0		12	20260909-211603
/j	71.4	0.0	0.0	138.7	178.2	0.0	0.0	0		13	20260909-211603
,/	85.4	0.0	0.0	166.2	195.3	0.0	0.0	0		14	20260909-211603
tt	145.2	0.0	0.0	72.6	235.9	0.0	0.0	0		15	20260909-211603
gucb	53.7	250.6	0.0	85.1	149.7	0.0	0.0	1	gub	16	20260909-211603
ymfj	223.7	337.7	424.6	78.9	305.8	431.5	519.1	0		17	20260909-211603
cc	158.2	0.0	0.0	72.9	245.9	0.0	0.0	0		18	20260909-211603
uu.b	141.0	340.4	489.9	76.9	229.1	478.7	589.9	0		19	20260909-211603
;das	93.0	261.2	390.1	102.9	173.9	437.0	514.0	0		20	20260909-211603
frib	159.1	236.9	403.1	56.7	230.7	325.3	499.9	0		21	20260909-211603
vsls	70.8	159.7	283.4	124.9	153.8	257.5	368.9	0		22	20260909-211603
a.w,	100.5	224.6	309.7	104.8	221.2	334.5	421.1	0		23	20260909-211603
mghs	94.9	221.9	259.4	89.1	179.3	316.2	362.3	0		24	20260909-211603
omaz	89.7	178.0	390.8	182.6	197.0	286.1	511.6	0		25	20260909-211603
sulg	95.2	222.4	286.1	89.1	174.0	359.2	379.1	0		26	20260909-211603
rott	92.1	271.4	462.3	85.9	190.0	358.9	543.6	0		27	20260909-211603
bm	92.9	0.0	0.0	98.8	196.1	0.0	0.0	0		28	20260909-211603
yiu.	40.0	316.9	517.3	179.0	210.0	421.0	660.2	0		29	20260909-211603
/dhd	115.7	221.4	313.6	127.4	187.7	317.4	398.6	0		30	20260909-211603
nwvh	37.0	189.1	285.0	94.9	132.3	320.3	384.2	0		31	20260909-211603
f.yg	50.8	231.3	315.6	82.9	161.6	329.4	420.4	0		32	20260909-211603
xyme	71.6	284.3	364.4	96.2	141.9	396.5	443.2	0		33	20260909-211603
dqog	48.0	158.5	267.8	96.0	155.5	247.9	370.3	0		34	20260909-211603
py	64.6	0.0	0.0	122.1	151.8	0.0	0.0	0		35	20260909-211603
fxpx	55.8	188.7	295.5	120.6	168.7	279.5	388.2	0		36	20260909-211603
qw.d	61.7	206.8	330.7	166.4	184.8	340.7	419.5	0		37	20260909-211603
m.,o	192.4	294.9	541.7	94.9	372.7	413.0	638.7	0		38	20260909-211603
pqkm	54.8	236.1	330.0	100.6	167.2	387.7	467.7	0		39	20260909-211603
hajf	50.0	214.8	296.3	87.2	153.9	332.7	396.7	0		40	20260909-211603
ckgf	79.9	256.6	452.2	88.6	171.7	341.5	556.5	0		41	20260909-211603
xed/	223.2	405.2	502.0	98.1	290.8	475.8	616.8	0		42	20260909-211603
py	65.4	0.0	0.0	119.3	146.3	0.0	0.0	0		43	20260909-211603
.lqm	186.9	220.8	393.4	82.0	289.9	343.8	503.8	0		44	20260909-211603
wq	78.7	0.0	0.0	135.7	229.7	0.0	0.0	0		45	20260909-211603
n/;l	77.1	327.6	535.6	182.2	215.1	438.2	651.0	0		46	20260909-211603
zq	209.7	0.0	0.0	99.4	311.8	0.0	0.0	0		47	20260909-211603
d,fk	87.0	162.0	273.9	85.9	165.3	277.3	375.0	0		48	20260909-211603
vk	62.1	0.0	0.0	106.2	148.4	0.0	0.0	0		49	20260909-211603
ubxj	90.8	260.0	326.7	80.9	168.8	345.6	432.5	0		50	20260909-211603
ti	34.4	0.0	0.0	81.0	132.2	0.0	0.0	0		51	20260909-211603
jxch	70.9	202.5	273.3	93.3	150.5	312.2	374.4	0		52	20260909-211603
/yq;	84.3	212.4	301.5	145.0	166.2	333.6	405.2	0		53	20260909-211603
ugec	83.1	218.4	430.2	99.4	184.2	292.3	514.4	0		54	20260909-211603
.wmh	105.3	208.2	398.0	126.1	213.8	298.1	489.6	0		55	20260909-211603
us	67.9	0.0	0.0	100.7	166.8	0.0	0.0	0		56	20260909-211603
gk,,	83.7	439.2	617.3	107.6	176.6	543.0	685.3	0		57	20260909-211603
de	168.8	0.0	0.0	63.9	253.6	0.0	0.0	0		58	20260909-211603
fh,w	54.9	229.3	311.4	83.5	145.6	358.5	441.6	0		59	20260909-211603
;ssf	126.1	276.0	489.0	82.2	216.1	432.2	607.8	0		60	20260909-211603
jwxw	102.2	382.0	593.6	106.4	199.2	454.0	677.5	0		61	20260909-211603
lxdr	83.5	328.0	417.2	99.5	184.7	441.9	530.7	0		62	20260909-211603
zofg	31.3	176.5	374.0	118.4	125.3	282.0	476.2	0		63	20260909-211603
tnyx	69.3	271.6	361.5	81.9	135.7	350.7	462.7	0		64	20260909-211603
zt..	113.9	218.8	371.3	179.7	199.5	304.6	477.5	0		65	20260909-211603
m;	39.0	0.0	0.0	114.0	152.2	0.0	0.0	0		66	20260909-211603
a;;h	120.2	271.9	456.1	86.0	187.0	380.9	549.1	0		67	20260909-211603
o/	199.1	0.0	0.0	91.9	296.8	0.0	0.0	0		68	20260909-211603
hwfp	48.9	181.6	289.5	103.2	175.8	307.1	393.2	0		69	20260909-211603
bkwe	78.9	199.4	276.7	102.3	170.3	395.1	408.4	0		70	20260909-211603
qvsm	86.9	292.2	403.9	150.2	225.9	399.3	505.1	0		71	20260909-211603
iioz	124.0	301.9	403.9	68.1	220.1	425.3	524.8	0		72	20260909-211603
i.h,	174.1	320.1	493.9	85.8	301.5	556.9	617.0	0		73	20260909-211603
tl	55.2	0.0	0.0	92.8	156.8	0.0	0.0	0		74	20260909-211603
ffau	150.2	316.1	411.4	75.2	246.1	436.9	507.2	0		75	20260909-211603
pp	146.9	0.0	0.0	74.8	249.2	0.0	0.0	0		76	20260909-211603
zisd	91.3	255.9	327.5	118.5	179.5	406.7	461.0	0		77	20260909-211603
xm	75.9	0.0	0.0	96.4	190.0	0.0	0.0	0		78	20260909-211603
oygn	57.2	180.2	290.0	124.9	159.1	276.1	406.3	0		79	20260909-211603
zoic	96.3	162.9	245.7	123.8	251.8	281.6	357.8	0		80	20260909-211603
j;oi	124.0	423.7	503.2	173.4	272.3	599.5	649.5	0		81	20260909-211603
lc	69.5	0.0	0.0	103.9	181.2	0.0	0.0	0		82	20260909-211603
fz	68.6	0.0	0.0	126.3	212.8	0.0	0.0	0		83	20260909-211603
fg	140.9	0.0	0.0	87.5	355.1	0.0	0.0	0		84	20260909-211603
cx	64.9	0.0	0.0	139.8	187.9	0.0	0.0	0		85	20260909-211603
.b	70.9	0.0	0.0	132.5	150.0	0.0	0.0	0		86	20260909-211603
t/fj	76.5	210.3	294.3	75.4	183.5	314.6	397.2	0		87	20260909-211603
frdl	191.0	341.3	418.9	77.9	271.7	438.6	554.0	0		88	20260909-211603
pa	67.2	0.0	0.0	103.8	178.3	0.0	0.0	0		89	20260909-211603
pxhz	82.4	215.6	340.6	108.6	180.3	308.8	463.9	0		90	20260909-211603
nsuj	89.7	231.9	416.8	99.7	194.9	311.1	509.8	0		91	20260909-211603
kz	61.0	0.0	0.0	97.4	195.5	0.0	0.0	0		92	20260909-211603
pbjh	94.5	199.9	393.6	97.0	185.8	295.9	486.6	0		93	20260909-211603
l.al	191.2	302.1	392.6	90.8	276.5	420.6	497.5	0		94	20260909-211603
os.g	110.7	265.8	367.2	113.1	207.8	386.4	457.9	0		95	20260909-211603
.;dt	197.4	328.5	474.8	101.8	298.0	460.0	575.8	0		96	20260909-211603
jgox	94.9	205.8	312.1	87.5	174.7	331.8	399.7	0		97	20260909-211603
o,m/	221.2	413.4	552.3	106.8	324.4	541.4	669.3	0		98	20260909-211603
.i	213.6	0.0	0.0	105.7	287.7	0.0	0.0	0		99	20260909-211603
kxij	89.0	206.4	314.8	92.0	205.9	376.0	467.1	0		100	20260909-211603
f/lq	42.6	239.2	319.6	102.8	160.2	374.0	444.5	0		101	20260909-211603
lh,j	63.0	287.8	415.6	136.7	164.7	425.4	550.4	0		102	20260909-211603
lwmt	86.0	209.3	320.0	118.9	182.2	316.0	414.2	0		103	20260909-211603
eg/u	55.8	161.0	249.4	116.6	186.4	336.0	353.0	0		104	20260909-211603
/b	55.9	0.0	0.0	109.8	152.1	0.0	0.0	0		105	20260909-211603
.g	74.1	0.0	0.0	123.8	162.8	0.0	0.0	0		106	20260909-211603
.uq/	75.3	160.7	280.0	146.9	170.9	283.8	402.9	0		107	20260909-211603
qv	61.0	0.0	0.0	130.1	207.2	0.0	0.0	0		108	20260909-211603
,xru	83.6	244.2	338.2	132.8	176.8	348.7	433.9	0		109	20260909-211603
hzi;	110.9	196.2	373.7	88.5	228.6	349.8	483.7	0		110	20260909-211603
vewk	73.6	268.6	365.3	145.9	169.7	374.5	453.7	0		111	20260909-211603
p.;.	243.1	489.7	707.4	90.0	340.5	594.7	718.4	0		112	20260909-211603
wt,r	71.6	173.0	309.2	162.5	162.7	305.6	397.7	0		113	20260909-211603
g;nf	28.4	227.2	308.0	89.2	145.3	329.3	412.3	0		114	20260909-211603
,r.n	69.8	184.1	354.0	85.2	155.1	311.2	469.5	0		115	20260909-211603
lmju	68.9	269.6	436.3	132.8	172.6	356.5	544.1	0		116	20260909-211603
dvdn	27.1	230.6	269.5	101.6	128.5	316.4	365.7	0		117	20260909-211603
slfa	55.8	222.3	353.2	88.5	149.4	414.5	488.1	0		118	20260909-211603
xsaw	184.0	389.3	672.5	84.3	276.2	502.0	797.1	0		119	20260909-211603
pz,n	89.9	252.3	427.9	101.1	206.3	362.7	524.5	0		120	20260909-211603
qfzr	71.3	344.8	483.9	147.0	205.0	486.4	594.2	0		121	20260909-211603
yrtd	64.6	310.7	417.3	91.2	159.2	448.3	519.3	0		122	20260909-211603
ip,w	58.7	329.5	420.6	141.7	185.6	436.5	511.4	0		123	20260909-211603
rd	76.9	0.0	0.0	135.4	195.4	0.0	0.0	0		124	20260909-211603
j.dh	12.6	168.7	259.0	122.0	169.0	256.0	357.2	0		125	20260909-211603
fuxj	51.9	187.9	269.8	79.0	130.6	318.6	366.5	0		126	20260909-211603
r.d;	59.1	189.8	285.8	85.0	164.0	292.9	392.3	0		127	20260909-211603
bs	61.8	0.0	0.0	136.1	174.4	0.0	0.0	0		128	20260909-211603
zqll	211.1	320.8	446.6	92.5	314.6	390.6	529.6	0		129	20260909-211603
yq	44.3	0.0	0.0	81.3	154.3	0.0	0.0	0		130	20260909-211603
yevc	39.7	242.2	375.2	86.9	115.2	435.7	464.2	0		131	20260909-211603
knap	66.0	190.1	254.2	130.2	157.7	305.6	370.4	0		132	20260909-211603
gv	253.5	0.0	0.0	122.4	361.1	0.0	0.0	0		133	20260909-211603
.h/r	56.1	261.2	323.0	127.2	156.8	383.3	418.4	0		134	20260909-211603
b;	31.1	0.0	0.0	90.0	119.9	0.0	0.0	0		135	20260909-211603
nc	65.2	0.0	0.0	84.7	154.0	0.0	0.0	0		136	20260909-211603
jl	59.6	0.0	0.0	102.8	162.1	0.0	0.0	0		137	20260909-211603
qybk	89.6	236.3	324.2	113.7	165.9	332.1	429.9	0		138	20260909-211603
yrqc	66.3	191.4	608.9	83.9	170.9	287.0	700.0	0		139	20260909-211603
yc	115.9	0.0	0.0	70.7	207.8	0.0	0.0	0		140	20260909-211603
kihm	202.9	347.7	549.9	85.7	292.0	0.0	0.0	1	kih,	141	20260909-211603
mgtc	75.5	284.6	365.0	123.3	173.5	446.3	510.2	0		142	20260909-211603
x,,r	129.7	264.6	419.2	97.3	189.5	353.4	502.3	0		143	20260909-211603
;h	72.7	0.0	0.0	148.5	156.3	0.0	0.0	0		144	20260909-211603
srhj	58.4	227.5	406.9	183.1	165.0	301.9	501.9	0		145	20260909-211603
ga,y	43.1	118.0	243.3	114.1	148.1	306.9	341.3	0		146	20260909-211603
gg.x	155.7	305.3	370.2	73.7	241.4	418.3	455.4	0		147	20260909-211603
xvto	58.0	279.3	335.9	108.3	165.8	370.2	470.1	0		148	20260909-211603
hl	46.7	0.0	0.0	88.5	148.5	0.0	0.0	0		149	20260909-211603
xhe,	95.9	218.8	308.8	95.6	173.1	303.0	404.0	0		150	20260909-211603
gxfh	93.5	273.7	396.3	131.8	181.0	377.9	466.5	0		151	20260909-211603
aevx	56.0	305.5	342.6	135.3	162.4	431.9	439.3	0		152	20260909-211603
vhno	86.6	273.3	345.3	120.8	169.4	440.1	460.2	0		153	20260909-211603
qxwl	208.0	411.4	464.2	109.4	280.7	536.5	582.2	0		154	20260909-211603
xdic	59.5	179.9	319.2	149.3	157.9	272.4	417.0	0		155	20260909-211603
ahol	82.9	171.2	395.1	109.2	203.3	262.6	408.0	0		156	20260909-211603
gfbk	187.7	441.5	532.7	79.0	278.3	536.3	637.2	0		157	20260909-211603
et	87.8	0.0	0.0	139.7	221.2	0.0	0.0	0		158	20260909-211603
ng;h	75.8	165.8	288.8	101.6	171.7	343.4	392.5	0		159	20260909-211603
lrqn	54.4	263.7	278.0	119.8	138.0	0.0	0.0	1	lrqw	160	20260909-211603
gflx	189.9	286.2	408.8	87.1	276.7	383.6	518.0	0		161	20260909-211603
tc	74.9	0.0	0.0	146.8	211.7	0.0	0.0	0		162	20260909-211603
zvds	55.3	294.5	335.3	141.1	179.4	393.1	463.1	0		163	20260909-211603
wmcz	77.6	258.3	346.5	89.4	185.2	406.5	482.3	0		164	20260909-211603
no	59.0	0.0	0.0	127.4	135.9	0.0	0.0	0		165	20260909-211603
mqw/	62.4	224.9	310.7	105.0	162.9	354.9	427.9	0		166	20260909-211603
gfwg	191.7	377.8	571.8	88.5	300.9	492.8	751.7	0		167	20260909-211603
txpz	74.2	177.0	330.1	123.2	156.2	264.3	452.3	0		168	20260909-211603
mppk	187.0	340.9	566.6	89.2	271.0	439.2	679.6	0		169	20260909-211603
ryja	76.9	266.3	349.2	92.7	139.4	372.0	452.2	0		170	20260909-211603
u,yx	218.3	464.6	562.4	63.1	284.8	0.0	0.0	1	u,yz	171	20260909-211603
fnmp	140.6	306.5	494.6	97.9	226.5	412.1	597.8	0		172	20260909-211603
tbi/	209.5	311.5	517.1	66.9	293.6	411.4	626.6	0		173	20260909-211603
wq	58.7	0.0	0.0	138.5	195.3	0.0	0.0	0		174	20260909-211603
iqpo	117.2	199.2	402.3	109.7	240.9	312.1	489.9	0		175	20260909-211603
/b	71.6	0.0	0.0	107.6	163.4	0.0	0.0	0		176	20260909-211603
;acs	78.9	319.6	397.4	111.8	190.5	447.6	518.3	0		177	20260909-211603
i;;o	179.1	353.6	592.6	96.1	276.6	489.4	697.7	0		178	20260909-211603
az	209.7	0.0	0.0	85.6	317.9	0.0	0.0	0		179	20260909-211603
mub/	180.0	268.7	422.7	63.8	265.7	359.5	527.6	0		180	20260909-211603
;,ud	200.4	401.0	548.2	103.5	289.9	506.8	630.3	0		181	20260909-211603
vjn;	75.1	269.8	376.0	113.9	164.1	378.8	497.1	0		182	20260909-211603
n/t;	67.7	192.5	293.4	153.6	177.3	284.4	399.6	0		183	20260909-211603
,mds	72.1	269.5	351.5	185.0	211.8	384.3	511.4	0		184	20260909-211603
jocy	25.2	143.5	240.5	111.1	145.0	266.8	328.6	0		185	20260909-211603
cs	69.5	0.0	0.0	133.4	195.9	0.0	0.0	0		186	20260909-211603
pp,g	138.2	355.2	476.6	79.3	238.2	499.6	567.3	0		187	20260909-211603
tu	54.2	0.0	0.0	85.8	141.3	0.0	0.0	0		188	20260909-211603
liaw	59.0	151.1	354.6	163.1	171.1	273.8	471.3	0		189	20260909-211603
mh	124.5	0.0	0.0	49.9	238.0	0.0	0.0	0		190	20260909-211603
sgup	137.7	207.1	315.3	121.5	251.3	356.1	438.1	0		191	20260909-211603
vlvq	87.4	212.5	300.2	102.1	184.0	0.0	0.0	1	vlvw	192	20260909-211603
sewc	62.6	306.6	559.3	178.8	201.6	405.9	664.4	0		193	20260909-211603
ef	64.5	0.0	0.0	121.6	192.8	0.0	0.0	0		194	20260909-211603
lyn;	78.4	306.0	414.3	163.3	163.1	431.1	514.2	0		195	20260909-211603
i,cc	213.3	368.9	529.2	81.0	319.1	446.4	646.4	0		196	20260909-211603
x.	53.9	0.0	0.0	99.7	158.9	0.0	0.0	0		197	20260909-211603
lk	94.9	0.0	0.0	161.5	216.9	0.0	0.0	0		198	20260909-211603
yi	59.0	0.0	0.0	115.8	177.7	0.0	0.0	0		199	20260909-211603
xbg,	78.8	266.6	350.5	120.2	150.1	371.3	447.5	0		200	20260909-211603
yiol	163.1	235.8	464.0	90.1	309.2	365.9	592.9	0		201	20260909-211603
rg	181.4	0.0	0.0	73.4	288.4	0.0	0.0	0		202	20260909-211603
dev.	193.8	344.0	448.2	86.1	282.6	468.7	568.0	0		203	20260909-211603
xnsm	90.2	187.0	279.1	84.1	157.2	285.0	377.3	0		204	20260909-211603
lfek	76.9	205.4	267.5	104.5	175.6	300.7	370.7	0		205	20260909-211603
eqhn	46.4	180.8	369.0	117.5	172.8	260.8	456.5	0		206	20260909-211603
.cfe	100.2	278.3	384.7	118.5	216.9	431.5	466.7	0		207	20260909-211603
vv	171.2	0.0	0.0	96.9	286.1	0.0	0.0	0		208	20260909-211603
qu,a	45.2	261.2	320.7	102.9	132.9	366.7	420.0	0		209	20260909-211603
ost/	62.3	182.6	291.7	82.6	218.0	271.7	411.6	0		210	20260909-211603
ju	168.1	0.0	0.0	79.1	269.7	0.0	0.0	0		211	20260909-211603
h;yf	17.9	210.4	275.6	94.4	131.0	305.1	371.3	0		212	20260909-211603
,dim	109.6	195.3	340.0	81.9	200.8	288.9	442.8	0		213	20260909-211603
/b	75.7	0.0	0.0	119.8	176.8	0.0	0.0	0		214	20260909-211603
obst	63.2	208.9	344.4	104.8	153.9	391.6	426.5	0		215	20260909-211603
i/cn	157.8	280.7	405.8	85.1	288.9	378.5	494.5	0		216	20260909-211603
ewna	48.6	0.0	0.0	0.0	0.0	0.0	0.0	1	eq	217	20260909-211603
vdwe	62.9	211.7	364.8	137.6	156.2	457.1	499.8	0		218	20260909-211603
,yjr	83.0	314.5	380.6	156.1	171.1	406.6	465.8	0		219	20260909-211603
/w;v	107.9	235.5	425.5	110.2	192.9	360.6	553.0	0		220	20260909-211603
z.	40.2	0.0	0.0	132.0	160.0	0.0	0.0	0		221	20260909-211603
js	60.0	0.0	0.0	97.2	164.6	0.0	0.0	0		222	20260909-211603
la	48.0	0.0	0.0	87.6	154.5	0.0	0.0	0		223	20260909-211603
edem	203.0	371.9	452.8	73.7	255.0	456.6	563.0	0		224	20260909-211603
,aoe	73.7	198.3	286.3	74.2	173.2	315.2	363.3	0		225	20260909-211603
/p	195.5	0.0	0.0	71.0	295.3	0.0	0.0	0		226	20260909-211603
bh;t	78.6	182.8	308.4	87.8	173.6	302.7	409.7	0		227	20260909-211603
/byo	101.5	238.2	325.6	107.9	195.2	359.8	463.6	0		228	20260909-211603
o/	189.2	0.0	0.0	80.3	278.8	0.0	0.0	0		229	20260909-211603
xxmi	180.7	348.2	414.9	85.8	283.1	486.7	541.3	0		230	20260909-211603
lua;	77.5	154.4	263.3	132.2	185.5	267.0	373.2	0		231	20260909-211603
vynw	62.4	268.7	317.2	102.6	129.0	362.6	419.6	0		232	20260909-211603
dd	157.3	0.0	0.0	67.5	264.0	0.0	0.0	0		233	20260909-211603
bme/	104.2	198.2	298.0	93.4	192.5	292.3	425.3	0		234	20260909-211603
fghx	177.5	303.7	418.8	85.7	265.9	393.2	528.5	0		235	20260909-211603
cjuy	64.1	229.2	377.5	87.6	145.0	302.1	461.7	0		236	20260909-211603
yq	52.8	0.0	0.0	82.9	164.1	0.0	0.0	0		237	20260909-211603
iksi	171.1	251.3	353.5	67.8	246.5	357.9	447.1	0		238	20260909-211603
jgwt	0.0	0.0	0.0	0.0	0.0	0.0	0.0	1	g	239	20260909-211603
/c.d	103.0	201.2	313.4	96.2	186.5	323.2	410.1	0		240	20260909-211603
w;fe	75.0	177.3	255.7	106.7	173.5	318.4	380.5	0		241	20260909-211603
iwjp	66.8	174.8	241.9	85.3	173.9	293.1	345.0	0		242	20260909-211603
hivd	61.9	142.9	204.9	116.6	165.7	281.9	309.8	0		243	20260909-211603
s;mt	40.2	204.5	287.3	97.1	147.1	312.6	384.2	0		244	20260909-211603
;zrt	67.7	177.0	384.0	105.1	197.9	285.7	487.0	0		245	20260909-211603
givv	65.1	215.9	403.0	81.5	147.1	326.2	522.1	0		246	20260909-211603
.awv	61.5	286.9	300.8	132.2	185.0	387.4	499.8	0		247	20260909-211603
xn	61.7	0.0	0.0	102.9	159.7	0.0	0.0	0		248	20260909-211603
fz	73.8	0.0	0.0	140.7	209.3	0.0	0.0	0		249	20260909-211603
xg./	61.8	101.3	314.9	136.6	175.2	209.6	426.9	0		250	20260909-211603
mup;	189.8	485.7	0.0	81.8	291.5	0.0	0.0	1	mu;	251	20260909-211603
yucq	179.2	284.8	398.0	85.0	282.0	473.3	541.7	0		252	20260909-211603
gajm	52.0	122.3	316.3	125.2	152.9	199.9	415.0	0		253	20260909-211603
ali;	103.5	171.0	372.0	113.2	251.1	270.5	481.6	0		254	20260909-211603
q;wi	56.4	192.0	239.3	117.9	155.8	304.3	367.2	0		255	20260909-211603
h.	76.5	0.0	0.0	128.7	200.1	0.0	0.0	0		256	20260909-211603
db	76.2	0.0	0.0	139.2	220.9	0.0	0.0	0		257	20260909-211603
.t,z	86.9	222.4	379.4	121.9	167.8	324.6	493.1	0		258	20260909-211603
gk	56.0	0.0	0.0	104.1	146.0	0.0	0.0	0		259	20260909-211603
qcqm	233.9	405.9	577.7	126.0	330.7	525.2	0.0	1	qcq,	260	20260909-211603
db.p	67.7	152.8	381.9	120.5	186.2	256.7	477.3	0		261	20260909-211603
xf,p	66.8	138.8	313.6	167.6	176.6	252.8	414.2	0		262	20260909-211603
.r	96.4	0.0	0.0	125.8	190.9	0.0	0.0	0		263	20260909-211603
sdlp	81.1	121.0	320.3	162.1	196.4	216.3	420.0	0		264	20260909-211603
igsh	56.1	171.0	224.5	99.1	135.5	271.5	318.3	0		265	20260909-211603
srw,	34.7	240.6	280.2	110.8	129.9	328.6	384.3	0		266	20260909-211603
uoxb	49.4	131.6	245.5	118.5	151.5	292.6	340.6	0		267	20260909-211603
lkgr	65.9	158.1	339.5	136.0	210.0	241.2	428.2	0		268	20260909-211603
eb	53.5	0.0	0.0	111.8	201.7	0.0	0.0	0		269	20260909-211603
t/	33.8	0.0	0.0	81.8	146.6	0.0	0.0	0		270	20260909-211603
uwiv	66.7	157.9	240.0	93.8	157.4	294.5	371.2	0		271	20260909-211603
xwuf	176.5	295.1	358.1	76.5	275.4	372.6	466.6	0		272	20260909-211603
pkbj	60.0	227.2	329.7	157.3	228.3	326.9	447.2	0		273	20260909-211603
dz	49.1	0.0	0.0	104.7	176.3	0.0	0.0	0		274	20260909-211603
fcij	67.3	131.7	249.7	124.9	161.8	242.6	375.0	0		275	20260909-211603
v/rp	70.7	214.6	295.6	96.8	162.8	306.8	383.9	0		276	20260909-211603
ppjn	162.7	185.7	378.0	102.2	340.4	211.5	0.0	1	ppjj	277	20260909-211603
cndl	66.7	199.0	267.1	89.7	145.5	277.9	366.2	0		278	20260909-211603
splz	47.2	236.1	318.4	97.6	122.0	343.1	435.4	0		279	20260909-211603
se	91.6	0.0	0.0	180.8	216.1	0.0	0.0	0		280	20260909-211603
,,gv	144.9	211.9	394.6	70.1	241.8	298.9	513.6	0		281	20260909-211603
ikjr	172.3	320.1	423.1	72.0	258.2	435.9	509.0	0		282	20260909-211603
uzr,	34.1	147.2	253.9	83.8	182.4	263.5	349.6	0		283	20260909-211603
qfob	64.9	218.5	327.8	121.1	172.6	325.0	411.6	0		284	20260909-211603
fd,z	75.9	141.9	324.6	126.6	157.2	237.5	436.6	0		285	20260909-211603
rtuv	178.1	261.5	396.3	89.0	251.2	347.0	494.5	0		286	20260909-211603
/edt	67.3	268.9	349.6	128.1	134.2	401.2	432.5	0		287	20260909-211603
tfhy	200.3	277.3	445.2	70.9	293.9	353.1	533.6	0		288	20260909-211603
xeh.	57.3	187.0	289.0	163.2	150.2	316.9	429.8	0		289	20260909-211603
ykjs	51.7	252.8	325.0	121.8	168.0	372.8	429.9	0		290	20260909-211603
ltjq	43.7	185.8	221.7	103.5	127.2	312.8	347.6	0		291	20260909-211603
x/dp	70.7	192.0	291.3	81.5	152.5	274.5	391.5	0		292	20260909-211603
ewm/	47.7	113.5	250.7	141.9	185.8	306.6	402.4	0		293	20260909-211603
eg.w	41.6	140.7	266.7	100.1	163.1	273.5	412.6	0		294	20260909-211603
n,nf	106.8	280.8	0.0	178.1	209.2	0.0	0.0	1	n,,	295	20260909-211603
/kqy	64.1	123.4	248.2	115.2	148.1	258.2	345.2	0		296	20260909-211603
gr;y	190.7	220.2	378.6	85.6	285.1	351.6	480.7	0		297	20260909-211603
ia	44.7	0.0	0.0	95.9	160.0	0.0	0.0	0		298	20260909-211603
;j	67.7	0.0	0.0	102.8	184.1	0.0	0.0	0		299	20260909-211603
sb	86.9	0.0	0.0	115.8	189.9	0.0	0.0	0		300	20260909-211603
tdao	67.2	202.2	297.7	140.7	148.5	346.9	396.0	0		301	20260909-211603
ki;a	164.9	289.3	414.1	69.0	241.8	425.3	537.9	0		302	20260909-211603
gvac	217.7	355.5	531.8	91.0	332.4	494.7	658.8	0		303	20260909-211603
;v/c	101.4	242.5	352.3	115.6	216.3	369.3	460.5	0		304	20260909-211603
non.	93.8	234.8	447.1	105.5	208.2	327.5	553.9	0		305	20260909-211603
eml.	57.7	151.6	387.8	88.7	161.0	250.0	525.9	0		306	20260909-211603
bn	52.5	0.0	0.0	78.6	133.6	0.0	0.0	0		307	20260909-211603
xgpa	102.8	217.1	315.0	140.3	191.0	311.6	431.8	0		308	20260909-211603
iop,	113.0	325.6	565.3	201.8	259.1	452.2	681.3	0		309	20260909-211603
kzdl	51.7	218.2	246.7	80.6	152.0	309.7	361.9	0		310	20260909-211603
uc	52.9	0.0	0.0	88.9	144.5	0.0	0.0	0		311	20260909-211603
larx	64.6	128.1	368.8	114.5	201.0	232.1	484.0	0		312	20260909-211603
ahue	53.0	208.3	269.4	108.9	125.7	311.0	374.4	0		313	20260909-211603
asgp	18.3	186.0	276.3	135.1	111.9	314.7	373.4	0		314	20260909-211603
ridy	67.3	167.2	249.7	74.1	137.4	268.7	319.3	0		315	20260909-211603
go	63.0	0.0	0.0	97.9	151.9	0.0	0.0	0		316	20260909-211603
;l	74.1	0.0	0.0	172.7	213.4	0.0	0.0	0		317	20260909-211603
fhy/	68.0	211.1	440.6	102.5	139.6	311.7	538.7	0		318	20260909-211603
x.bq	77.3	200.9	338.0	101.6	196.7	361.2	418.2	0		319	20260909-211603
.tyg	103.4	204.0	417.8	111.6	187.1	294.5	512.8	0		320	20260909-211603
;vjp	63.0	187.3	256.1	107.9	175.2	306.1	363.3	0		321	20260909-211603
ob	16.0	0.0	0.0	62.5	109.7	0.0	0.0	0		322	20260909-211603
wctg	198.6	422.8	630.2	88.5	291.7	504.8	739.0	0		323	20260909-211603
do	46.7	0.0	0.0	78.6	133.9	0.0	0.0	0		324	20260909-211603
dldg	76.0	175.6	321.5	62.7	167.5	287.8	425.5	0		325	20260909-211603
vdmv	63.0	172.9	257.1	124.9	139.6	281.7	377.6	0		326	20260909-211603
bpoq	82.2	198.8	325.0	103.3	181.0	341.3	427.1	0		327	20260909-211603
dzbt	37.1	235.9	439.0	85.7	160.0	332.5	524.3	0		328	20260909-211603
t/w.	66.5	194.5	245.7	89.4	157.1	283.6	371.9	0		329	20260909-211603
dp	37.0	0.0	0.0	69.2	128.0	0.0	0.0	0		330	20260909-211603
ng;s	69.7	161.0	241.6	78.7	147.4	263.6	347.0	0		331	20260909-211603
ct	103.3	0.0	0.0	151.2	189.1	0.0	0.0	0		332	20260909-211603
mnjs	171.8	325.6	427.1	73.3	237.7	435.6	528.5	0		333	20260909-211603
,zuv	112.6	210.0	310.5	90.7	222.5	299.5	423.1	0		334	20260909-211603
dov;	88.2	158.7	287.9	82.5	167.5	293.6	392.6	0		335	20260909-211603
nn	155.3	0.0	0.0	83.8	243.7	0.0	0.0	0		336	20260909-211603
oj	45.4	0.0	0.0	136.1	155.5	0.0	0.0	0		337	20260909-211603
wb.g	58.8	139.5	266.6	108.4	152.2	269.9	368.5	0		338	20260909-211603
rdkc	62.5	192.5	338.2	128.7	173.6	292.5	428.6	0		339	20260909-211603
k,	208.8	0.0	0.0	85.0	300.1	0.0	0.0	0		340	20260909-211603
dthq	61.1	156.8	238.2	111.6	153.7	243.6	373.0	0		341	20260909-211603
gkfa	92.9	239.3	351.1	99.6	187.6	407.3	466.2	0		342	20260909-211603
nazg	21.6	0.0	0.0	0.0	0.0	0.0	0.0	1	nz	343	20260909-211603
ci	64.0	0.0	0.0	103.1	145.1	0.0	0.0	0		344	20260909-211603
u;k/	38.2	234.8	429.3	134.5	168.4	372.0	541.2	0		345	20260909-211603
wxn;	233.7	337.6	422.6	97.7	332.6	451.3	550.7	0		346	20260909-211603
kf	55.0	0.0	0.0	95.1	157.9	0.0	0.0	0		347	20260909-211603
/u	75.2	0.0	0.0	160.8	190.5	0.0	0.0	0		348	20260909-211603
nemo	45.9	189.0	349.8	79.7	131.5	317.1	452.7	0		349	20260909-211603
uxut	38.6	162.3	267.2	92.1	135.4	281.5	367.3	0		350	20260909-211603
isgv	42.5	175.2	389.1	113.8	130.7	269.8	510.4	0		351	20260909-211603
ov;u	100.1	283.9	387.8	93.0	222.6	451.7	508.2	0		352	20260909-211603
ttdk	170.7	341.8	411.0	76.6	255.9	437.7	511.0	0		353	20260909-211603
mbf/	56.5	250.0	279.6	101.4	139.5	341.4	390.6	0		354	20260909-211603
viee	82.4	171.2	322.8	95.8	167.3	246.5	436.0	0		355	20260909-211603
zc/w	46.8	161.4	289.5	141.5	128.5	282.7	394.5	0		356	20260909-211603
wqei	32.1	228.4	322.2	124.9	136.0	312.0	413.2	0		357	20260909-211603
vh	70.4	0.0	0.0	119.5	154.3	0.0	0.0	0		358	20260909-211603
dw;f	22.1	103.5	218.0	92.9	106.5	208.7	327.9	0		359	20260909-211603
zfut	61.9	164.8	288.9	129.0	158.9	253.9	381.9	0		360	20260909-211603
pahf	76.8	176.3	252.8	102.9	184.7	288.0	359.7	0		361	20260909-211603
edcp	217.6	491.1	573.8	75.5	295.3	573.4	674.2	0		362	20260909-211603
bdvi	63.9	246.7	309.8	120.4	135.6	367.7	404.3	0		363	20260909-211603
ht;f	70.0	171.8	280.9	90.5	146.2	284.1	409.7	0		364	20260909-211603
j.yt	39.3	218.9	317.7	105.3	146.0	311.8	414.7	0		365	20260909-211603
drbq	51.0	311.7	400.4	132.2	151.8	484.5	564.5	0		366	20260909-211603
zaao	229.5	381.7	495.3	100.1	296.7	477.3	603.7	0		367	20260909-211603
v.kf	76.3	210.4	328.4	113.1	180.1	387.7	432.0	0		368	20260909-211603
kllf	198.5	347.4	436.8	92.8	266.3	437.6	530.5	0		369	20260909-211603
gi	65.4	0.0	0.0	88.3	151.6	0.0	0.0	0		370	20260909-211603
chnc	65.1	228.7	325.8	92.9	126.2	338.5	410.6	0		371	20260909-211603
vkyo	97.7	255.1	368.4	116.1	205.3	543.7	544.0	0		1	20260916-142633
fw/k	68.1	134.7	317.9	148.4	184.0	371.4	482.8	0		2	20260916-142633
/qqq	117.3	280.0	454.4	113.7	210.9	395.0	573.5	0		3	20260916-142633
.q	74.7	0.0	0.0	136.1	197.4	0.0	0.0	0		4	20260916-142633
peat	69.5	142.4	283.4	117.6	212.6	292.0	385.5	0		5	20260916-142633
uj	188.6	0.0	0.0	87.1	257.9	0.0	0.0	0		6	20260916-142633
hd	60.1	0.0	0.0	86.6	130.3	0.0	0.0	0		7	20260916-142633
;t	49.3	0.0	0.0	109.9	138.7	0.0	0.0	0		8	20260916-142633
,tgv	73.1	299.9	531.9	143.1	152.1	397.4	702.9	0		9	20260916-142633
h;wj	25.6	156.8	234.1	113.8	145.1	263.8	356.6	0		10	20260916-142633
ic	84.8	0.0	0.0	93.6	168.9	0.0	0.0	0		11	20260916-142633
,t	71.7	0.0	0.0	116.5	164.7	0.0	0.0	0		12	20260916-142633
gm	34.3	0.0	0.0	85.7	154.1	0.0	0.0	0		13	20260916-142633
vwll	101.0	214.2	367.0	152.5	193.5	286.8	462.0	0		14	20260916-142633
/r/a	69.2	206.9	312.5	106.9	158.8	326.9	443.6	0		15	20260916-142633
juwj	143.9	274.9	367.0	80.4	233.2	362.2	469.5	0		16	20260916-142633
jwz.	87.1	310.5	360.7	101.0	169.5	465.0	482.9	0		17	20260916-142633
kd	50.5	0.0	0.0	90.4	122.1	0.0	0.0	0		18	20260916-142633
wwfr	145.0	340.0	546.3	81.7	313.0	436.0	641.8	0		19	20260916-142633
el	88.5	0.0	0.0	65.4	181.5	0.0	0.0	0		20	20260916-142633
ymoh	249.8	320.6	493.5	90.9	361.2	462.5	594.4	0		21	20260916-142633
ko	55.0	0.0	0.0	145.1	170.7	0.0	0.0	0		22	20260916-142633
ydun	71.6	194.2	402.9	87.2	154.7	287.7	495.9	0		23	20260916-142633
jhkw	164.1	305.4	398.8	78.3	247.0	411.4	482.3	0		24	20260916-142633
pu	59.5	0.0	0.0	114.6	128.5	0.0	0.0	0		25	20260916-142633
pn	86.0	0.0	0.0	185.1	185.9	0.0	0.0	0		26	20260916-142633
mq	50.7	0.0	0.0	100.1	161.4	0.0	0.0	0		27	20260916-142633
sm	62.6	0.0	0.0	104.7	161.2	0.0	0.0	0		28	20260916-142633
ekdy	117.3	222.1	329.8	81.2	209.1	322.3	422.3	0		29	20260916-142633
yf,g	91.6	204.1	313.8	92.9	184.5	360.8	412.9	0		30	20260916-142633
.ktd	83.0	248.9	465.7	201.8	223.7	350.0	575.6	0		31	20260916-142633
;d/m	97.4	275.2	445.7	101.4	187.0	413.6	594.4	0		32	20260916-142633
oyot	85.4	264.5	378.4	129.7	165.2	386.5	472.0	0		33	20260916-142633
xkcp	95.3	227.2	319.3	107.6	177.1	330.0	426.2	0		34	20260916-142633
/epv	70.3	239.1	300.5	102.5	171.1	346.7	425.0	0		35	20260916-142633
onez	69.6	134.1	342.0	175.8	176.1	229.5	486.3	0		36	20260916-142633
ng;z	58.8	196.2	264.7	90.4	146.4	310.9	385.9	0		37	20260916-142633
jyo.	185.3	297.1	530.1	76.8	273.6	417.1	651.8	0		38	20260916-142633
nw.x	83.5	190.7	336.1	92.8	167.6	313.8	417.8	0		39	20260916-142633
uasq	84.3	287.3	462.3	125.4	219.8	423.8	608.7	0		40	20260916-142633
gsfh	66.4	248.1	333.9	123.7	193.1	351.9	423.3	0		41	20260916-142633
vp	68.7	0.0	0.0	118.9	181.9	0.0	0.0	0		42	20260916-142633
gtdb	175.7	385.8	553.7	89.3	268.4	494.1	655.1	0		43	20260916-142633
vsne	72.1	207.8	303.3	153.0	178.2	300.4	394.5	0		44	20260916-142633
wbbp	213.2	369.7	495.8	74.0	290.6	474.9	600.6	0		45	20260916-142633
jvir	100.9	214.9	350.3	98.0	195.6	320.5	443.0	0		46	20260916-142633
xv/s	74.5	182.4	301.1	118.3	185.1	310.4	398.7	0		47	20260916-142633
.;	27.4	0.0	0.0	130.0	208.0	0.0	0.0	0		48	20260916-142633
cami	72.5	163.1	235.9	114.5	204.7	312.8	332.0	0		49	20260916-142633
zvjw	52.1	176.7	297.1	128.4	166.5	283.4	391.2	0		50	20260916-142633
pi	79.5	0.0	0.0	109.3	232.7	0.0	0.0	0		51	20260916-142633
ll	121.9	0.0	0.0	70.0	219.3	0.0	0.0	0		52	20260916-142633
gn.m	74.3	195.5	456.2	111.5	223.5	395.1	646.3	0		53	20260916-142633
qyrh	67.7	175.6	286.2	125.7	146.3	274.2	377.4	0		54	20260916-142633
ynim	221.9	315.7	497.1	80.7	373.6	423.0	606.3	0		55	20260916-142633
p;kw	254.1	0.0	0.0	145.5	0.0	0.0	0.0	1	pp	56	20260916-142633
kb.t	88.9	215.6	324.8	94.0	172.2	351.6	427.8	0		57	20260916-142633
sbjc	68.3	173.5	328.0	125.1	187.2	283.7	439.4	0		58	20260916-142633
mce.	79.9	289.0	352.0	104.4	171.9	373.5	495.4	0		59	20260916-142633
wmjh	82.2	275.4	429.9	114.9	168.9	360.0	533.4	0		60	20260916-142633
ro	69.3	0.0	0.0	89.5	166.9	0.0	0.0	0		61	20260916-142633
sc;r	81.3	164.0	321.6	144.6	197.0	270.3	425.0	0		62	20260916-142633
ub/x	80.0	211.2	312.3	94.3	163.5	340.0	408.8	0		63	20260916-142633
pe.y	74.8	237.8	371.4	92.4	161.6	415.3	472.8	0		64	20260916-142633
de	174.1	0.0	0.0	73.1	259.2	0.0	0.0	0		65	20260916-142633
q/cg	69.9	233.1	417.9	103.1	182.0	348.4	531.5	0		66	20260916-142633
pphu	149.1	365.6	539.1	81.6	288.6	451.9	639.8	0		67	20260916-142633
gyf;	82.4	213.8	256.2	89.0	159.0	312.8	374.8	0		68	20260916-142633
,nxj	76.4	177.9	349.9	159.0	159.4	300.2	461.1	0		69	20260916-142633
hwhl	67.8	183.8	364.0	82.5	163.0	286.6	474.8	0		70	20260916-142633
oa	67.6	0.0	0.0	82.7	175.5	0.0	0.0	0		71	20260916-142633
mbyv	70.1	190.5	294.6	54.0	155.4	276.1	414.6	0		72	20260916-142633
;s	73.5	0.0	0.0	113.2	176.0	0.0	0.0	0		73	20260916-142633
wab,	71.1	323.7	432.3	171.7	220.7	437.7	539.6	0		74	20260916-142633
.ali	126.0	231.9	385.0	110.8	235.8	454.5	524.6	0		75	20260916-142633
wdrk	210.6	386.9	507.3	112.7	338.1	500.1	642.2	0		76	20260916-142633
ovqd	100.1	191.2	380.9	108.9	216.5	365.9	477.0	0		77	20260916-142633
uafl	69.9	200.1	252.7	94.7	180.2	318.0	394.2	0		78	20260916-142633
zbtd	94.9	349.7	442.9	138.0	177.0	493.1	566.9	0		79	20260916-142633
m,	74.0	0.0	0.0	152.1	197.6	0.0	0.0	0		80	20260916-142633
fpr.	82.0	206.0	322.0	86.2	175.9	305.9	448.2	0		81	20260916-142633
gc	119.6	0.0	0.0	158.1	222.2	0.0	0.0	0		82	20260916-142633
wcr/	206.1	346.1	456.2	90.8	305.1	449.0	586.7	0		83	20260916-142633
odmk	78.8	216.1	286.0	106.9	145.1	357.7	388.1	0		84	20260916-142633
vtn.	220.1	320.7	428.4	96.6	303.6	463.5	581.5	0		85	20260916-142633
;m	76.2	0.0	0.0	132.4	186.8	0.0	0.0	0		86	20260916-142633
wxya	228.6	311.9	477.2	81.2	308.1	396.8	580.1	0		87	20260916-142633
ic,s	112.1	239.1	348.3	90.9	184.1	360.1	446.9	0		88	20260916-142633
zmer	75.5	229.4	342.4	101.1	183.7	377.1	464.1	0		89	20260916-142633
kl	65.7	0.0	0.0	136.0	190.8	0.0	0.0	0		90	20260916-142633
rsgw	57.3	269.9	353.0	130.9	181.0	428.0	466.2	0		91	20260916-142633
v.,g	144.1	233.4	346.2	149.9	299.4	354.9	446.3	0		92	20260916-142633
so	62.1	0.0	0.0	106.1	186.4	0.0	0.0	0		93	20260916-142633
jx.q	91.2	185.7	318.7	81.5	175.5	310.8	415.1	0		94	20260916-142633
qr	82.0	0.0	0.0	145.0	211.8	0.0	0.0	0		95	20260916-142633
fgze	200.1	358.0	558.2	99.8	286.2	487.4	647.2	0		96	20260916-142633
zpbo	56.0	222.4	279.0	109.0	159.2	323.4	384.2	0		97	20260916-142633
z;,i	52.1	283.2	476.8	136.0	157.0	367.8	563.9	0		98	20260916-142633
docn	73.9	230.9	291.7	61.2	178.8	312.7	386.2	0		99	20260916-142633
ee;d	165.5	293.1	430.7	68.5	238.5	379.6	506.6	0		100	20260916-142633
c.pb	63.3	263.1	317.7	91.8	142.6	369.6	419.6	0		101	20260916-142633
ggkg	174.2	340.3	458.7	74.9	259.4	437.1	545.2	0		102	20260916-142633
ror.	85.3	225.2	363.4	100.1	192.2	335.2	488.1	0		103	20260916-142633
v/pf	66.7	308.8	393.4	122.4	169.1	399.1	489.1	0		104	20260916-142633
ijp.	88.1	253.6	524.1	169.9	201.2	372.4	645.0	0		105	20260916-142633
zp	36.8	0.0	0.0	102.6	134.8	0.0	0.0	0		106	20260916-142633
yhpl	189.6	331.8	579.5	75.9	273.5	449.7	690.6	0		107	20260916-142633
sb	146.7	0.0	0.0	105.8	237.4	0.0	0.0	0		108	20260916-142633
/,	103.9	0.0	0.0	138.4	230.9	0.0	0.0	0		109	20260916-142633
yc	29.9	0.0	0.0	89.1	119.1	0.0	0.0	0		110	20260916-142633
rb	202.1	0.0	0.0	79.7	286.1	0.0	0.0	0		111	20260916-142633
es;,	64.4	164.4	422.6	137.1	192.7	311.8	535.8	0		112	20260916-142633
cobj	92.6	219.4	324.8	85.2	186.8	314.4	426.8	0		113	20260916-142633
ld	70.4	0.0	0.0	103.8	138.9	0.0	0.0	0		114	20260916-142633
ui	71.2	0.0	0.0	122.1	191.9	0.0	0.0	0		115	20260916-142633
haev	73.7	176.8	381.2	105.4	251.0	299.9	511.0	0		116	20260916-142633
xbmq	60.0	175.0	286.2	113.2	166.6	288.5	431.5	0		117	20260916-142633
sh	42.0	0.0	0.0	90.9	132.1	0.0	0.0	0		118	20260916-142633
xbqm	59.4	264.7	343.3	100.4	164.2	398.4	435.7	0		119	20260916-142633
uqhy	51.4	195.6	337.6	89.8	160.7	266.9	423.6	0		120	20260916-142633
azyk	221.4	355.1	412.3	78.4	325.3	486.5	547.3	0		121	20260916-142633
ynqc	197.9	268.0	554.8	57.7	271.8	384.2	640.4	0		122	20260916-142633
icma	93.2	224.0	307.2	97.0	175.3	326.9	411.2	0		123	20260916-142633
wjdg	63.4	229.5	376.5	84.0	142.8	376.2	460.7	0		124	20260916-142633
sjg;	73.8	189.6	239.5	81.4	158.4	285.4	347.4	0		125	20260916-142633
uktk	90.6	160.6	295.6	144.8	182.8	261.7	396.8	0		126	20260916-142633
z/rl	73.0	189.9	267.2	98.9	180.1	290.8	403.8	0		127	20260916-142633
oqpd	98.2	191.2	330.9	91.8	201.3	326.9	418.6	0		128	20260916-142633
yo;r	49.0	247.1	330.3	127.1	145.3	369.9	421.9	0		129	20260916-142633
,m	81.3	0.0	0.0	162.0	191.0	0.0	0.0	0		130	20260916-142633
frh.	175.2	297.0	406.0	82.3	273.5	466.0	561.0	0		131	20260916-142633
msab	86.8	384.1	484.4	113.4	159.4	546.2	596.2	0		132	20260916-142633
nral	81.7	144.0	224.0	85.6	198.8	265.7	322.8	0		133	20260916-142633
y.qa	61.3	193.2	417.4	113.2	189.1	307.9	530.3	0		134	20260916-142633
s/	13.5	0.0	0.0	86.0	125.3	0.0	0.0	0		135	20260916-142633
im	67.9	0.0	0.0	111.5	165.3	0.0	0.0	0		136	20260916-142633
jd	68.3	0.0	0.0	86.2	150.4	0.0	0.0	0		137	20260916-142633
n,me	98.0	292.0	394.7	153.2	223.9	403.5	477.0	0		138	20260916-142633
q,vh	73.4	211.9	296.5	96.1	166.1	328.9	383.4	0		139	20260916-142633
rg	185.3	0.0	0.0	78.1	274.3	0.0	0.0	0		140	20260916-142633
elh;	84.9	226.7	380.9	93.9	195.7	427.7	524.8	0		141	20260916-142633
/mso	81.4	207.4	299.0	144.8	193.0	302.9	396.0	0		142	20260916-142633
skyd	75.5	185.9	312.1	92.0	172.9	263.8	391.4	0		143	20260916-142633
ix/z	100.2	213.0	316.8	96.6	176.8	328.5	429.9	0		144	20260916-142633
ki	152.9	0.0	0.0	65.8	236.1	0.0	0.0	0		145	20260916-142633
dbhk	75.8	180.5	283.9	108.8	171.6	335.5	389.8	0		146	20260916-142633
.q,x	93.5	248.9	379.3	131.8	187.4	351.0	491.0	0		147	20260916-142633
kw	56.2	0.0	0.0	78.9	134.2	0.0	0.0	0		148	20260916-142633
wluq	122.6	219.2	283.6	94.4	255.7	310.9	391.6	0		149	20260916-142633
tx	90.7	0.0	0.0	134.9	205.8	0.0	0.0	0		150	20260916-142633
v,	77.2	0.0	0.0	97.0	190.5	0.0	0.0	0		151	20260916-142633
nugu	183.0	290.3	372.0	83.5	264.8	371.0	465.2	0		152	20260916-142633
jh	0.0	0.0	0.0	0.0	0.0	0.0	0.0	1	h	153	20260916-142633
jykd	167.1	293.1	401.3	71.6	227.8	392.0	468.8	0		154	20260916-142633
/zpc	86.5	211.9	309.7	83.7	184.9	304.7	391.7	0		155	20260916-142633
ij	50.1	0.0	0.0	114.2	135.2	0.0	0.0	0		156	20260916-142633
bdzy	64.2	255.2	345.1	121.7	141.1	395.9	410.9	0		157	20260916-142633
am;i	67.5	153.0	274.6	110.2	180.0	277.5	402.1	0		158	20260916-142633
zlvj	75.0	232.6	282.6	105.0	168.4	348.6	394.6	0		159	20260916-142633
umsd	202.8	272.8	399.3	75.8	267.6	431.0	500.4	0		160	20260916-142633
tcy,	88.8	190.0	330.3	142.0	202.0	302.1	460.5	0		161	20260916-142633
nfws	74.5	151.0	363.4	94.1	195.0	264.1	464.9	0		162	20260916-142633
rmun	53.6	226.4	407.6	100.7	133.7	302.1	498.6	0		163	20260916-142633
;.bf	218.0	325.9	515.7	96.7	337.9	415.7	605.0	0		164	20260916-142633
fn	57.4	0.0	0.0	85.4	148.2	0.0	0.0	0		165	20260916-142633
ps	90.6	0.0	0.0	87.7	178.0	0.0	0.0	0		166	20260916-142633
;cln	108.8	202.7	336.9	99.6	193.4	381.3	446.7	0		167	20260916-142633
tbsi	218.7	365.2	466.3	80.1	317.2	460.1	555.0	0		168	20260916-142633
fjby	83.9	213.0	291.2	78.0	163.0	313.2	359.7	0		169	20260916-142633
fo	68.4	0.0	0.0	57.2	148.8	0.0	0.0	0		170	20260916-142633
hsna	68.7	207.3	288.1	77.8	158.9	291.6	384.6	0		171	20260916-142633
f.yq	48.2	231.2	292.3	97.0	157.9	322.2	396.1	0		172	20260916-142633
/.;a	76.5	343.5	458.1	183.8	218.6	462.2	579.6	0		173	20260916-142633
brd/	195.8	378.8	477.6	76.0	285.6	460.0	618.8	0		174	20260916-142633
pylx	59.2	268.6	376.3	135.3	136.6	392.9	481.8	0		175	20260916-142633
prfe	101.9	346.6	447.5	109.2	189.7	495.7	542.1	0		176	20260916-142633
kc;v	106.6	194.2	369.8	98.0	188.3	301.0	476.0	0		177	20260916-142633
/e	87.7	0.0	0.0	121.2	182.5	0.0	0.0	0		178	20260916-142633
r.wy	70.3	198.7	309.2	78.8	180.9	307.7	393.1	0		179	20260916-142633
.p	211.5	0.0	0.0	119.4	312.0	0.0	0.0	0		180	20260916-142633
couw	95.6	230.9	353.7	109.8	179.7	349.6	447.0	0		181	20260916-142633
redf	72.7	345.1	468.0	135.2	162.4	496.1	579.2	0		182	20260916-142633
l;tf	52.7	229.5	449.8	176.2	213.9	324.0	554.9	0		183	20260916-142633
.fga	78.9	281.1	403.7	142.0	162.3	444.4	521.9	0		184	20260916-142633
dn.a	59.1	235.2	314.8	81.2	149.4	373.3	452.2	0		185	20260916-142633
nz;n	96.0	199.8	336.7	96.7	219.7	356.8	457.6	0		186	20260916-142633
actx	184.9	336.0	520.0	118.1	300.1	447.7	602.0	0		187	20260916-142633
qwfu	81.0	250.3	395.8	159.0	212.7	376.8	508.2	0		188	20260916-142633
snwx	94.9	219.7	445.6	91.8	184.0	300.9	529.0	0		189	20260916-142633
fmkx	86.0	207.0	340.9	90.0	193.7	326.6	450.9	0		190	20260916-142633
ep.m	69.4	298.4	468.4	89.4	140.4	424.5	574.4	0		191	20260916-142633
/ptb	202.6	340.5	563.5	73.7	283.0	423.5	651.5	0		192	20260916-142633
.n	60.2	0.0	0.0	150.0	171.1	0.0	0.0	0		193	20260916-142633
xt	121.2	0.0	0.0	140.1	207.0	0.0	0.0	0		194	20260916-142633
slw,	89.8	213.7	291.9	96.1	177.9	317.1	414.5	0		195	20260916-142633
zyei	89.3	216.8	285.9	100.1	161.3	289.7	378.2	0		196	20260916-142633
/yr;	86.4	256.8	437.0	139.4	195.6	358.7	0.0	1	/yr.	197	20260916-142633
;d	70.9	0.0	0.0	95.2	145.2	0.0	0.0	0		198	20260916-142633
eqfl	37.4	229.9	294.5	99.2	158.3	350.1	413.0	0		199	20260916-142633
bt	221.1	0.0	0.0	93.9	378.3	0.0	0.0	0		200	20260916-142633
hlxh	35.2	168.9	240.2	91.6	150.4	275.5	344.2	0		201	20260916-142633
isvh	58.8	229.1	295.8	109.3	153.2	351.7	403.1	0		202	20260916-142633
qffr	200.8	368.7	574.7	105.7	283.3	467.0	664.7	0		203	20260916-142633
ma/,	105.1	202.2	390.4	106.6	213.1	338.6	0.0	1	ma//	204	20260916-142633
rxoq	92.5	216.8	352.4	136.8	193.2	317.0	469.5	0		205	20260916-142633
ploy	199.7	379.2	610.7	85.1	277.7	483.3	690.8	0		206	20260916-142633
rqht	61.3	175.0	276.0	124.1	169.0	263.9	382.8	0		207	20260916-142633
ix	66.8	0.0	0.0	76.8	164.8	0.0	0.0	0		208	20260916-142633
lgct	86.9	251.0	415.0	114.7	187.7	398.7	496.9	0		209	20260916-142633
qgee	73.7	277.6	447.2	122.6	190.5	351.9	538.6	0		210	20260916-142633
vnzw	93.0	269.9	471.0	113.2	191.5	393.9	0.0	1	vnze	211	20260916-142633
in	81.1	0.0	0.0	153.0	163.9	0.0	0.0	0		212	20260916-142633
qqjj	162.5	321.4	463.2	69.2	247.1	389.9	539.1	0		213	20260916-142633
thlz	79.5	183.2	282.4	85.8	158.1	301.0	403.0	0		214	20260916-142633
he	55.3	0.0	0.0	70.2	149.8	0.0	0.0	0		215	20260916-142633
nc	57.5	0.0	0.0	94.8	150.1	0.0	0.0	0		216	20260916-142633
cyry	105.8	203.2	272.4	86.8	177.9	287.9	368.2	0		217	20260916-142633
w.cp	80.1	240.1	333.5	86.2	198.3	345.3	421.2	0		218	20260916-142633
xw	212.7	0.0	0.0	86.7	293.8	0.0	0.0	0		219	20260916-142633
oy	68.5	0.0	0.0	121.1	158.1	0.0	0.0	0		220	20260916-142633
jgp/	100.2	173.7	381.0	100.5	180.5	269.6	478.4	0		221	20260916-142633
tmks	77.9	168.8	285.9	73.6	149.5	268.6	401.5	0		222	20260916-142633
,qem	29.7	192.7	227.4	88.5	144.9	275.4	358.8	0		223	20260916-142633
gjug	61.1	221.9	291.0	89.7	138.0	316.9	390.6	0		224	20260916-142633
zwwq	264.1	394.0	665.2	115.8	341.4	478.0	794.0	0		225	20260916-142633
b,o;	118.2	381.2	614.0	100.5	259.0	486.1	716.0	0		226	20260916-142633
be	78.8	0.0	0.0	97.8	159.2	0.0	0.0	0		227	20260916-142633
snpd	63.1	180.1	279.1	101.3	156.1	312.9	353.7	0		228	20260916-142633
zrjb	138.9	235.0	395.6	132.8	228.0	321.7	488.2	0		229	20260916-142633
sme.	80.8	199.7	271.6	80.6	164.5	282.7	398.6	0		230	20260916-142633
sh	70.9	0.0	0.0	97.9	159.2	0.0	0.0	0		231	20260916-142633
gbao	201.0	365.5	430.0	86.6	284.6	480.3	533.8	0		232	20260916-142633
bml.	84.6	173.7	363.7	93.8	189.6	252.5	461.9	0		233	20260916-142633
jwdg	62.0	235.2	381.2	93.7	168.8	389.7	492.9	0		234	20260916-142633
btkc	205.8	319.3	444.0	85.0	283.1	411.6	543.9	0		235	20260916-142633
eu	45.4	0.0	0.0	71.5	125.6	0.0	0.0	0		236	20260916-142633
v.x;	85.9	329.1	368.7	108.5	218.2	427.6	487.0	0		237	20260916-142633
xf;i	77.3	160.4	348.7	139.1	171.4	403.4	496.0	0		238	20260916-142633
au	30.0	0.0	0.0	110.6	114.5	0.0	0.0	0		239	20260916-142633
t/,k	58.8	217.5	420.0	98.8	199.9	306.0	499.1	0		240	20260916-142633
uhvc	187.7	383.9	458.3	89.7	270.0	534.9	582.2	0		241	20260916-142633
np	61.9	0.0	0.0	108.2	185.7	0.0	0.0	0		242	20260916-142633
jkug	43.9	205.9	280.1	113.6	112.9	308.1	364.2	0		243	20260916-142633
nmk.	159.6	330.6	515.9	73.9	250.2	413.5	647.5	0		244	20260916-142633
.osi	218.1	345.9	422.7	93.9	302.9	446.4	523.3	0		245	20260916-142633
jw	58.9	0.0	0.0	90.0	159.0	0.0	0.0	0		246	20260916-142633
he	62.7	0.0	0.0	76.5	133.6	0.0	0.0	0		247	20260916-142633
qvfa	97.9	339.5	399.5	125.7	204.7	456.6	529.9	0		248	20260916-142633
vmjg	93.8	252.0	310.2	120.9	156.5	348.7	395.3	0		249	20260916-142633
xg	120.3	0.0	0.0	123.7	210.6	0.0	0.0	0		250	20260916-142633
yg/t	77.8	178.6	309.8	70.7	158.3	297.8	395.4	0		251	20260916-142633
rt	182.0	0.0	0.0	78.7	269.2	0.0	0.0	0		252	20260916-142633
lawu	83.0	278.3	362.9	126.9	181.9	371.9	467.8	0		253	20260916-142633
hxsc	59.8	260.1	485.4	99.3	159.0	362.7	584.9	0		254	20260916-142633
nynp	188.8	383.6	516.1	83.8	265.2	518.5	640.7	0		255	20260916-142633
,q	36.5	0.0	0.0	86.5	133.7	0.0	0.0	0		256	20260916-142633
mrec	73.4	175.4	416.4	110.4	231.3	272.1	495.1	0		257	20260916-142633
hmxn	184.5	291.8	386.0	67.7	267.9	391.6	472.0	0		258	20260916-142633
ut	98.8	0.0	0.0	89.7	173.7	0.0	0.0	0		259	20260916-142633
ubqu	45.8	194.1	251.8	104.6	132.8	320.3	355.0	0		260	20260916-142633
;uic	85.3	197.4	318.1	136.4	176.2	322.3	397.8	0		261	20260916-142633
oekg	77.0	199.3	291.0	83.3	154.0	295.1	381.9	0		262	20260916-142633
zban	32.3	259.9	317.3	105.3	118.9	365.1	401.2	0		263	20260916-142633
trys	201.5	274.0	423.3	93.7	289.4	356.0	538.9	0		264	20260916-142633
gchm	68.0	168.8	382.9	117.7	165.0	251.9	464.7	0		265	20260916-142633
rzsw	70.0	284.4	518.3	129.9	242.1	423.2	643.1	0		266	20260916-142633
to;d	67.4	255.1	358.1	95.7	160.1	386.7	429.0	0		267	20260916-142633
pxsb	34.0	0.0	0.0	0.0	0.0	0.0	0.0	1	ps	268	20260916-142633
xkia	65.1	240.2	309.9	97.8	141.8	331.8	409.9	0		269	20260916-142633
,ufw	87.2	204.9	299.7	153.0	188.8	347.1	456.0	0		270	20260916-142633
e.rc	41.3	182.0	337.0	93.8	165.3	350.8	439.9	0		271	20260916-142633
ddv,	147.3	356.1	436.3	75.5	249.1	475.0	554.1	0		272	20260916-142633
cs	51.9	0.0	0.0	99.7	174.9	0.0	0.0	0		273	20260916-142633
i/dj	62.2	188.2	295.2	148.0	196.8	279.1	409.9	0		274	20260916-142633
ln	69.9	0.0	0.0	159.9	249.0	0.0	0.0	0		275	20260916-142633
r.hw	68.4	186.8	252.7	102.8	219.9	289.7	362.0	0		276	20260916-142633
;kjj	64.2	137.9	312.9	105.8	166.4	251.7	376.0	0		277	20260916-142633
y.	54.6	0.0	0.0	111.1	196.5	0.0	0.0	0		278	20260916-142633
kafi	19.0	153.6	227.1	86.2	137.7	262.6	320.4	0		279	20260916-142633
gs.x	72.2	162.1	304.6	120.4	161.0	282.0	402.2	0		280	20260916-142633
pf	52.0	0.0	0.0	92.1	130.7	0.0	0.0	0		281	20260916-142633
tajv	40.7	149.1	314.0	124.0	148.6	247.2	437.9	0		282	20260916-142633
hr	47.0	0.0	0.0	84.3	133.3	0.0	0.0	0		283	20260916-142633
vida	99.7	170.1	284.0	109.1	187.9	332.1	431.7	0		284	20260916-142633
veug	73.8	210.5	374.0	147.5	179.9	318.5	473.7	0		285	20260916-142633
b;on	89.9	292.2	350.6	80.7	186.7	407.1	445.8	0		286	20260916-142633
x;	67.3	0.0	0.0	97.5	168.6	0.0	0.0	0		287	20260916-142633
ws/s	194.1	328.1	415.9	83.9	286.0	436.9	505.7	0		288	20260916-142633
mc	74.2	0.0	0.0	122.1	153.3	0.0	0.0	0		289	20260916-142633
b/ek	76.9	185.7	243.8	94.0	181.7	266.8	335.8	0		290	20260916-142633
uvva	76.9	237.0	421.7	82.0	178.0	369.9	551.7	0		291	20260916-142633
.fux	105.7	227.2	364.5	125.8	195.3	324.0	493.8	0		292	20260916-142633
no.t	56.4	268.6	338.9	133.2	132.9	379.1	424.1	0		293	20260916-142633
txoh	85.2	166.1	262.9	120.8	194.2	280.1	359.0	0		294	20260916-142633
vvcx	156.2	380.2	521.9	97.8	276.6	485.3	664.2	0		295	20260916-142633
;jlw	63.2	230.8	318.7	137.7	161.3	335.8	405.9	0		296	20260916-142633
ljkt	77.3	149.4	316.6	148.8	183.2	287.9	401.4	0		297	20260916-142633
heib	64.9	155.8	285.9	75.7	149.4	250.6	373.7	0		298	20260916-142633
gbq;	210.3	238.7	0.0	91.9	226.2	0.0	0.0	1	gbb	299	20260916-142633
ywgb	76.1	227.7	461.5	79.5	164.7	322.5	561.8	0		300	20260916-142633
pb	68.4	0.0	0.0	110.4	143.5	0.0	0.0	0		301	20260916-142633
mz	70.8	0.0	0.0	80.6	193.0	0.0	0.0	0		302	20260916-142633
,hie	46.0	229.9	273.9	94.0	116.4	300.9	341.9	0		303	20260916-142633
d;xg	68.3	290.5	417.7	112.1	163.4	401.3	533.2	0		304	20260916-142633
qo	51.9	0.0	0.0	102.9	144.9	0.0	0.0	0		305	20260916-142633
yc	46.9	0.0	0.0	66.9	137.5	0.0	0.0	0		306	20260916-142633
/s	54.1	0.0	0.0	133.0	144.2	0.0	0.0	0		307	20260916-142633
sra/	80.1	237.9	438.4	140.2	191.2	371.0	0.0	1	sra;	308	20260916-142633
ca/k	69.0	153.1	293.0	115.3	203.0	303.0	417.2	0		309	20260916-142633
gd	87.8	0.0	0.0	133.6	179.7	0.0	0.0	0		310	20260916-142633
pqx/	48.9	278.8	368.4	88.5	154.8	403.0	455.0	0		311	20260916-142633
vwxa	53.6	310.8	430.6	133.0	173.7	462.0	560.8	0		312	20260916-142633
wyfg	88.9	193.0	404.0	99.7	173.0	291.1	517.1	0		313	20260916-142633
ia;;	71.1	194.2	355.3	79.9	179.0	283.8	454.8	0		314	20260916-142633
.asf	122.8	183.1	316.0	118.6	330.9	370.4	478.6	0		315	20260916-142633
tthg	152.3	284.8	391.7	71.4	244.6	373.5	485.6	0		316	20260916-142633
,lah	66.3	226.7	308.9	168.5	168.2	346.8	409.6	0		317	20260916-142633
kryz	64.9	209.2	325.9	88.9	156.3	291.6	449.0	0		318	20260916-142633
a/gl	103.8	248.3	339.8	94.3	206.3	345.2	444.5	0		319	20260916-142633
ze/r	117.6	229.6	332.7	128.7	196.7	362.7	421.7	0		320	20260916-142633
htgy	87.6	285.9	341.7	99.4	165.4	392.7	419.5	0		321	20260916-142633
en	53.8	0.0	0.0	82.4	146.8	0.0	0.0	0		322	20260916-142633
lzbj	89.8	236.9	306.8	99.0	173.2	329.9	406.8	0		323	20260916-142633
ff	155.7	0.0	0.0	92.6	249.4	0.0	0.0	0		324	20260916-142633
wrcf	67.0	303.8	410.6	130.1	187.7	470.1	520.7	0		325	20260916-142633
hi	76.9	0.0	0.0	115.4	190.9	0.0	0.0	0		326	20260916-142633
tl,o	81.0	277.8	470.2	100.0	182.8	370.9	564.8	0		327	20260916-142633
vk;.	94.8	226.7	501.0	119.9	241.6	392.7	0.0	1	vk;/	328	20260916-142633
eg	109.7	0.0	0.0	125.8	229.7	0.0	0.0	0		329	20260916-142633
atv/	70.5	287.0	419.8	139.8	133.0	396.0	540.8	0		330	20260916-142633
rhki	66.4	214.7	374.1	99.0	165.2	292.4	470.7	0		331	20260916-142633
qpl.	59.9	247.1	445.0	126.8	142.0	351.9	588.1	0		332	20260916-142633
dceu	200.6	434.2	506.2	78.1	292.2	536.8	604.2	0		333	20260916-142633
dwyl	31.1	154.9	272.1	124.8	158.8	263.0	402.7	0		334	20260916-142633
yd.f	87.0	203.1	322.4	94.0	173.0	353.0	416.0	0		335	20260916-142633
pzzg	116.7	293.1	515.1	96.9	237.8	428.7	624.6	0		336	20260916-142633
jjfo	132.2	267.2	368.0	71.9	221.1	359.1	473.9	0		337	20260916-142633
;kp;	68.9	286.0	482.3	114.1	181.2	370.0	578.1	0		338	20260916-142633
sn	58.3	0.0	0.0	101.7	151.9	0.0	0.0	0		339	20260916-142633
r.	22.4	0.0	0.0	83.2	139.2	0.0	0.0	0		340	20260916-142633
n/	102.8	0.0	0.0	153.7	216.2	0.0	0.0	0		341	20260916-142633
pgjh	80.6	181.8	355.3	104.4	173.5	275.6	460.4	0		342	20260916-142633
ljmf	84.4	261.2	352.9	135.0	161.0	367.7	435.3	0		343	20260916-142633
.,,v	190.6	326.6	488.6	84.8	256.4	429.3	595.5	0		344	20260916-142633
ih	74.0	0.0	0.0	145.2	170.8	0.0	0.0	0		345	20260916-142633
.fde	98.5	250.3	410.6	143.3	205.0	334.1	531.3	0		346	20260916-142633
czqq	77.3	334.8	525.6	131.6	195.5	434.9	626.4	0		347	20260916-142633
ga;e	58.6	146.7	270.5	114.6	160.4	244.5	342.7	0		348	20260916-142633
hl,t	43.7	264.9	351.3	117.0	164.9	373.9	435.0	0		349	20260916-142633
ltfe	66.7	289.3	372.9	112.8	158.6	427.7	481.5	0		350	20260916-142633
tpcf	48.0	239.7	334.9	77.0	159.1	388.3	435.8	0		351	20260916-142633
,nfk	73.0	147.0	278.1	139.7	173.9	234.6	378.0	0		352	20260916-142633
lp	170.9	0.0	0.0	97.0	303.1	0.0	0.0	0		353	20260916-142633
wn	84.5	0.0	0.0	101.2	177.4	0.0	0.0	0		354	20260916-142633
hcdi	71.7	261.8	321.2	99.4	148.4	354.7	408.2	0		355	20260916-142633
lt	48.8	0.0	0.0	105.7	133.6	0.0	0.0	0		356	20260916-142633
;b,l	84.7	232.5	486.5	104.7	176.4	466.5	630.4	0		357	20260916-142633
e;	57.3	0.0	0.0	83.6	152.2	0.0	0.0	0		358	20260916-142633
m.	32.9	0.0	0.0	103.4	158.8	0.0	0.0	0		359	20260916-142633
dmjq	51.4	208.2	299.7	85.1	120.9	302.7	453.0	0		360	20260916-142633
rfye	189.9	284.1	383.0	72.3	273.9	356.7	463.0	0		361	20260916-142633
;n	64.1	0.0	0.0	154.0	184.3	0.0	0.0	0		362	20260916-142633
y.jk	50.9	248.6	347.0	110.8	186.8	418.7	462.6	0		363	20260916-142633
slay	65.1	197.0	290.2	91.1	155.1	312.1	372.2	0		364	20260916-142633
yl,/	63.2	351.6	480.1	132.8	165.4	530.9	628.0	0		365	20260916-142633
rlfh	83.9	231.7	296.8	83.4	196.2	341.8	382.1	0		366	20260916-142633
lymn	55.0	277.1	437.9	129.0	138.4	350.0	514.1	0		367	20260916-142633
xv.k	45.5	135.3	256.3	112.4	188.5	346.4	398.2	0		368	20260916-142633
sj	50.0	0.0	0.0	92.8	139.6	0.0	0.0	0		369	20260916-142633
sx	203.1	0.0	0.0	86.1	301.9	0.0	0.0	0		370	20260916-142633
nj	165.8	0.0	0.0	68.8	256.7	0.0	0.0	0		371	20260916-142633
viyk	58.3	278.2	370.4	132.1	154.2	439.3	486.2	0		372	20260916-142633
j,mx	65.4	354.2	523.4	221.2	230.1	465.3	635.3	0		373	20260916-142633
ek/.	69.1	183.7	455.8	98.0	192.1	323.1	0.0	1	ek/l	374	20260916-142633
mm	140.9	0.0	0.0	72.9	231.9	0.0	0.0	0		375	20260916-142633
sfb/	92.7	303.7	332.7	138.5	184.6	400.2	440.8	0		376	20260916-142633
bzvf	91.5	269.1	490.0	131.1	246.4	398.0	595.8	0		377	20260916-142633
frau	216.3	334.1	438.4	95.1	295.2	483.4	542.5	0		378	20260916-142633
bxus	62.9	185.1	287.9	110.8	152.6	277.2	383.1	0		379	20260916-142633
,gfc	54.4	273.3	459.4	135.9	147.2	366.3	0.0	1	,gfd	380	20260916-142633
nzbz	46.0	310.2	422.2	104.6	171.5	460.9	537.0	0		381	20260916-142633
kxjc	54.9	160.4	306.3	77.6	141.4	285.9	414.7	0		382	20260916-142633
ov	58.0	0.0	0.0	102.3	191.0	0.0	0.0	0		383	20260916-142633
.gks	96.8	222.8	329.8	128.7	179.0	321.1	0.0	1	.gkx	384	20260916-142633
ho	48.8	0.0	0.0	87.7	140.5	0.0	0.0	0		385	20260916-142633
zyuh	65.2	199.8	378.6	137.4	133.7	303.8	478.5	0		386	20260916-142633
llkl	145.8	353.8	467.7	74.4	285.7	530.9	605.4	0		387	20260916-142633
le	67.9	0.0	0.0	101.5	156.8	0.0	0.0	0		388	20260916-142633
,.pp	0.0	0.0	0.0	0.0	0.0	0.0	0.0	1	.	389	20260916-142633
zuag	48.1	217.4	422.8	97.7	142.2	326.0	541.9	0		390	20260916-142633
whyp	63.8	222.0	372.6	89.8	140.5	331.6	497.5	0		391	20260916-142633
bt;s	182.1	284.3	408.4	69.2	269.1	380.2	504.9	0		392	20260916-142633
ie	53.3	0.0	0.0	91.0	159.0	0.0	0.0	0		393	20260916-142633
esqh	35.4	254.1	334.1	155.8	186.1	380.0	423.7	0		394	20260916-142633
xkwu	69.8	226.0	266.0	83.6	164.5	324.8	370.8	0		395	20260916-142633
os;x	78.8	206.1	465.4	100.0	171.0	318.3	603.0	0		396	20260916-142633
iova	60.7	223.8	317.9	173.6	148.9	405.3	460.0	0		397	20260916-142633
oosd	126.1	274.1	360.9	50.9	183.6	428.0	488.1	0		398	20260916-142633
nsjg	61.5	192.0	316.4	83.5	167.6	298.2	411.1	0		399	20260916-142633
dl	48.1	0.0	0.0	78.4	141.9	0.0	0.0	0		400	20260916-142633
/d	99.8	0.0	0.0	167.2	177.2	0.0	0.0	0		1	20260916-202853
r.w.	117.6	171.7	293.6	87.9	193.7	269.2	404.9	0		2	20260916-202853
dr	69.0	0.0	0.0	128.1	189.0	0.0	0.0	0		3	20260916-202853
sajg	62.3	148.6	274.2	126.0	167.4	258.5	372.3	0		4	20260916-202853
wpgc	51.1	245.4	0.0	100.4	141.2	0.0	0.0	1	wpt	5	20260916-202853
..	150.4	0.0	0.0	75.3	231.0	0.0	0.0	0		6	20260916-202853
samx	51.0	239.5	339.9	152.8	167.9	362.0	458.0	0		7	20260916-202853
pcml	83.7	207.8	297.4	97.7	172.9	342.0	441.7	0		8	20260916-202853
,r	46.7	0.0	0.0	104.7	128.3	0.0	0.0	0		9	20260916-202853
hq	67.7	0.0	0.0	72.0	181.0	0.0	0.0	0		10	20260916-202853
ws	192.0	0.0	0.0	83.3	284.7	0.0	0.0	0		11	20260916-202853
wg	71.2	0.0	0.0	155.1	175.1	0.0	0.0	0		12	20260916-202853
;;	154.7	0.0	0.0	79.8	247.0	0.0	0.0	0		13	20260916-202853
yq	33.2	0.0	0.0	76.6	148.6	0.0	0.0	0		14	20260916-202853
bn	74.9	0.0	0.0	88.6	82.6	0.0	0.0	0		15	20260916-202853
n,	111.1	0.0	0.0	197.8	259.0	0.0	0.0	0		16	20260916-202853
nfos	45.8	163.6	242.9	84.2	131.0	268.8	364.8	0		17	20260916-202853
vmpe	114.8	199.9	284.9	105.3	208.4	316.7	367.6	0		18	20260916-202853
wdfj	80.0	206.0	330.3	145.4	217.5	326.7	428.0	0		19	20260916-202853
xa	89.1	0.0	0.0	154.6	226.9	0.0	0.0	0		20	20260916-202853
ai	47.8	0.0	0.0	102.0	140.3	0.0	0.0	0		21	20260916-202853
/hrr	81.0	203.7	369.2	150.8	165.6	288.9	470.4	0		22	20260916-202853
.bhr	112.6	228.1	336.1	115.2	187.2	317.0	426.2	0		23	20260916-202853
z;	61.7	0.0	0.0	107.3	135.9	0.0	0.0	0		24	20260916-202853
acvi	229.1	403.2	487.7	100.1	317.9	492.9	581.8	0		25	20260916-202853
pyhc	78.1	251.3	342.9	139.6	151.5	346.0	433.4	0		26	20260916-202853
/aqp	34.4	237.5	293.3	98.6	129.2	344.1	403.5	0		27	20260916-202853
gl	60.7	0.0	0.0	89.1	146.0	0.0	0.0	0		28	20260916-202853
fhyv	91.6	101.6	246.0	74.5	152.0	140.8	0.0	1	fhyy	29	20260916-202853
lctr	98.1	266.2	439.3	112.2	184.0	333.1	519.1	0		30	20260916-202853
mk	91.5	0.0	0.0	132.3	188.9	0.0	0.0	0		31	20260916-202853
x;ca	85.8	296.4	424.3	91.9	186.8	469.8	559.9	0		32	20260916-202853
voan	64.9	167.4	256.0	99.8	146.6	289.9	343.3	0		33	20260916-202853
uysy	158.8	236.1	355.7	72.5	232.9	330.6	442.7	0		34	20260916-202853
r.vj	92.1	249.7	312.7	84.6	199.9	351.5	409.7	0		35	20260916-202853
rtlc	198.7	336.9	495.0	92.9	273.1	459.0	593.5	0		36	20260916-202853
,z	100.1	0.0	0.0	96.1	216.7	0.0	0.0	0		37	20260916-202853
ryhb	93.9	266.7	369.9	82.0	159.7	360.9	456.5	0		38	20260916-202853
biwo	93.1	199.9	280.0	77.3	177.8	293.9	384.9	0		39	20260916-202853
ma	84.1	0.0	0.0	110.0	185.0	0.0	0.0	0		40	20260916-202853
dt	88.2	0.0	0.0	138.9	186.4	0.0	0.0	0		41	20260916-202853
zhpp	64.3	212.5	383.1	122.8	140.9	305.1	480.7	0		42	20260916-202853
lk	76.5	0.0	0.0	129.8	203.1	0.0	0.0	0		43	20260916-202853
;s,v	102.9	216.9	317.9	107.2	198.0	338.8	437.4	0		44	20260916-202853
j;z.	102.2	236.1	426.3	143.9	212.7	380.6	568.9	0		45	20260916-202853
jbic	108.6	164.4	368.5	88.2	185.0	261.2	464.9	0		46	20260916-202853
uw	80.3	0.0	0.0	93.7	191.4	0.0	0.0	0		47	20260916-202853
koer	29.0	155.6	241.7	149.1	139.9	305.8	367.8	0		48	20260916-202853
lh	63.2	0.0	0.0	142.8	143.3	0.0	0.0	0		49	20260916-202853
ggrx	150.2	368.8	522.9	76.5	236.5	468.7	641.8	0		50	20260916-202853
f,sl	103.6	183.0	292.4	86.4	196.6	296.8	406.9	0		51	20260916-202853
cpnu	62.2	187.5	392.2	100.6	186.0	273.7	478.8	0		52	20260916-202853
hc	71.8	0.0	0.0	88.0	177.2	0.0	0.0	0		53	20260916-202853
pagy	104.9	252.2	314.4	105.3	203.8	352.1	406.1	0		54	20260916-202853
zyfz	114.7	203.0	334.3	114.0	187.8	367.0	488.7	0		55	20260916-202853
epwb	81.5	154.7	362.8	77.6	157.7	277.6	467.8	0		56	20260916-202853
jb.s	92.2	205.3	289.6	96.8	167.5	332.9	411.0	0		57	20260916-202853
hb	56.3	0.0	0.0	89.0	146.4	0.0	0.0	0		58	20260916-202853
.txe	67.6	257.1	378.9	115.9	155.4	418.6	539.7	0		59	20260916-202853
.c	61.2	0.0	0.0	141.9	158.9	0.0	0.0	0		60	20260916-202853
dl	60.4	0.0	0.0	74.2	169.8	0.0	0.0	0		61	20260916-202853
dz;c	59.4	150.3	291.1	106.2	176.2	260.5	383.0	0		62	20260916-202853
lt	72.8	0.0	0.0	91.9	157.1	0.0	0.0	0		63	20260916-202853
igim	91.8	189.1	334.9	87.8	171.7	296.0	458.1	0		64	20260916-202853
uegk	56.6	185.7	262.0	84.7	153.9	293.7	360.2	0		65	20260916-202853
;ony	198.0	302.0	480.7	91.8	334.5	374.5	567.4	0		66	20260916-202853
.cki	168.6	239.6	400.7	137.3	271.7	330.1	505.6	0		67	20260916-202853
ss/x	153.6	300.9	424.2	68.8	239.7	416.4	502.5	0		68	20260916-202853
bsep	89.9	261.8	320.1	123.7	195.5	323.0	419.5	0		69	20260916-202853
vy	94.0	0.0	0.0	122.4	173.4	0.0	0.0	0		70	20260916-202853
nbu,	70.7	203.8	388.4	82.9	166.8	324.7	560.1	0		71	20260916-202853
zb	117.4	0.0	0.0	159.0	205.0	0.0	0.0	0		72	20260916-202853
l/	55.8	0.0	0.0	131.9	193.3	0.0	0.0	0		73	20260916-202853
,dxh	69.6	272.6	335.7	128.0	141.4	364.5	426.6	0		74	20260916-202853
jyzu	173.0	261.1	357.8	75.0	244.9	379.1	450.5	0		75	20260916-202853
eq	53.7	0.0	0.0	109.3	177.1	0.0	0.0	0		76	20260916-202853
./pb	123.9	190.2	0.0	0.0	182.0	0.0	0.0	1	.//	77	20260916-202853
uzyp	88.9	205.1	287.8	90.8	208.8	310.8	420.3	0		78	20260916-202853
pnps	28.0	294.8	465.0	170.9	179.8	431.7	580.8	0		79	20260916-202853
se	52.4	0.0	0.0	159.5	187.7	0.0	0.0	0		80	20260916-202853
pyeg	70.7	178.2	272.9	146.8	159.8	292.4	392.8	0		81	20260916-202853
xmgb	101.1	208.5	405.5	89.9	204.6	302.9	513.9	0		82	20260916-202853
llst	159.2	276.2	391.4	82.2	259.0	453.1	505.3	0		83	20260916-202853
;ori	162.7	271.5	376.2	99.4	262.9	370.5	492.5	0		84	20260916-202853
m.pl	69.8	318.6	503.4	165.1	206.4	410.6	639.5	0		85	20260916-202853
og	50.1	0.0	0.0	115.2	131.0	0.0	0.0	0		86	20260916-202853
t,bv	73.0	254.1	481.3	83.9	180.9	352.2	597.9	0		87	20260916-202853
kqm;	45.3	184.8	321.6	88.0	153.8	359.9	452.1	0		88	20260916-202853
crz,	68.9	302.5	359.9	148.9	159.7	414.1	472.0	0		89	20260916-202853
xtm,	91.1	188.2	325.2	143.6	197.6	407.3	458.0	0		90	20260916-202853
ckaj	86.9	165.1	245.6	86.4	180.5	293.9	365.5	0		91	20260916-202853
bbk,	164.7	304.6	489.4	66.8	257.8	378.4	571.6	0		92	20260916-202853
gtek	180.8	319.9	412.8	87.9	280.2	395.8	526.8	0		93	20260916-202853
wbw,	87.0	248.9	351.9	124.0	177.0	356.1	452.2	0		94	20260916-202853
b;ao	84.4	228.8	278.0	84.1	179.1	354.1	383.1	0		95	20260916-202853
xglx	74.2	154.2	298.6	121.0	170.3	256.0	387.4	0		96	20260916-202853
vpev	96.0	233.0	312.1	115.2	193.0	347.2	434.8	0		97	20260916-202853
wzpo	226.4	328.1	422.3	89.5	336.5	576.6	567.8	0		98	20260916-202853
ytmf	57.7	241.5	306.4	89.5	138.1	339.7	409.6	0		99	20260916-202853
ilyf	85.8	235.0	383.2	168.0	168.5	344.9	477.1	0		100	20260916-202853
gy	73.4	0.0	0.0	94.7	145.1	0.0	0.0	0		101	20260916-202853
ib.l	83.1	224.1	387.5	90.1	179.0	301.0	481.5	0		102	20260916-202853
p/ak	212.1	429.0	464.8	95.2	329.1	536.8	561.0	0		103	20260916-202853
qhdy	94.3	222.3	295.5	99.1	179.8	325.5	371.0	0		104	20260916-202853
wos;	61.5	207.3	266.1	87.0	153.0	306.4	389.3	0		105	20260916-202853
ic	69.9	0.0	0.0	92.3	157.2	0.0	0.0	0		106	20260916-202853
,xdq	80.1	277.1	372.7	132.2	172.1	427.2	513.6	0		107	20260916-202853
dzik	180.2	244.0	446.0	70.8	302.1	327.1	538.0	0		108	20260916-202853
m/bm	48.0	251.2	338.0	142.3	181.2	344.0	465.0	0		109	20260916-202853
asmt	62.8	215.6	298.1	154.2	179.5	316.4	396.3	0		110	20260916-202853
n,bh	92.2	220.0	289.5	155.1	190.2	310.0	378.8	0		111	20260916-202853
sj.;	76.7	238.0	481.6	127.2	184.8	373.1	591.2	0		112	20260916-202853
goyp	71.9	204.3	324.2	99.9	170.3	312.0	461.5	0		113	20260916-202853
ge	76.4	0.0	0.0	127.1	179.7	0.0	0.0	0		114	20260916-202853
jhut	161.6	303.1	398.0	81.9	226.6	393.7	493.2	0		115	20260916-202853
;alq	63.7	237.5	452.7	114.6	191.4	348.6	0.0	1	;alp	116	20260916-202853
ie	58.6	0.0	0.0	87.1	135.3	0.0	0.0	0		117	20260916-202853
tj	42.0	0.0	0.0	85.8	118.0	0.0	0.0	0		118	20260916-202853
k.	91.7	0.0	0.0	181.9	243.5	0.0	0.0	0		119	20260916-202853
;lhf	38.3	207.2	331.0	162.0	163.4	313.0	423.4	0		120	20260916-202853
,t	57.0	0.0	0.0	96.9	145.1	0.0	0.0	0		121	20260916-202853
fysc	46.8	167.3	267.0	91.5	132.7	307.5	440.8	0		122	20260916-202853
jwam	64.8	268.5	288.5	96.3	161.2	388.0	392.0	0		123	20260916-202853
jl	62.9	0.0	0.0	103.9	172.1	0.0	0.0	0		124	20260916-202853
hp	80.0	0.0	0.0	96.1	193.2	0.0	0.0	0		125	20260916-202853
s;/g	78.1	251.0	331.5	116.1	140.2	358.2	416.3	0		126	20260916-202853
ee	170.1	0.0	0.0	70.2	245.9	0.0	0.0	0		127	20260916-202853
itaw	61.5	230.4	521.7	99.4	150.5	380.7	0.0	1	itaq	128	20260916-202853
cu,c	82.0	265.0	466.8	100.8	180.5	379.1	576.7	0		129	20260916-202853
qgsm	61.0	290.7	342.0	187.4	172.9	405.8	447.9	0		130	20260916-202853
os	40.0	0.0	0.0	86.9	130.2	0.0	0.0	0		131	20260916-202853
e,en	89.8	181.3	269.2	73.5	184.3	287.9	372.1	0		132	20260916-202853
eh	58.2	0.0	0.0	82.7	159.9	0.0	0.0	0		133	20260916-202853
uv/m	96.9	247.4	412.2	105.7	202.0	365.4	523.5	0		134	20260916-202853
ia	87.7	0.0	0.0	93.5	189.8	0.0	0.0	0		135	20260916-202853
juep	159.1	247.3	315.1	67.7	240.1	328.9	430.4	0		136	20260916-202853
jlac	47.8	134.1	321.7	119.6	143.3	308.6	459.1	0		137	20260916-202853
qa	226.6	0.0	0.0	114.1	320.8	0.0	0.0	0		138	20260916-202853
n.	53.8	0.0	0.0	94.9	184.2	0.0	0.0	0		139	20260916-202853
q;sy	38.4	209.7	281.8	109.6	124.1	340.8	360.7	0		140	20260916-202853
h,.k	200.9	277.1	475.7	94.6	350.7	382.7	573.5	0		141	20260916-202853
btql	184.4	366.3	458.2	66.8	275.2	0.0	0.0	1	btqo	142	20260916-202853
r,wa	85.7	204.0	425.2	89.5	224.0	323.9	551.1	0		143	20260916-202853
ib	38.0	0.0	0.0	79.0	122.9	0.0	0.0	0		144	20260916-202853
/a	67.7	0.0	0.0	117.8	178.4	0.0	0.0	0		145	20260916-202853
,hyy	53.2	244.2	399.9	115.9	134.1	331.9	485.9	0		146	20260916-202853
hg;m	95.6	179.4	301.4	92.4	188.0	327.6	425.4	0		147	20260916-202853
suas	42.2	212.1	359.5	109.4	138.4	426.3	506.4	0		148	20260916-202853
zhgq	98.4	204.9	295.4	105.4	178.4	367.0	423.8	0		149	20260916-202853
tz,a	76.9	178.5	308.8	127.1	178.1	299.7	425.0	0		150	20260916-202853
obdj	55.6	210.9	218.9	94.9	146.7	0.0	0.0	1	obde	151	20260916-202853
egre	87.8	280.8	0.0	132.8	169.7	0.0	0.0	1	ege	152	20260916-202853
q;.m	50.9	436.8	451.6	108.0	141.2	0.0	0.0	1	q;.,	153	20260916-202853
//	153.7	0.0	0.0	73.3	243.2	0.0	0.0	0		154	20260916-202853
mlnt	29.5	208.6	293.4	101.5	110.5	313.4	390.6	0		155	20260916-202853
;wx.	70.6	293.3	356.5	118.4	147.6	386.4	469.2	0		156	20260916-202853
viti	72.6	233.0	276.7	107.6	162.7	322.6	381.1	0		157	20260916-202853
ixwf	16.7	242.4	328.8	100.7	117.9	396.7	444.6	0		158	20260916-202853
klxp	43.1	154.2	281.1	140.8	140.1	272.2	391.4	0		159	20260916-202853
zk;y	119.2	202.1	382.5	149.4	261.3	332.7	483.2	0		160	20260916-202853
mfhu	66.4	193.9	350.2	87.1	164.9	281.0	452.1	0		161	20260916-202853
dgva	54.2	287.5	368.1	124.3	144.3	418.3	508.0	0		162	20260916-202853
/df.	62.6	153.8	308.7	123.6	214.7	252.7	443.5	0		163	20260916-202853
g.	34.2	0.0	0.0	79.9	129.7	0.0	0.0	0		164	20260916-202853
ftqs	198.0	324.7	569.1	84.6	299.7	471.7	679.8	0		165	20260916-202853
...n	168.1	318.2	602.9	81.9	273.2	424.1	684.8	0		166	20260916-202853
ftk.	187.3	277.7	470.5	75.9	268.6	363.5	598.5	0		167	20260916-202853
hni.	181.0	315.0	549.2	82.8	358.5	403.0	660.0	0		168	20260916-202853
wsbc	181.8	463.9	605.4	75.9	281.8	634.7	704.2	0		169	20260916-202853
p.	227.4	0.0	0.0	86.9	321.3	0.0	0.0	0		170	20260916-202853
/sfq	91.3	307.4	417.8	119.6	214.7	494.3	550.3	0		171	20260916-202853
/q/y	61.8	186.0	389.7	90.7	161.0	290.8	468.8	0		172	20260916-202853
qvbf	127.2	389.6	595.7	153.4	269.0	459.1	690.3	0		173	20260916-202853
t,yh	96.6	265.5	427.6	107.6	198.1	335.5	517.8	0		174	20260916-202853
y/.c	95.4	332.1	501.2	130.0	220.8	453.9	604.0	0		175	20260916-202853
/.	184.8	0.0	0.0	113.7	286.5	0.0	0.0	0		176	20260916-202853
xwvz	228.0	508.6	797.0	100.5	342.3	612.2	948.1	0		177	20260916-202853
iqdv	59.6	314.7	398.0	105.8	185.8	453.7	559.3	0		178	20260916-202853
pz,l	83.9	278.9	411.8	105.9	215.3	475.0	545.8	0		179	20260916-202853
;;y;	152.1	402.4	525.8	85.5	293.9	476.1	654.7	0		180	20260916-202853
l.jz	184.1	376.1	600.0	87.7	303.2	502.5	731.0	0		181	20260916-202853
txxx	186.4	387.4	579.9	81.3	263.0	467.4	670.3	0		182	20260916-202853
sa	79.5	0.0	0.0	146.3	227.1	0.0	0.0	0		183	20260916-202853
jm	195.1	0.0	0.0	95.2	289.7	0.0	0.0	0		184	20260916-202853
,hzk	87.9	235.8	330.0	161.0	187.0	353.7	419.6	0		185	20260916-202853
fy	59.0	0.0	0.0	82.2	138.0	0.0	0.0	0		186	20260916-202853
/w;a	86.9	221.4	328.6	90.3	179.4	353.4	432.6	0		187	20260916-202853
tr	169.7	0.0	0.0	88.4	278.9	0.0	0.0	0		188	20260916-202853
md	97.2	0.0	0.0	111.6	177.4	0.0	0.0	0		189	20260916-202853
ne,j	106.1	227.3	376.9	86.7	192.0	356.9	497.0	0		190	20260916-202853
gyvf	81.3	318.7	526.3	95.7	158.8	416.9	601.7	0		191	20260916-202853
;car	116.2	272.5	387.5	94.7	206.2	410.5	513.9	0		192	20260916-202853
zwqk	224.3	406.2	492.9	117.0	317.8	521.8	607.8	0		193	20260916-202853
ue,i	82.5	219.4	414.3	92.1	165.7	300.7	499.9	0		194	20260916-202853
cwyr	30.0	207.3	320.7	110.8	156.5	294.0	422.8	0		195	20260916-202853
qytc	103.7	216.5	395.0	130.6	189.7	422.5	525.8	0		196	20260916-202853
ex/m	223.1	306.2	438.0	82.6	316.3	452.2	545.0	0		197	20260916-202853
pbdi	92.5	248.6	288.7	108.5	175.8	346.7	404.9	0		198	20260916-202853
sl	69.6	0.0	0.0	112.8	150.8	0.0	0.0	0		199	20260916-202853
mvvr	125.8	284.0	514.1	81.0	235.6	395.9	619.9	0		200	20260916-202853
aaeb	160.3	346.1	541.0	81.4	277.6	438.4	654.0	0		201	20260916-202853
ftwy	188.3	335.0	403.1	81.9	275.1	436.8	485.8	0		202	20260916-202853
qhim	89.2	144.3	313.9	114.9	178.2	256.2	415.6	0		203	20260916-202853
zh	50.4	0.0	0.0	98.0	128.4	0.0	0.0	0		204	20260916-202853
zp	46.3	0.0	0.0	107.2	132.3	0.0	0.0	0		205	20260916-202853
.j	52.8	0.0	0.0	130.8	165.6	0.0	0.0	0		206	20260916-202853
wrxr	66.8	297.8	389.3	124.7	172.0	433.4	516.6	0		207	20260916-202853
;/cp	201.4	317.0	427.3	101.7	297.4	418.8	533.9	0		208	20260916-202853
as	98.2	0.0	0.0	178.9	225.9	0.0	0.0	0		209	20260916-202853
vqtz	73.5	300.7	503.4	147.5	216.6	436.5	631.1	0		210	20260916-202853
yswd	39.9	235.1	440.2	86.6	140.1	326.7	0.0	1	ysws	211	20260916-202853
vqox	82.4	240.0	375.6	177.5	189.1	351.4	469.5	0		212	20260916-202853
l.vk	196.1	336.1	412.1	89.5	301.4	451.5	506.5	0		213	20260916-202853
uano	65.1	213.4	295.2	76.1	174.0	319.2	367.0	0		214	20260916-202853
,,sp	147.0	259.8	379.9	72.6	256.0	370.0	484.6	0		215	20260916-202853
ouin	78.6	278.0	357.6	141.3	202.6	453.3	476.8	0		216	20260916-202853
ofrs	74.3	255.2	402.6	101.1	158.0	347.0	490.4	0		217	20260916-202853
k/vr	91.9	369.1	571.5	168.7	243.1	461.9	652.6	0		218	20260916-202853
uaau	154.8	309.6	375.0	104.1	231.5	406.0	482.4	0		219	20260916-202853
pcex	73.5	272.5	470.9	104.5	161.6	353.4	558.4	0		220	20260916-202853
lj	54.0	0.0	0.0	116.2	145.3	0.0	0.0	0		221	20260916-202853
ktu,	84.6	170.2	342.9	85.8	170.0	268.9	468.0	0		222	20260916-202853
wive	70.6	215.9	331.6	96.7	158.9	381.4	430.5	0		223	20260916-202853
rkjo	73.1	146.8	288.2	102.1	131.8	338.0	410.9	0		224	20260916-202853
sz	201.1	0.0	0.0	99.9	336.5	0.0	0.0	0		225	20260916-202853
qvfj	131.7	349.5	427.0	149.2	239.5	438.7	515.7	0		226	20260916-202853
gxrq	76.5	271.9	392.1	134.1	173.9	441.8	519.6	0		227	20260916-202853
ht	91.9	0.0	0.0	67.0	177.7	0.0	0.0	0		228	20260916-202853
nw	71.2	0.0	0.0	84.8	168.1	0.0	0.0	0		229	20260916-202853
/h/f	39.9	219.3	334.8	111.3	123.7	347.6	422.6	0		230	20260916-202853
zu	9.9	0.0	0.0	109.2	116.5	0.0	0.0	0		231	20260916-202853
egdn	76.6	249.8	263.1	108.1	158.1	334.1	384.0	0		232	20260916-202853
.q	68.6	0.0	0.0	109.6	161.8	0.0	0.0	0		233	20260916-202853
/rtz	50.8	286.9	395.2	108.7	160.9	436.0	565.0	0		234	20260916-202853
hpir	61.7	173.3	277.2	120.3	172.4	290.6	365.7	0		235	20260916-202853
yauv	78.3	172.7	299.3	74.1	195.2	267.9	431.3	0		236	20260916-202853
en	36.6	0.0	0.0	69.2	116.3	0.0	0.0	0		237	20260916-202853
zy/z	69.7	194.6	310.8	106.4	138.3	340.8	442.8	0		238	20260916-202853
qxdo	253.6	487.6	544.4	107.7	339.1	573.5	657.2	0		239	20260916-202853
annj	86.6	221.9	461.0	85.9	149.4	323.4	551.6	0		240	20260916-202853
by,u	62.3	212.8	324.7	105.3	144.7	428.0	495.7	0		241	20260916-202853
dfkz	47.3	167.3	336.2	103.2	144.1	273.6	460.0	0		242	20260916-202853
vgxy	212.2	341.2	457.1	100.7	294.6	453.2	534.5	0		243	20260916-202853
xk	43.1	0.0	0.0	92.8	129.2	0.0	0.0	0		244	20260916-202853
wvqt	60.3	284.0	359.9	122.0	198.9	430.8	488.5	0		245	20260916-202853
akhk	75.6	194.6	306.3	99.9	132.2	321.9	400.3	0		246	20260916-202853
ipgn	72.8	198.3	289.7	148.3	199.8	293.6	398.2	0		247	20260916-202853
x;,p	37.3	237.5	413.4	96.4	140.8	344.5	507.4	0		248	20260916-202853
fk	53.3	0.0	0.0	80.5	143.5	0.0	0.0	0		249	20260916-202853
nngg	138.6	222.1	701.8	70.2	217.9	311.7	776.9	0		250	20260916-202853
x;sx	48.0	215.0	407.1	104.6	147.8	307.6	525.8	0		251	20260916-202853
pxqt	74.4	270.5	357.3	86.3	156.4	422.7	489.2	0		252	20260916-202853
rn;h	40.6	251.0	304.9	97.2	144.3	392.2	452.0	0		253	20260916-202853
eedx	129.5	404.0	584.2	87.8	256.0	541.9	701.7	0		254	20260916-202853
fp	49.6	0.0	0.0	94.8	149.3	0.0	0.0	0		255	20260916-202853
u,.f	243.1	317.6	451.9	98.9	389.9	463.2	545.0	0		256	20260916-202853
f;	37.2	0.0	0.0	83.0	148.0	0.0	0.0	0		257	20260916-202853
,y	75.3	0.0	0.0	151.5	169.7	0.0	0.0	0		258	20260916-202853
cq/a	65.5	221.1	337.5	121.4	187.2	352.3	450.4	0		259	20260916-202853
lh	71.8	0.0	0.0	141.8	167.3	0.0	0.0	0		260	20260916-202853
ueft	42.1	187.0	385.4	80.9	134.0	295.7	489.4	0		261	20260916-202853
lx	67.4	0.0	0.0	109.1	188.8	0.0	0.0	0		262	20260916-202853
gk	29.3	0.0	0.0	86.9	117.0	0.0	0.0	0		263	20260916-202853
npie	54.0	194.2	264.2	129.7	193.7	305.1	362.2	0		264	20260916-202853
g;	19.7	0.0	0.0	80.0	115.0	0.0	0.0	0		265	20260916-202853
eq	62.0	0.0	0.0	115.9	188.5	0.0	0.0	0		266	20260916-202853
jadx	63.5	229.5	403.5	107.5	194.4	449.7	547.5	0		267	20260916-202853
dq	75.5	0.0	0.0	125.2	204.0	0.0	0.0	0		268	20260916-202853
kq	63.1	0.0	0.0	91.8	165.8	0.0	0.0	0		269	20260916-202853
eh	55.0	0.0	0.0	76.4	145.6	0.0	0.0	0		270	20260916-202853
sq.i	35.4	139.8	332.4	110.8	153.3	245.2	415.2	0		271	20260916-202853
.jef	84.0	229.3	323.0	163.4	190.5	387.7	450.0	0		272	20260916-202853
kted	73.9	140.4	329.2	93.2	196.7	224.2	423.3	0		273	20260916-202853
bihl	62.3	178.3	344.2	89.2	136.4	347.5	460.0	0		274	20260916-202853
x;qv	55.5	217.8	260.5	90.4	164.4	335.3	434.1	0		275	20260916-202853
kguw	65.3	197.9	397.2	92.6	153.2	301.1	0.0	1	kguq	276	20260916-202853
,b	43.2	0.0	0.0	93.1	136.2	0.0	0.0	0		277	20260916-202853
dudn	52.4	173.0	265.9	75.7	130.7	275.8	368.8	0		278	20260916-202853
to,n	41.3	255.8	379.3	90.6	135.9	0.0	0.0	1	to,h	279	20260916-202853
xn	49.8	0.0	0.0	108.7	152.1	0.0	0.0	0		280	20260916-202853
mgnr	64.3	189.8	291.0	81.6	155.5	284.6	391.5	0		281	20260916-202853
yh;p	187.4	392.6	612.8	63.5	288.0	512.7	741.9	0		282	20260916-202853
onro	86.8	163.9	236.3	137.1	156.7	250.9	365.2	0		283	20260916-202853
.fpv	78.7	240.4	307.6	115.7	171.6	352.7	424.6	0		284	20260916-202853
gskf	57.1	153.3	262.4	118.9	143.2	250.1	372.9	0		285	20260916-202853
sz	88.2	0.0	0.0	182.2	257.0	0.0	0.0	0		286	20260916-202853
yvjs	60.2	198.5	250.2	73.9	158.1	289.9	364.0	0		287	20260916-202853
jtr,	71.1	239.9	305.3	95.8	152.7	346.7	410.3	0		288	20260916-202853
yyan	125.0	287.6	359.0	71.2	208.2	418.2	450.1	0		289	20260916-202853
qmoj	66.4	198.9	291.0	116.6	153.9	361.3	449.2	0		290	20260916-202853
xau,	161.8	218.6	400.3	86.8	278.0	301.6	523.1	0		291	20260916-202853
vqoc	70.2	162.6	345.2	147.3	180.2	254.3	449.2	0		292	20260916-202853
xdrc	105.0	166.9	404.7	168.8	243.4	289.8	508.9	0		293	20260916-202853
wl	32.7	0.0	0.0	91.4	132.0	0.0	0.0	0		294	20260916-202853
xyv/	71.8	185.9	287.5	89.5	137.8	320.6	395.4	0		295	20260916-202853
dnbv	105.4	305.6	491.0	86.5	188.3	393.1	0.0	1	dnbb	296	20260916-202853
oscl	81.7	267.2	311.1	107.9	185.5	367.7	437.8	0		297	20260916-202853
ao	58.8	0.0	0.0	113.4	156.8	0.0	0.0	0		298	20260916-202853
frk;	186.2	230.9	301.1	76.1	266.3	366.8	437.9	0		300	20260916-202853
ek	50.9	0.0	0.0	83.9	149.6	0.0	0.0	0		301	20260916-202853
b.cy	112.1	219.3	318.4	87.9	209.0	313.9	400.8	0		302	20260916-202853
mj.p	165.7	317.1	542.9	75.9	249.8	438.1	656.0	0		303	20260916-202853
.yrw	118.2	245.8	411.2	189.9	203.8	443.3	533.5	0		304	20260916-202853
zscm	216.8	451.9	510.8	147.5	315.0	543.4	628.4	0		305	20260916-202853
,mt;	116.4	289.4	444.2	124.8	262.3	377.9	558.0	0		306	20260916-202853
uabt	78.7	258.5	470.8	98.4	185.1	353.8	563.7	0		307	20260916-202853
legy	85.2	263.6	355.1	138.1	178.2	370.0	443.3	0		308	20260916-202853
vyy/	137.0	271.7	509.0	95.5	199.4	368.5	612.7	0		309	20260916-202853
.k;q	92.7	308.0	400.8	174.0	218.0	440.8	504.1	0		310	20260916-202853
ph	67.9	0.0	0.0	140.3	168.6	0.0	0.0	0		311	20260916-202853
k;	73.0	0.0	0.0	148.9	204.4	0.0	0.0	0		312	20260916-202853
rguk	178.2	265.2	408.6	74.0	271.2	356.3	524.1	0		313	20260916-202853
ezpj	229.7	298.8	384.8	73.1	345.0	432.9	483.7	0		314	20260916-202853
,z	48.9	0.0	0.0	105.9	171.0	0.0	0.0	0		315	20260916-202853
bv/h	177.1	317.8	519.8	82.6	277.8	453.1	607.1	0		316	20260916-202853
bvud	161.0	326.1	403.2	73.9	264.9	419.9	489.3	0		317	20260916-202853
ni.k	83.9	329.2	0.0	175.6	174.9	0.0	0.0	1	ni,	318	20260916-202853
jd	57.7	0.0	0.0	104.2	144.1	0.0	0.0	0		319	20260916-202853
irhx	78.0	192.8	309.2	91.9	163.1	285.8	408.6	0		320	20260916-202853
yxnc	73.0	229.4	299.9	74.5	159.6	332.1	391.2	0		321	20260916-202853
cued	91.2	190.0	384.6	81.9	185.7	277.7	481.1	0		322	20260916-202853
lrjl	87.9	159.1	272.5	98.6	175.0	294.2	378.0	0		323	20260916-202853
qayu	204.3	307.8	448.7	85.0	306.8	367.8	553.0	0		324	20260916-202853
u;,k	66.4	298.7	494.4	147.3	187.8	400.6	582.8	0		325	20260916-202853
,vvd	96.1	286.1	497.0	97.7	206.5	405.2	578.4	0		326	20260916-202853
ijnj	80.0	312.4	474.7	167.0	191.4	372.6	567.0	0		327	20260916-202853
g;xn	44.4	187.7	245.7	81.1	149.2	294.8	353.5	0		328	20260916-202853
aj	35.7	0.0	0.0	115.8	131.8	0.0	0.0	0		329	20260916-202853
wyug	77.6	224.4	320.3	96.2	147.2	333.9	425.1	0		330	20260916-202853
muq,	189.9	237.0	388.0	72.2	260.8	341.9	491.5	0		331	20260916-202853
nkmd	53.2	228.3	292.3	103.2	165.5	338.2	385.0	0		332	20260916-202853
drcf	60.8	283.9	410.8	136.7	159.6	500.6	522.7	0		333	20260916-202853
o,b.	190.6	303.5	407.2	90.3	289.5	384.4	543.6	0		334	20260916-202853
;pfz	195.8	293.0	504.3	92.6	316.6	391.1	657.9	0		335	20260916-202853
yqae	35.4	267.8	393.1	82.5	145.4	466.9	546.7	0		336	20260916-202853
phsy	65.7	124.4	223.0	127.8	143.2	235.0	331.5	0		337	20260916-202853
yj	166.2	0.0	0.0	65.1	256.5	0.0	0.0	0		338	20260916-202853
jl	54.9	0.0	0.0	126.6	145.7	0.0	0.0	0		339	20260916-202853
qov.	58.1	197.7	299.4	101.3	139.3	332.5	426.5	0		340	20260916-202853
hob/	56.0	147.3	287.9	107.7	132.8	243.9	402.9	0		341	20260916-202853
ohjn	80.1	263.1	436.8	124.3	168.5	338.8	528.4	0		342	20260916-202853
wtgu	84.2	271.6	315.4	131.3	175.9	407.9	417.9	0		343	20260916-202853
,y	85.7	0.0	0.0	139.9	172.0	0.0	0.0	0		344	20260916-202853
/h	49.0	0.0	0.0	111.1	133.8	0.0	0.0	0		345	20260916-202853
pm	75.2	0.0	0.0	157.9	191.3	0.0	0.0	0		346	20260916-202853
cknl	52.8	195.6	313.3	84.4	132.4	316.3	426.5	0		347	20260916-202853
oe	25.1	0.0	0.0	96.2	107.1	0.0	0.0	0		348	20260916-202853
rfzu	173.8	328.7	391.7	86.7	250.7	493.0	495.7	0		349	20260916-202853
cipm	62.8	241.1	355.8	83.1	168.6	395.9	458.7	0		350	20260916-202853
voap	69.6	172.7	258.0	99.8	152.9	299.9	366.2	0		351	20260916-202853
wqkp	61.2	169.5	338.9	128.1	178.1	340.7	462.0	0		352	20260916-202853
shx.	58.1	218.0	266.6	98.5	136.3	319.6	393.1	0		353	20260916-202853
usde	52.3	186.9	427.9	98.2	149.9	316.3	529.8	0		354	20260916-202853
y,wv	95.5	253.1	363.8	159.4	246.3	458.9	500.5	0		355	20260916-202853
jxfb	53.0	210.0	439.7	101.8	168.7	345.0	0.0	1	jxff	356	20260916-202853
xq;x	89.6	261.6	459.4	124.6	236.9	376.1	574.6	0		357	20260916-202853
/on,	219.1	282.2	494.2	100.7	336.1	365.5	590.9	0		358	20260916-202853
ki	154.2	0.0	0.0	67.9	238.7	0.0	0.0	0		359	20260916-202853
cnfd	81.0	227.9	379.0	97.9	176.0	356.7	485.1	0		360	20260916-202853
wp	58.9	0.0	0.0	100.7	149.7	0.0	0.0	0		361	20260916-202853
/jn/	51.7	232.7	397.0	131.3	129.9	319.2	523.8	0		362	20260916-202853
pf	56.0	0.0	0.0	90.1	138.0	0.0	0.0	0		363	20260916-202853
/omc	205.5	274.9	518.1	99.5	350.4	450.9	616.2	0		364	20260916-202853
oihe	61.7	211.7	298.2	132.6	173.3	309.8	402.0	0		365	20260916-202853
xt	128.2	0.0	0.0	167.2	216.0	0.0	0.0	0		366	20260916-202853
,js,	70.9	142.0	228.0	134.0	144.9	0.0	0.0	1	,jsj	367	20260916-202853
savh	73.4	263.9	349.5	146.2	181.2	391.9	449.9	0		368	20260916-202853
iz	40.8	0.0	0.0	86.8	159.5	0.0	0.0	0		369	20260916-202853
inxr	73.1	185.6	322.9	163.3	188.7	330.1	439.1	0		370	20260916-202853
czdn	59.4	276.4	355.6	114.3	178.8	364.8	441.5	0		371	20260916-202853
xy	56.1	0.0	0.0	97.1	135.0	0.0	0.0	0		372	20260916-202853
wx	201.0	0.0	0.0	75.4	289.9	0.0	0.0	0		373	20260916-202853
;ar/	89.5	171.2	343.8	103.4	224.9	288.1	0.0	0		374	20260916-202853
ck	90.4	0.0	0.0	82.3	170.4	0.0	0.0	0		375	20260916-202853
bu,a	42.1	228.5	309.4	93.0	122.4	345.6	416.6	0		376	20260916-202853
ou	57.8	0.0	0.0	116.4	140.3	0.0	0.0	0		377	20260916-202853
gest	59.1	255.4	350.5	105.2	144.8	373.2	447.0	0		378	20260916-202853
t/qe	55.8	218.6	318.6	84.1	158.6	460.8	439.7	0		379	20260916-202853
qh	57.0	0.0	0.0	109.5	123.3	0.0	0.0	0		380	20260916-202853
bgbd	203.0	424.1	576.6	90.4	281.4	577.1	657.8	0		381	20260916-202853
esuo	75.8	225.6	390.9	125.7	181.6	339.3	515.3	0		382	20260916-202853
ey	63.9	0.0	0.0	85.6	133.3	0.0	0.0	0		383	20260916-202853
mlxc	80.0	220.1	328.9	162.2	179.9	394.8	445.1	0		384	20260916-202853
mao,	95.7	144.2	368.3	87.8	211.2	240.1	509.8	0		385	20260916-202853
kqko	30.6	178.3	294.0	75.2	130.0	370.7	401.8	0		386	20260916-202853
b,kk	82.9	244.6	403.2	92.2	159.1	342.3	496.5	0		387	20260916-202853
hcqf	70.1	230.1	336.7	107.7	176.6	352.8	485.6	0		388	20260916-202853
fbl;	200.6	280.8	473.3	75.5	290.7	372.6	604.3	0		389	20260916-202853
chmn	67.9	271.2	416.2	103.0	138.2	339.0	505.7	0		390	20260916-202853
/sof	85.6	171.3	288.5	90.8	182.1	291.9	401.3	0		391	20260916-202853
zyyo	155.4	277.1	411.0	145.3	218.0	365.9	531.1	0		392	20260916-202853
gavg	72.9	274.8	484.9	134.0	210.2	373.9	589.8	0		393	20260916-202853
nbng	87.9	198.2	302.6	84.8	163.8	296.6	405.0	0		394	20260916-202853
fh	45.7	0.0	0.0	98.8	134.6	0.0	0.0	0		395	20260916-202853
bc/d	55.2	137.9	260.1	103.0	135.4	256.1	0.0	1	bc/e	396	20260916-202853
zu;z	66.4	177.4	303.8	135.6	154.7	313.9	440.8	0		397	20260916-202853
h;xk	32.9	159.0	244.5	110.5	154.9	277.2	341.9	0		398	20260916-202853
ipui	58.7	219.0	325.0	128.0	176.7	385.7	445.5	0		399	20260916-202853
ts;c	50.1	98.7	310.0	113.0	143.0	208.9	405.1	0		400	20260916-202853
aw	91.2	0.0	0.0	174.6	226.1	0.0	0.0	0		401	20260916-202853
zveq	0.0	0.0	0.0	0.0	0.0	0.0	0.0	1	v	1	20260917-210255
gu;p	42.9	160.7	378.8	88.9	160.0	279.0	463.9	0		2	20260917-210255
u/no	101.3	360.2	473.2	154.9	228.3	527.9	586.0	0		3	20260917-210255
rl.t	72.8	233.8	300.8	92.9	135.7	360.8	392.7	0		4	20260917-210255
u.sg	107.0	193.1	299.2	153.8	246.1	333.8	433.8	0		5	20260917-210255
ix	70.6	0.0	0.0	84.4	162.5	0.0	0.0	0		6	20260917-210255
uwvj	71.6	225.5	296.5	102.9	151.4	348.5	394.7	0		7	20260917-210255
yquj	39.8	194.1	394.3	81.1	150.8	280.3	481.3	0		8	20260917-210255
sn;e	53.9	151.0	266.9	88.8	139.0	271.2	353.1	0		9	20260917-210255
mplv	81.0	327.7	546.8	162.6	212.7	433.0	0.0	1	mplm	10	20260917-210255
gm	67.1	0.0	0.0	101.6	163.8	0.0	0.0	0		11	20260917-210255
/;ca	196.8	283.9	366.9	84.8	297.7	431.8	509.0	0		12	20260917-210255
riw/	81.0	236.6	442.3	101.8	178.3	358.2	607.5	0		13	20260917-210255
ysvq	80.3	225.2	388.8	82.3	188.1	412.0	513.9	0		14	20260917-210255
smya	70.9	268.3	313.0	85.8	155.0	358.9	434.0	0		15	20260917-210255
qeiv	101.7	284.8	395.5	152.8	229.6	381.7	523.6	0		16	20260917-210255
zwbw	200.4	404.9	513.7	111.5	287.4	552.8	596.8	0		17	20260917-210255
dc	187.2	0.0	0.0	63.7	294.9	0.0	0.0	0		18	20260917-210255
ohip	90.4	273.4	352.5	168.4	185.0	414.6	501.2	0		19	20260917-210255
;f	48.0	0.0	0.0	108.8	151.0	0.0	0.0	0		20	20260917-210255
ncu,	104.7	224.7	418.6	102.4	204.7	313.1	558.7	0		21	20260917-210255
iatb	69.9	237.6	463.4	100.0	194.5	329.6	561.8	0		22	20260917-210255
ei	38.2	0.0	0.0	91.0	130.1	0.0	0.0	0		23	20260917-210255
hx	68.8	0.0	0.0	93.8	153.9	0.0	0.0	0		24	20260917-210255
ba.k	85.6	121.8	328.8	151.6	209.5	218.7	405.1	0		25	20260917-210255
xh	20.4	0.0	0.0	87.3	114.2	0.0	0.0	0		26	20260917-210255
mwlh	83.1	186.8	249.2	109.6	179.1	320.9	378.2	0		27	20260917-210255
dbaq	105.8	349.2	568.7	166.8	201.2	453.1	668.2	0		28	20260917-210255
kbw,	68.7	231.9	332.1	96.7	162.7	362.1	447.2	0		29	20260917-210255
;u	62.0	0.0	0.0	126.0	152.8	0.0	0.0	0		30	20260917-210255
.eci	50.5	284.0	362.1	120.5	128.3	371.4	459.2	0		31	20260917-210255
dug;	55.8	184.9	237.9	96.2	142.0	296.0	354.0	0		32	20260917-210255
xlcc	70.6	221.7	402.5	81.6	164.7	306.0	496.3	0		33	20260917-210255
keh.	71.8	176.3	307.7	88.4	167.3	354.5	439.4	0		34	20260917-210255
vzuc	56.5	147.7	288.8	135.5	166.5	254.0	377.8	0		35	20260917-210255
ph	45.4	0.0	0.0	120.3	137.4	0.0	0.0	0		36	20260917-210255
yn	168.9	0.0	0.0	73.9	256.9	0.0	0.0	0		37	20260917-210255
jq	46.2	0.0	0.0	88.0	154.0	0.0	0.0	0		38	20260917-210255
ktub	72.1	185.9	317.1	87.7	157.8	284.7	413.9	0		39	20260917-210255
ib;/	135.1	230.8	422.4	112.8	234.6	315.2	524.6	0		40	20260917-210255
ct,o	133.7	188.0	388.2	178.9	208.3	294.9	506.0	0		41	20260917-210255
fvdj	205.2	336.1	434.9	85.7	304.3	434.2	538.7	0		42	20260917-210255
lpmx	193.1	351.0	453.7	99.5	292.5	473.7	553.0	0		43	20260917-210255
bbzz	142.1	341.5	533.9	71.0	226.1	452.1	643.3	0		44	20260917-210255
bmcq	165.1	0.0	0.0	75.2	0.0	0.0	0.0	1	bc	45	20260917-210255
me	47.1	0.0	0.0	93.4	134.9	0.0	0.0	0		46	20260917-210255
xv	54.2	0.0	0.0	125.3	95.0	0.0	0.0	0		47	20260917-210255
,q.b	28.8	178.4	305.3	70.4	125.5	315.4	383.9	0		48	20260917-210255
z,	67.4	0.0	0.0	99.9	155.1	0.0	0.0	0		49	20260917-210255
,pwx	92.9	236.4	520.4	161.3	224.6	371.3	612.3	0		50	20260917-210255
jndq	161.8	236.9	377.8	72.5	250.6	345.9	548.8	0		51	20260917-210255
lcsv	112.6	205.8	362.7	99.0	196.6	387.2	517.5	0		52	20260917-210255
/pwo	208.5	273.4	425.3	92.7	315.2	368.5	529.1	0		53	20260917-210255
xurx	63.7	187.1	382.7	81.6	144.7	277.9	504.7	0		54	20260917-210255
oeid	98.7	170.7	328.8	92.0	170.3	280.8	414.9	0		55	20260917-210255
hyhm	161.7	331.4	518.0	78.1	237.8	400.7	0.0	1	hyhn	56	20260917-210255
wr,b	70.7	142.4	321.7	162.2	162.5	258.6	417.9	0		57	20260917-210255
eogx	75.2	250.9	318.6	103.5	155.8	369.8	419.5	0		58	20260917-210255
/mig	66.8	237.5	388.5	143.6	183.8	336.5	487.8	0		59	20260917-210255
hkh,	56.9	198.6	605.5	105.0	147.0	426.2	720.4	0		60	20260917-210255
u/;p	87.2	368.6	0.0	166.9	202.9	0.0	0.0	1	u/p	61	20260917-210255
uk	63.7	0.0	0.0	142.5	214.1	0.0	0.0	0		62	20260917-210255
hxjl	80.9	200.5	292.4	89.8	181.4	326.3	422.2	0		63	20260917-210255
dv	82.9	0.0	0.0	128.8	214.4	0.0	0.0	0		64	20260917-210255
p;	194.1	0.0	0.0	108.9	299.8	0.0	0.0	0		65	20260917-210255
,/pz	140.2	327.8	418.9	182.8	220.7	450.6	552.8	0		66	20260917-210255
lyxc	55.0	214.3	423.7	147.0	137.7	436.5	566.3	0		67	20260917-210255
g;bw	54.2	240.0	304.1	108.1	158.1	367.9	423.0	0		68	20260917-210255
ihli	56.9	268.0	354.0	155.2	193.1	462.8	492.0	0		69	20260917-210255
whta	75.8	255.8	364.9	107.7	165.4	408.8	519.5	0		70	20260917-210255
vc	70.6	0.0	0.0	139.4	175.4	0.0	0.0	0		71	20260917-210255
pntd	85.7	177.7	311.1	159.5	186.5	361.8	430.7	0		72	20260917-210255
thla	73.9	178.1	258.0	88.0	152.0	299.9	390.7	0		73	20260917-210255
ksw.	56.8	245.7	309.7	90.2	139.9	335.7	440.2	0		74	20260917-210255
fc	76.8	0.0	0.0	142.1	204.3	0.0	0.0	0		75	20260917-210255
.jdl	74.3	194.4	263.1	132.2	182.2	296.1	374.1	0		76	20260917-210255
lg/s	90.9	208.2	277.9	100.1	170.6	315.1	386.3	0		77	20260917-210255
;gs/	71.9	189.0	241.8	83.4	146.1	286.0	347.4	0		78	20260917-210255
ck	43.1	0.0	0.0	85.4	127.7	0.0	0.0	0		79	20260917-210255
ydna	45.5	210.9	255.7	71.6	127.0	295.8	375.9	0		80	20260917-210255
gcur	77.7	154.8	273.0	123.7	158.8	250.7	365.9	0		81	20260917-210255
cb	82.9	0.0	0.0	133.7	166.8	0.0	0.0	0		82	20260917-210255
zn	42.5	0.0	0.0	109.0	129.1	0.0	0.0	0		83	20260917-210255
msxj	73.2	272.6	319.0	102.8	162.9	373.9	418.2	0		84	20260917-210255
,roe	136.7	279.1	392.4	137.1	224.2	388.5	478.2	0		85	20260917-210255
agxy	113.2	282.1	359.2	147.8	190.1	400.9	432.5	0		86	20260917-210255
wpey	62.6	204.2	266.4	100.6	166.2	309.1	362.3	0		87	20260917-210255
,n	64.7	0.0	0.0	146.6	169.2	0.0	0.0	0		88	20260917-210255
lyxz	75.9	331.1	0.0	164.6	191.1	0.0	0.0	1	lyz	89	20260917-210255
fy	77.0	0.0	0.0	111.3	150.2	0.0	0.0	0		90	20260917-210255
vj	44.8	0.0	0.0	102.1	148.9	0.0	0.0	0		91	20260917-210255
wwd/	159.5	370.5	436.3	85.5	260.5	463.3	564.5	0		92	20260917-210255
,.yl	97.9	295.8	396.6	163.1	169.5	447.9	513.8	0		93	20260917-210255
af	64.7	0.0	0.0	152.9	194.8	0.0	0.0	0		94	20260917-210255
yxpt	61.6	168.8	310.5	88.3	151.8	292.1	407.1	0		95	20260917-210255
kwz/	64.0	286.5	333.7	88.7	149.9	415.8	451.8	0		96	20260917-210255
ittq	150.9	294.8	450.9	96.4	229.2	405.5	613.3	0		97	20260917-210255
wy	78.5	0.0	0.0	122.7	163.0	0.0	0.0	0		98	20260917-210255
gtka	194.7	324.9	422.2	81.8	266.1	416.8	544.1	0		99	20260917-210255
,jx;	63.2	177.2	266.9	132.8	158.1	281.1	365.9	0		100	20260917-210255
ab	106.0	0.0	0.0	157.7	220.9	0.0	0.0	0		101	20260917-210255
my	168.6	0.0	0.0	68.8	252.6	0.0	0.0	0		102	20260917-210255
mwn/	80.3	231.2	325.2	108.1	168.4	392.1	472.0	0		103	20260917-210255
gcab	59.5	209.7	352.4	145.6	197.7	389.5	463.3	0		104	20260917-210255
oz	60.9	0.0	0.0	91.7	186.0	0.0	0.0	0		105	20260917-210255
ohop	72.4	302.9	0.0	146.1	164.7	0.0	0.0	1	ohl	106	20260917-210255
okkh	201.1	347.6	550.5	86.8	273.5	444.8	647.8	0		107	20260917-210255
kh	108.8	0.0	0.0	139.8	186.9	0.0	0.0	0		108	20260917-210255
/pmw	201.4	367.7	446.6	85.4	300.9	477.7	556.0	0		109	20260917-210255
wxwl	232.1	460.4	546.2	88.5	315.2	549.6	677.5	0		110	20260917-210255
biix	141.7	276.0	405.2	89.9	211.6	388.1	499.9	0		111	20260917-210255
podi	32.2	175.9	211.6	123.0	169.9	264.9	348.8	0		112	20260917-210255
zoop	111.4	258.9	439.9	111.2	190.0	354.6	548.8	0		113	20260917-210255
xhmu	81.1	276.9	447.0	97.7	150.2	333.0	507.7	0		114	20260917-210255
fk	37.8	0.0	0.0	89.0	129.0	0.0	0.0	0		115	20260917-210255
hnpy	176.1	342.6	466.8	76.7	243.5	499.7	559.9	0		116	20260917-210255
hm	198.7	0.0	0.0	95.3	294.9	0.0	0.0	0		117	20260917-210255
,o,r	198.8	411.0	553.5	100.0	280.9	521.5	645.4	0		118	20260917-210255
jw/p	71.0	181.6	389.2	77.9	164.4	284.9	481.2	0		119	20260917-210255
la	58.8	0.0	0.0	102.8	172.3	0.0	0.0	0		120	20260917-210255
o/oz	219.0	428.4	569.8	88.0	325.0	525.9	682.7	0		121	20260917-210255
k/vj	174.9	303.6	413.9	92.0	295.0	418.1	514.7	0		122	20260917-210255
cc	151.0	0.0	0.0	68.1	236.9	0.0	0.0	0		123	20260917-210255
a,dl	96.9	202.1	292.1	89.9	187.8	274.7	391.8	0		124	20260917-210255
hyqy	172.3	326.7	411.3	73.8	247.9	440.8	498.0	0		125	20260917-210255
ej/y	42.4	182.0	372.8	79.6	136.8	326.8	450.9	0		126	20260917-210255
mg	79.6	0.0	0.0	94.6	160.7	0.0	0.0	0		127	20260917-210255
gykk	48.7	213.7	371.9	92.5	124.3	291.7	460.4	0		128	20260917-210255
fb;g	191.5	248.0	405.5	72.0	272.1	340.8	487.2	0		129	20260917-210255
a;ue	36.5	177.2	288.0	92.1	161.1	276.9	370.0	0		130	20260917-210255
gdju	57.5	87.1	241.6	100.2	135.2	167.4	336.3	0		131	20260917-210255
n.iu	43.2	271.2	298.4	113.2	172.9	380.0	437.4	0		132	20260917-210255
pb	59.9	0.0	0.0	87.2	149.9	0.0	0.0	0		133	20260917-210255
ltug	72.1	183.2	289.0	91.1	146.7	280.3	399.1	0		134	20260917-210255
cwqm	196.6	387.6	415.1	85.5	278.5	498.6	520.5	0		135	20260917-210255
rlbs	68.6	231.1	355.1	84.0	163.4	357.7	448.5	0		136	20260917-210255
wfrm	65.6	282.2	330.0	124.1	166.1	362.1	422.2	0		137	20260917-210255
ewli	41.6	160.8	221.7	121.3	154.6	310.0	352.9	0		138	20260917-210255
tmzw	95.9	279.8	708.3	89.2	195.3	353.3	0.0	1	tmze	139	20260917-210255
amz,	71.9	233.0	0.0	87.0	175.4	0.0	0.0	1	ama	140	20260917-210255
nkfr	89.8	173.6	347.7	159.9	177.6	264.4	448.6	0		141	20260917-210255
s,	75.9	0.0	0.0	95.0	196.8	0.0	0.0	0		142	20260917-210255
hrhq	56.1	177.0	285.8	79.6	143.0	275.7	390.0	0		143	20260917-210255
ig.s	95.8	236.6	292.8	97.6	174.8	351.7	396.8	0		144	20260917-210255
am	47.3	0.0	0.0	111.1	135.2	0.0	0.0	0		145	20260917-210255
wcyj	205.5	343.0	455.0	75.6	306.0	0.0	0.0	1	wcyk	146	20260917-210255
ic	52.1	0.0	0.0	90.9	140.1	0.0	0.0	0		147	20260917-210255
gmhf	52.9	225.5	298.6	93.7	127.7	316.6	389.5	0		148	20260917-210255
sv	53.2	0.0	0.0	108.2	190.5	0.0	0.0	0		149	20260917-210255
iruy	80.3	179.1	379.5	91.3	171.3	283.6	445.8	0		150	20260917-210255
axak	184.5	360.9	459.9	112.5	282.7	484.8	552.7	0		151	20260917-210255
dn	50.1	0.0	0.0	76.8	170.8	0.0	0.0	0		152	20260917-210255
ng	68.4	0.0	0.0	93.9	153.0	0.0	0.0	0		153	20260917-210255
omih	184.0	254.3	438.0	98.6	311.6	436.6	544.7	0		154	20260917-210255
agxu	94.6	268.8	349.0	141.8	176.5	379.7	432.8	0		155	20260917-210255
/zmv	60.2	234.6	314.3	127.5	192.3	350.0	429.7	0		156	20260917-210255
jqjh	79.0	167.3	313.4	89.8	186.9	243.0	413.4	0		157	20260917-210255
ogpm	75.2	195.8	293.5	100.8	171.9	356.1	414.1	0		158	20260917-210255
xich	51.0	198.4	274.5	91.5	123.2	285.0	380.7	0		159	20260917-210255
pqvl	66.7	326.0	450.9	95.8	165.8	441.8	0.0	1	pqvv	160	20260917-210255
wgnw	79.5	157.9	351.4	143.2	161.9	272.4	453.0	0		161	20260917-210255
fx	68.3	0.0	0.0	141.0	164.0	0.0	0.0	0		162	20260917-210255
nwkx	62.3	174.1	319.2	83.7	147.0	274.0	429.6	0		163	20260917-210255
shwk	75.9	210.5	260.9	92.3	157.7	313.1	353.9	0		164	20260917-210255
s;	49.9	0.0	0.0	97.1	145.3	0.0	0.0	0		165	20260917-210255
mb	74.6	0.0	0.0	93.7	160.6	0.0	0.0	0		166	20260917-210255
pect	41.4	262.1	369.8	93.1	107.1	383.4	438.5	0		167	20260917-210255
sgcg	78.9	323.1	436.0	110.9	214.7	472.7	564.7	0		168	20260917-210255
vere	0.0	0.0	0.0	0.0	0.0	0.0	0.0	1	w	169	20260917-210255
xiz;	104.5	219.6	296.3	83.4	178.9	338.5	391.3	0		170	20260917-210255
oy	75.7	0.0	0.0	146.4	158.4	0.0	0.0	0		171	20260917-210255
bbcy	160.8	335.8	458.8	79.0	251.0	436.9	528.8	0		172	20260917-210255
yycg	134.1	240.0	386.2	56.5	225.3	418.6	484.4	0		173	20260917-210255
duy;	60.0	215.7	317.6	86.5	130.5	316.9	441.0	0		174	20260917-210255
kikb	173.0	342.1	448.0	73.1	237.8	444.5	537.4	0		175	20260917-210255
g.gj	48.3	200.6	257.7	83.6	155.0	290.7	362.7	0		176	20260917-210255
lpyx	52.6	228.5	368.5	132.5	180.5	325.6	479.3	0		177	20260917-210255
dcud	204.7	305.9	436.8	74.8	281.9	403.9	531.1	0		178	20260917-210255
eh	60.8	0.0	0.0	92.8	155.7	0.0	0.0	0		179	20260917-210255
eh	44.2	0.0	0.0	92.4	135.1	0.0	0.0	0		180	20260917-210255
ozsk	79.8	285.6	370.9	107.6	204.0	406.3	478.7	0		181	20260917-210255
yrjf	61.8	197.6	281.9	70.3	139.1	292.8	385.4	0		182	20260917-210255
efhp	32.1	158.1	241.2	114.1	165.9	284.0	376.0	0		183	20260917-210255
qh	81.2	0.0	0.0	105.3	156.2	0.0	0.0	0		184	20260917-210255
yg	69.3	0.0	0.0	88.1	151.0	0.0	0.0	0		185	20260917-210255
ko	44.1	0.0	0.0	132.1	152.2	0.0	0.0	0		186	20260917-210255
;ugn	47.9	160.8	281.7	119.0	134.1	263.7	367.8	0		187	20260917-210255
lssd	101.7	256.4	449.1	84.6	184.5	362.1	522.0	0		188	20260917-210255
or	66.0	0.0	0.0	100.2	153.9	0.0	0.0	0		189	20260917-210255
my/p	201.0	357.3	572.0	84.6	269.2	466.3	664.1	0		190	20260917-210255
lm	74.3	0.0	0.0	142.3	206.7	0.0	0.0	0		191	20260917-210255
dx.e	199.3	327.3	544.2	75.0	289.8	439.6	634.2	0		192	20260917-210255
otyu	132.1	215.9	366.5	106.0	207.0	300.9	471.7	0		193	20260917-210255
ez;v	203.9	277.7	468.0	77.2	331.3	385.0	579.1	0		194	20260917-210255
;q	54.0	0.0	0.0	98.9	151.9	0.0	0.0	0		195	20260917-210255
cgnk	82.8	161.6	286.6	161.4	172.0	289.5	384.5	0		196	20260917-210255
onsd	66.8	177.5	278.2	167.7	168.0	352.0	412.3	0		197	20260917-210255
vw	95.0	0.0	0.0	169.1	208.8	0.0	0.0	0		198	20260917-210255
n,wj	100.2	198.6	326.8	173.8	229.1	313.6	441.7	0		199	20260917-210255
bb	157.2	0.0	0.0	59.9	239.0	0.0	0.0	0		200	20260917-210255
/y	101.2	0.0	0.0	155.9	192.9	0.0	0.0	0		201	20260917-210255
;pns	170.3	342.1	470.0	86.8	286.5	437.6	584.6	0		202	20260917-210255
pkp.	180.4	483.9	0.0	89.1	284.9	0.0	0.0	1	pko	203	20260917-210255
.jae	75.8	174.2	268.4	180.9	180.2	366.6	414.4	0		204	20260917-210255
kqe/	54.8	203.2	276.1	93.5	153.2	298.0	406.9	0		205	20260917-210255
xvaj	70.7	275.2	322.4	122.9	196.1	380.9	433.0	0		206	20260917-210255
/mwe	75.0	160.9	221.8	153.8	191.9	328.9	365.0	0		207	20260917-210255
hx;n	72.8	183.4	325.9	80.8	168.0	304.0	448.8	0		208	20260917-210255
uv,t	61.2	203.0	327.8	88.1	157.8	321.9	406.8	0		209	20260917-210255
,l	56.1	0.0	0.0	176.1	114.2	0.0	0.0	0		210	20260917-210255
cdmz	178.0	288.2	416.1	68.9	241.1	398.1	546.8	0		211	20260917-210255
zy	83.1	0.0	0.0	113.1	158.2	0.0	0.0	0		212	20260917-210255
yzed	41.8	227.1	424.3	85.7	157.1	304.3	531.8	0		213	20260917-210255
,acj	54.6	200.4	305.4	105.1	172.9	316.8	407.4	0		214	20260917-210255
eyrp	63.1	188.0	248.8	87.5	142.1	289.0	364.5	0		215	20260917-210255
bjjo	101.2	233.4	375.8	89.1	164.3	314.5	490.6	0		216	20260917-210255
.,tx	121.4	225.4	310.9	187.4	247.1	369.8	433.3	0		217	20260917-210255
lq	68.0	0.0	0.0	104.8	195.6	0.0	0.0	0		218	20260917-210255
eyda	75.9	225.9	300.5	81.6	153.8	349.5	436.4	0		219	20260917-210255
rlyd	57.8	187.7	320.1	91.7	146.9	283.9	430.9	0		220	20260917-210255
ko	53.7	0.0	0.0	149.1	162.7	0.0	0.0	0		221	20260917-210255
dz	61.0	0.0	0.0	132.8	200.8	0.0	0.0	0		222	20260917-210255
xl	49.4	0.0	0.0	106.7	149.4	0.0	0.0	0		223	20260917-210255
hlfy	33.9	140.0	234.3	109.9	130.8	244.1	319.4	0		224	20260917-210255
dysh	74.0	166.3	251.2	79.9	140.1	312.3	344.5	0		225	20260917-210255
sks,	62.1	167.9	275.9	77.0	149.8	273.0	403.9	0		226	20260917-210255
nz	62.9	0.0	0.0	102.8	195.7	0.0	0.0	0		227	20260917-210255
/omu	167.0	341.3	519.3	125.2	267.2	423.8	607.7	0		228	20260917-210255
bi	37.0	0.0	0.0	96.0	125.8	0.0	0.0	0		229	20260917-210255
pdeb	74.1	260.0	389.1	115.8	151.1	353.9	489.1	0		230	20260917-210255
jn	165.7	0.0	0.0	75.6	253.6	0.0	0.0	0		231	20260917-210255
heoq	72.8	168.2	305.8	81.7	171.5	259.0	422.9	0		232	20260917-210255
ko	76.5	0.0	0.0	147.2	177.3	0.0	0.0	0		233	20260917-210255
m.yv	29.6	236.4	310.6	123.4	148.4	320.8	429.4	0		234	20260917-210255
av	67.0	0.0	0.0	124.9	194.0	0.0	0.0	0		235	20260917-210255
dc	178.2	0.0	0.0	73.1	280.5	0.0	0.0	0		236	20260917-210255
q;w.	41.1	190.6	251.5	98.9	134.0	311.4	378.9	0		237	20260917-210255
s.ry	59.7	202.8	263.8	83.9	148.6	280.9	351.0	0		238	20260917-210255
.lek	174.1	225.4	358.1	74.2	274.4	307.3	467.6	0		239	20260917-210255
ahyu	60.0	210.2	362.0	111.6	129.7	299.2	472.7	0		240	20260917-210255
yntn	184.3	304.3	395.2	68.2	261.8	394.7	487.1	0		241	20260917-210255
ol	183.6	0.0	0.0	83.9	268.7	0.0	0.0	0		242	20260917-210255
zv;;	80.2	161.2	320.9	157.4	207.1	241.5	412.9	0		243	20260917-210255
fh;a	31.3	175.6	236.5	96.5	107.6	286.1	355.2	0		244	20260917-210255
zmoa	62.7	182.7	278.7	127.8	152.7	281.8	415.7	0		245	20260917-210255
hq	53.6	0.0	0.0	90.6	159.7	0.0	0.0	0		246	20260917-210255
ufbe	83.8	298.9	341.1	103.9	157.4	389.8	471.6	0		247	20260917-210255
ssna	146.9	279.2	364.8	75.9	242.9	371.9	481.0	0		248	20260917-210255
xffu	183.5	345.8	436.5	92.8	277.1	449.9	548.6	0		249	20260917-210255
xcfh	82.0	230.9	329.7	136.9	168.3	328.8	424.0	0		250	20260917-210255
dd	138.0	0.0	0.0	70.6	234.0	0.0	0.0	0		251	20260917-210255
bkds	76.9	182.1	374.8	80.0	183.7	402.8	580.0	0		252	20260917-210255
nz	53.1	0.0	0.0	99.9	196.2	0.0	0.0	0		253	20260917-210255
/nsu	67.9	176.0	302.9	152.9	167.8	296.8	400.0	0		254	20260917-210255
yvdp	24.3	178.0	241.0	82.9	128.8	265.8	351.1	0		255	20260917-210255
ms	53.8	0.0	0.0	103.9	160.1	0.0	0.0	0		256	20260917-210255
gfq/	179.3	367.3	495.7	75.8	290.6	486.8	614.3	0		257	20260917-210255
fkb,	95.5	241.9	348.4	99.4	182.8	330.9	478.7	0		258	20260917-210255
oi	56.0	0.0	0.0	140.9	189.7	0.0	0.0	0		259	20260917-210255
ygwr	32.7	180.0	285.8	76.7	114.1	356.2	406.9	0		260	20260917-210255
nowv	51.1	145.9	234.9	137.2	155.1	302.8	377.7	0		261	20260917-210255
ddtd	117.6	387.9	396.6	71.6	265.8	0.0	0.0	1	ddtg	262	20260917-210255
enal	47.1	208.6	267.9	91.9	142.2	334.8	382.2	0		263	20260917-210255
wopg	48.3	235.0	310.9	109.9	141.1	343.7	404.0	0		264	20260917-210255
vhpy	69.4	186.8	299.9	125.9	153.8	344.8	402.8	0		265	20260917-210255
.uhq	81.9	255.8	331.8	150.8	159.0	366.1	461.9	0		266	20260917-210255
t;wo	73.4	191.1	268.7	90.5	167.0	300.7	366.6	0		267	20260917-210255
ztnp	88.5	178.1	260.3	161.1	181.1	312.9	398.8	0		268	20260917-210255
.yuh	131.5	283.1	474.4	122.9	215.6	378.1	561.4	0		269	20260917-210255
uzce	16.2	221.7	412.4	84.6	132.1	289.3	502.3	0		270	20260917-210255
cxkc	50.9	158.9	279.0	118.7	155.9	234.1	381.2	0		271	20260917-210255
lx/s	96.8	212.0	312.5	100.7	186.8	320.4	429.7	0		272	20260917-210255
;m	56.3	0.0	0.0	124.7	181.1	0.0	0.0	0		273	20260917-210255
vo/,	26.2	267.0	466.1	123.4	130.5	410.5	561.3	0		274	20260917-210255
fo	52.9	0.0	0.0	97.8	145.8	0.0	0.0	0		275	20260917-210255
v,fv	85.0	211.8	404.0	99.7	194.5	311.0	499.1	0		276	20260917-210255
m;c,	18.6	186.9	284.9	156.8	127.1	275.8	391.2	0		277	20260917-210255
hjie	192.8	262.5	396.7	76.9	325.1	384.8	483.2	0		278	20260917-210255
ussw	117.6	265.0	468.6	100.4	193.3	362.6	563.8	0		279	20260917-210255
/wcw	74.3	303.0	372.0	132.0	191.1	424.8	525.6	0		280	20260917-210255
r.	49.2	0.0	0.0	91.1	155.3	0.0	0.0	0		281	20260917-210255
ug/d	95.8	172.2	293.8	99.2	182.1	297.0	389.6	0		282	20260917-210255
si	50.3	0.0	0.0	111.0	139.6	0.0	0.0	0		283	20260917-210255
iowb	102.9	144.2	252.3	168.3	248.2	278.7	373.9	0		284	20260917-210255
/ajr	101.1	188.7	324.8	125.0	204.1	292.8	428.8	0		285	20260917-210255
;,,h	202.4	352.2	562.4	103.9	283.9	474.1	656.7	0		286	20260917-210255
fz	66.7	0.0	0.0	124.8	211.6	0.0	0.0	0		287	20260917-210255
f/,j	21.2	196.0	353.1	118.1	155.1	292.2	475.9	0		288	20260917-210255
mkhh	45.1	243.7	398.4	113.5	125.1	325.8	482.4	0		289	20260917-210255
xe	137.8	0.0	0.0	192.6	237.0	0.0	0.0	0		290	20260917-210255
aluv	40.0	155.2	305.6	110.8	145.2	271.0	431.0	0		291	20260917-210255
as	76.8	0.0	0.0	202.6	226.8	0.0	0.0	0		292	20260917-210255
.,	40.0	0.0	0.0	154.2	225.4	0.0	0.0	0		293	20260917-210255
f,/t	48.1	149.0	281.8	87.2	196.1	271.0	378.2	0		294	20260917-210255
hexn	30.8	272.2	331.2	99.2	121.3	381.1	416.6	0		295	20260917-210255
bbrq	160.0	387.0	484.8	84.0	258.6	524.1	594.9	0		296	20260917-210255
fg	188.1	0.0	0.0	92.8	287.6	0.0	0.0	0		297	20260917-210255
x,ny	83.4	178.6	382.5	109.9	166.7	274.8	473.0	0		298	20260917-210255
so	75.5	0.0	0.0	101.7	173.4	0.0	0.0	0		299	20260917-210255
q/zb	62.9	282.2	367.7	97.0	179.0	396.8	455.6	0		300	20260917-210255
ih;i	65.4	187.0	332.2	136.4	168.3	340.9	457.8	0		301	20260917-210255
z.	53.0	0.0	0.0	125.1	176.2	0.0	0.0	0		302	20260917-210255
npab	52.6	164.6	247.3	121.3	148.4	298.1	360.2	0		303	20260917-210255
,g	42.6	0.0	0.0	101.0	128.4	0.0	0.0	0		304	20260917-210255
uv	50.0	0.0	0.0	107.8	164.1	0.0	0.0	0		305	20260917-210255
.alf	94.1	190.3	292.0	90.0	192.7	288.3	392.3	0		306	20260917-210255
tkso	75.5	157.3	260.8	74.9	158.5	256.7	368.8	0		307	20260917-210255
twef	50.0	269.4	289.5	123.5	217.8	367.4	484.7	0		308	20260917-210255
duqw	61.6	169.1	321.6	78.5	146.7	470.8	525.5	0		309	20260917-210255
qi/l	79.4	259.6	456.9	103.4	178.6	373.9	572.4	0		310	20260917-210255
za	212.9	0.0	0.0	110.7	316.8	0.0	0.0	0		311	20260917-210255
wfrd	67.3	303.5	396.0	139.2	192.3	457.9	505.9	0		312	20260917-210255
kk	146.9	0.0	0.0	69.4	228.8	0.0	0.0	0		313	20260917-210255
.iwr	99.5	275.6	380.6	193.7	226.4	453.8	509.4	0		314	20260917-210255
t,	28.2	0.0	0.0	97.8	157.8	0.0	0.0	0		315	20260917-210255
llag	147.6	246.9	357.9	67.8	242.6	392.0	501.1	0		316	20260917-210255
an	50.6	0.0	0.0	100.4	143.6	0.0	0.0	0		317	20260917-210255
gniz	106.9	210.5	336.2	96.4	262.5	292.3	479.1	0		318	20260917-210255
y,	78.1	0.0	0.0	163.9	230.7	0.0	0.0	0		319	20260917-210255
em,n	63.3	244.2	536.3	100.3	277.4	440.1	638.2	0		320	20260917-210255
.cvi	99.8	177.9	238.9	96.0	247.8	306.7	344.9	0		321	20260917-210255
oo	134.5	0.0	0.0	78.6	234.4	0.0	0.0	0		322	20260917-210255
hazg	61.9	288.2	427.7	95.0	172.9	430.5	549.0	0		323	20260917-210255
x,t/	75.8	220.2	311.7	80.2	172.0	310.8	397.7	0		324	20260917-210255
ud	46.0	0.0	0.0	96.8	130.1	0.0	0.0	0		325	20260917-210255
.zp;	93.9	236.7	441.9	105.5	214.8	312.7	527.0	0		326	20260917-210255
ca	79.0	0.0	0.0	119.3	206.1	0.0	0.0	0		327	20260917-210255
cksd	74.2	206.9	291.6	89.8	161.0	363.1	397.0	0		328	20260917-210255
ifqy	63.2	216.1	276.2	99.9	155.1	318.0	353.8	0		329	20260917-210255
pjjo	182.5	329.4	522.3	84.9	256.5	427.2	650.3	0		330	20260917-210255
,.oq	0.0	0.0	0.0	0.0	0.0	0.0	0.0	1	.	331	20260917-210255
.h	67.9	0.0	0.0	141.6	173.1	0.0	0.0	0		332	20260917-210255
gleo	67.8	153.0	279.8	88.9	161.9	247.5	368.7	0		333	20260917-210255
gbxt	195.4	305.3	473.8	80.0	270.1	513.5	563.4	0		334	20260917-210255
o.s/	203.6	282.5	424.6	86.7	277.9	378.6	543.0	0		335	20260917-210255
qnep	80.1	188.0	289.3	104.3	171.3	284.0	396.4	0		336	20260917-210255
;wox	87.3	172.3	340.8	87.6	189.2	257.1	449.0	0		337	20260917-210255
zw	298.3	0.0	0.0	123.3	467.8	0.0	0.0	0		338	20260917-210255
yrvz	59.9	301.2	387.7	103.9	150.9	0.0	0.0	1	yrvx	339	20260917-210255
kdjl	81.9	207.9	281.1	97.9	161.7	0.0	0.0	1	kdji	340	20260917-210255
jfkm	65.5	186.1	251.1	84.8	165.8	315.0	400.3	0		341	20260917-210255
wc	220.0	0.0	0.0	84.6	332.9	0.0	0.0	0		342	20260917-210255
rakn	80.9	164.3	267.9	148.8	197.1	226.7	383.9	0		343	20260917-210255
/p	203.3	0.0	0.0	97.2	284.4	0.0	0.0	0		344	20260917-210255
gqhf	40.8	151.1	252.0	129.8	143.8	246.1	366.4	0		345	20260917-210255
bi	39.2	0.0	0.0	74.0	117.1	0.0	0.0	0		346	20260917-210255
h,.q	180.9	309.9	387.6	59.9	381.5	414.8	533.3	0		347	20260917-210255
uxo.	62.3	146.2	362.3	82.3	172.3	252.4	502.3	0		348	20260917-210255
m;sy	36.5	123.7	251.8	113.6	146.4	243.6	330.8	0		349	20260917-210255
lphx	170.1	326.8	424.7	90.7	295.6	420.8	532.9	0		350	20260917-210255
bsdk	54.9	224.0	288.9	112.8	142.7	303.3	382.4	0		351	20260917-210255
cmho	65.7	234.0	286.8	85.2	133.6	333.4	390.6	0		352	20260917-210255
uihv	56.0	253.9	320.8	134.8	154.5	349.7	436.4	0		353	20260917-210255
ne	47.4	0.0	0.0	91.7	125.3	0.0	0.0	0		354	20260917-210255
huuc	177.1	300.9	412.1	79.1	249.7	398.1	510.0	0		355	20260917-210255
uz	37.7	0.0	0.0	92.8	161.6	0.0	0.0	0		356	20260917-210255
kgsi	72.0	193.4	224.9	87.2	150.6	287.5	320.5	0		357	20260917-210255
/uov	207.8	245.9	384.9	125.0	333.5	312.7	492.6	0		358	20260917-210255
wqel	55.0	234.1	310.0	129.0	145.8	339.9	421.1	0		359	20260917-210255
evr;	58.2	265.4	299.7	102.1	146.1	353.2	419.8	0		360	20260917-210255
as	57.5	0.0	0.0	176.7	177.2	0.0	0.0	0		361	20260917-210255
gexb	43.3	254.6	364.7	103.1	122.1	347.7	455.6	0		362	20260917-210255
jrjh	61.8	162.9	320.3	83.3	136.7	237.8	400.7	0		363	20260917-210255
cw	49.1	0.0	0.0	133.9	172.2	0.0	0.0	0		364	20260917-210255
.i	97.7	0.0	0.0	172.9	220.5	0.0	0.0	0		365	20260917-210255
xn	37.1	0.0	0.0	101.3	129.3	0.0	0.0	0		366	20260917-210255
;bo,	96.5	216.9	436.9	100.7	191.6	305.8	512.3	0		367	20260917-210255
ptrm	70.9	245.8	319.9	92.8	152.6	333.5	415.9	0		368	20260917-210255
hz	45.6	0.0	0.0	87.4	172.6	0.0	0.0	0		369	20260917-210255
mo	55.5	0.0	0.0	127.3	126.9	0.0	0.0	0		370	20260917-210255
lf.b	82.0	214.5	304.0	91.5	163.0	326.2	388.1	0		371	20260917-210255
c.gw	56.1	191.9	330.1	91.5	170.6	320.2	472.3	0		372	20260917-210255
r/	15.3	0.0	0.0	75.2	116.3	0.0	0.0	0		373	20260917-210255
lqxo	39.1	251.9	301.9	94.6	129.0	356.2	397.1	0		374	20260917-210255
,p/q	56.8	287.2	401.3	146.3	163.8	375.5	509.2	0		375	20260917-210255
,lkb	198.5	303.5	540.5	105.2	383.4	434.5	640.3	0		376	20260917-210255
ct,w	108.6	141.2	323.1	140.9	185.4	248.6	446.6	0		377	20260917-210255
dmui	44.8	214.2	294.2	79.9	121.0	358.0	409.1	0		378	20260917-210255
jj	125.8	0.0	0.0	60.0	202.7	0.0	0.0	0		379	20260917-210255
vyiz	75.1	147.3	342.3	107.2	148.9	257.4	506.2	0		380	20260917-210255
l.	159.9	0.0	0.0	75.9	244.7	0.0	0.0	0		381	20260917-210255
giv;	44.1	205.2	247.0	76.4	122.9	298.1	344.5	0		382	20260917-210255
an	30.8	0.0	0.0	96.8	126.0	0.0	0.0	0		383	20260917-210255
xcww	26.0	264.3	426.9	129.2	122.8	353.3	530.6	0		384	20260917-210255
s;	67.8	0.0	0.0	93.0	153.2	0.0	0.0	0		385	20260917-210255
miyh	54.4	235.3	407.1	115.2	159.4	311.5	477.3	0		386	20260917-210255
sg	104.3	0.0	0.0	138.2	228.2	0.0	0.0	0		387	20260917-210255
wim,	33.5	164.9	346.9	106.1	126.1	393.7	504.1	0		388	20260917-210255
eczp	212.0	365.9	475.8	84.7	294.4	509.2	576.9	0		389	20260917-210255
qdoe	99.5	242.5	333.1	159.5	213.4	338.3	440.0	0		390	20260917-210255
pjnl	59.0	250.2	296.1	106.2	161.2	380.0	468.2	0		391	20260917-210255
exye	202.0	341.2	525.5	71.0	283.1	416.5	595.1	0		392	20260917-210255
hl	74.0	0.0	0.0	90.2	182.9	0.0	0.0	0		393	20260917-210255
.s	40.6	0.0	0.0	120.7	147.7	0.0	0.0	0		394	20260917-210255
ac	126.1	0.0	0.0	151.8	241.1	0.0	0.0	0		395	20260917-210255
zf	83.8	0.0	0.0	157.7	187.7	0.0	0.0	0		396	20260917-210255
ls	39.2	0.0	0.0	107.2	151.8	0.0	0.0	0		397	20260917-210255
ftkc	194.6	274.5	419.1	74.4	265.6	369.4	521.4	0		398	20260917-210255
s/jk	46.7	180.9	291.2	115.0	147.0	342.8	412.1	0		399	20260917-210255
rl	34.9	0.0	0.0	89.8	134.9	0.0	0.0	0		400	20260917-210255
itsr	54.0	208.0	306.0	91.5	139.8	350.6	421.4	0		401	20260917-210255
ohcy	89.7	186.0	271.2	145.0	174.1	311.9	365.0	0		402	20260917-210255
l.j/	185.0	334.0	516.2	84.8	284.5	458.0	646.3	0		403	20260917-210255
nx	85.2	0.0	0.0	101.8	188.3	0.0	0.0	0		404	20260917-210255
ugwu	63.6	184.9	225.9	100.8	142.5	299.6	343.0	0		405	20260917-210255
ek	29.4	0.0	0.0	80.8	117.5	0.0	0.0	0		406	20260917-210255
vuha	26.4	205.7	343.2	92.8	98.9	301.1	492.8	0		407	20260917-210255
ai	31.3	0.0	0.0	106.0	109.3	0.0	0.0	0		408	20260917-210255
//ap	150.0	293.4	422.2	79.9	270.2	413.6	533.7	0		409	20260917-210255
.jbi	60.6	163.9	249.6	119.5	164.3	252.5	344.4	0		410	20260917-210255
tz	73.3	0.0	0.0	135.1	235.0	0.0	0.0	0		411	20260917-210255
zjuy	64.5	205.8	369.3	132.9	139.8	303.5	456.0	0		412	20260917-210255
tkz/	84.9	219.8	296.0	111.7	166.3	349.4	415.8	0		413	20260917-210255
iqoj	95.7	183.1	254.6	91.8	200.7	304.5	376.1	0		414	20260917-210255
lhrk	76.7	181.1	273.7	147.3	154.7	280.6	376.8	0		415	20260917-210255
lkkn	178.9	300.8	487.6	82.8	243.8	382.8	577.6	0		416	20260917-210255
dg	87.0	0.0	0.0	127.6	213.3	0.0	0.0	0		417	20260917-210255
cc	149.4	0.0	0.0	74.9	232.9	0.0	0.0	0		418	20260917-210255
vaic	81.8	218.4	229.1	140.2	174.6	0.0	0.0	1	vaiu	1	20260918-200721
bn	53.1	0.0	0.0	80.0	150.1	0.0	0.0	0		2	20260918-200721
oqfc	30.4	186.0	467.2	108.8	155.7	316.1	626.3	0		3	20260918-200721
ll	140.9	0.0	0.0	74.6	227.4	0.0	0.0	0		4	20260918-200721
zy	70.8	0.0	0.0	117.1	143.2	0.0	0.0	0		5	20260918-200721
lt	70.7	0.0	0.0	102.5	153.7	0.0	0.0	0		6	20260918-200721
fmkt	72.3	171.2	274.4	88.4	175.4	278.0	351.1	0		7	20260918-200721
zr	95.0	0.0	0.0	161.0	197.5	0.0	0.0	0		8	20260918-200721
eism	69.0	213.8	277.7	81.5	161.1	297.9	377.3	0		9	20260918-200721
/rr.	105.0	249.7	366.3	85.0	176.0	337.7	487.6	0		10	20260918-200721
vu	58.7	0.0	0.0	123.9	161.7	0.0	0.0	0		11	20260918-200721
xa	97.2	0.0	0.0	159.7	234.8	0.0	0.0	0		12	20260918-200721
anbt	55.4	209.8	424.4	92.9	158.1	299.3	496.6	0		13	20260918-200721
xji.	75.4	158.9	403.2	95.8	238.7	268.5	515.9	0		14	20260918-200721
//vx	152.2	289.7	389.3	82.3	247.4	454.9	514.0	0		15	20260918-200721
b,nr	82.1	233.7	327.2	88.7	176.7	337.4	424.0	0		16	20260918-200721
nfwf	76.3	193.3	344.3	112.1	180.0	375.8	477.4	0		17	20260918-200721
..	133.4	0.0	0.0	66.9	217.6	0.0	0.0	0		18	20260918-200721
lhx.	36.5	155.9	224.8	97.1	114.4	248.1	333.3	0		19	20260918-200721
nz	96.7	0.0	0.0	88.0	207.0	0.0	0.0	0		20	20260918-200721
wjab	70.8	221.8	308.8	98.0	152.4	365.1	420.4	0		21	20260918-200721
;.	191.7	0.0	0.0	84.3	290.9	0.0	0.0	0		22	20260918-200721
pp	132.0	0.0	0.0	72.3	213.9	0.0	0.0	0		23	20260918-200721
ro,d	79.4	240.1	349.5	90.0	155.6	368.5	429.6	0		24	20260918-200721
qi	73.5	0.0	0.0	106.9	160.7	0.0	0.0	0		25	20260918-200721
fvjw	191.0	317.8	396.9	69.3	270.2	406.1	488.9	0		26	20260918-200721
pdxj	55.6	237.9	284.0	105.6	116.9	337.2	406.3	0		27	20260918-200721
r.n;	63.2	179.2	327.3	95.9	171.1	369.1	463.6	0		28	20260918-200721
tg	166.1	0.0	0.0	75.7	261.3	0.0	0.0	0		29	20260918-200721
/c	62.1	0.0	0.0	110.4	144.8	0.0	0.0	0		30	20260918-200721
wscf	190.0	451.6	580.8	76.9	297.0	642.5	678.1	0		31	20260918-200721
/wco	81.5	296.4	352.0	101.1	164.6	393.7	457.1	0		32	20260918-200721
sedt	47.1	304.5	392.2	114.3	148.2	436.8	487.4	0		33	20260918-200721
uhd,	156.8	258.6	363.7	82.1	234.6	337.6	476.0	0		34	20260918-200721
gf	182.8	0.0	0.0	71.0	263.0	0.0	0.0	0		35	20260918-200721
bjuv	43.2	211.5	265.5	69.5	129.1	307.6	390.1	0		36	20260918-200721
fd.m	110.4	138.7	201.4	123.7	207.5	261.6	343.7	0		37	20260918-200721
kn	52.9	0.0	0.0	100.9	135.0	0.0	0.0	0		38	20260918-200721
tyoe	69.7	187.0	230.9	77.3	142.4	292.7	306.2	0		39	20260918-200721
mxld	92.7	179.3	274.4	100.1	175.8	297.3	350.0	0		40	20260918-200721
kxfv	60.7	185.5	389.3	97.0	174.4	292.6	486.3	0		41	20260918-200721
piyu	30.0	0.0	0.0	0.0	0.0	0.0	0.0	1	po	42	20260918-200721
gyon	40.5	180.8	279.2	96.6	117.5	353.6	409.2	0		43	20260918-200721
ii	114.3	0.0	0.0	57.5	204.3	0.0	0.0	0		44	20260918-200721
zl	40.7	0.0	0.0	113.6	133.3	0.0	0.0	0		45	20260918-200721
yh	141.8	0.0	0.0	68.7	236.8	0.0	0.0	0		46	20260918-200721
,i	171.2	0.0	0.0	70.7	254.2	0.0	0.0	0		47	20260918-200721
/n	39.8	0.0	0.0	135.2	139.5	0.0	0.0	0		48	20260918-200721
.rh/	86.5	158.7	286.0	97.7	168.7	280.2	413.7	0		49	20260918-200721
